scenario,metric,comparison_pair,condition_a,condition_b,test_type,statistic,p_value,p_value_adj_fdr,effect_size_cohen_d,ci_lower_95,ci_upper_95,n_pairs,caution_flag
grid_3_light,total_vehicles,signal_only_vs_baseline,signal_only,baseline,paired_ttest,2.9861063634713583,0.01529724641872895,0.0484895570170984,0.9442897444092114,17.2,73.4075,10,none
grid_3_light,total_vehicles,signal_only_vs_baseline,signal_only,baseline,wilcoxon_signed_rank,0.0,0.027707849358079864,0.0630107437178669,0.9442897444092114,17.2,73.4075,10,none
grid_3_light,total_vehicles,vsl_only_vs_baseline,vsl_only,baseline,paired_ttest,2.817541964207552,0.020127626599480447,0.05230008878812714,0.8909850010000476,13.8,72.61999999999998,10,none
grid_3_light,total_vehicles,vsl_only_vs_baseline,vsl_only,baseline,wilcoxon_signed_rank,0.0,0.04216819709715596,0.08325548344318,0.8909850010000476,13.8,72.61999999999998,10,none
grid_3_light,total_vehicles,routing_only_vs_baseline,routing_only,baseline,paired_ttest,-1.4999999999999998,0.16785065605707492,0.2816370558560658,-0.4743416490252569,-1.4,0.0,10,none
grid_3_light,total_vehicles,routing_only_vs_baseline,routing_only,baseline,wilcoxon_signed_rank,0.0,0.10247043485974937,0.1779331582060764,-0.4743416490252569,-1.4,0.0,10,none
grid_3_light,total_vehicles,signal_and_routing_vs_baseline,signal_and_routing,baseline,paired_ttest,15.454571982694446,8.702102547842821e-08,4.3317132682595375e-06,4.887164772833878,89.39750000000001,114.10249999999999,10,none
grid_3_light,total_vehicles,signal_and_routing_vs_baseline,signal_and_routing,baseline,wilcoxon_signed_rank,0.0,0.001953125,0.008413461538461538,4.887164772833878,89.39750000000001,114.10249999999999,10,none
grid_3_light,total_vehicles,signal_and_vsl_vs_baseline,signal_and_vsl,baseline,paired_ttest,23.229107858827323,1.2529830481670908e-08,2.8066820278942833e-06,7.743035952942441,148.77777777777777,175.0,9,use_with_caution_small_n
grid_3_light,total_vehicles,signal_and_vsl_vs_baseline,signal_and_vsl,baseline,wilcoxon_signed_rank,0.0,0.00390625,0.015217391304347827,7.743035952942441,148.77777777777777,175.0,9,use_with_caution_small_n
grid_3_light,total_vehicles,vsl_and_routing_vs_baseline,vsl_and_routing,baseline,paired_ttest,9.808213492639927,4.203094568307513e-06,7.242255256160638e-05,3.1016294413937318,82.9,121.2,10,none
grid_3_light,total_vehicles,vsl_and_routing_vs_baseline,vsl_and_routing,baseline,wilcoxon_signed_rank,0.0,0.001953125,0.008413461538461538,3.1016294413937318,82.9,121.2,10,none
grid_3_light,total_vehicles,combined_vs_baseline,combined,baseline,paired_ttest,2.9553062942480475,0.016081674655301588,0.0484895570170984,0.93454990732556,29.0,124.6,10,none
grid_3_light,total_vehicles,combined_vs_baseline,combined,baseline,wilcoxon_signed_rank,0.0,0.027707849358079864,0.0630107437178669,0.93454990732556,29.0,124.6,10,none
grid_3_light,total_vehicles,signal_and_routing_vs_signal_only,signal_and_routing,signal_only,paired_ttest,2.756827726437165,0.022227181284774234,0.05501534373247987,0.8717854732245031,19.1975,95.5025,10,none
grid_3_light,total_vehicles,signal_and_routing_vs_signal_only,signal_and_routing,signal_only,wilcoxon_signed_rank,14.0,0.193359375,0.31170173633918297,0.8717854732245031,19.1975,95.5025,10,none
grid_3_light,total_vehicles,signal_and_routing_vs_routing_only,signal_and_routing,routing_only,paired_ttest,15.793351176866942,7.204603173583912e-08,4.034577777206991e-06,4.994296160580031,89.7975,114.3025,10,none
grid_3_light,total_vehicles,signal_and_routing_vs_routing_only,signal_and_routing,routing_only,wilcoxon_signed_rank,0.0,0.001953125,0.008413461538461538,4.994296160580031,89.7975,114.3025,10,none
grid_3_light,total_vehicles,signal_and_routing_vs_combined,signal_and_routing,combined,paired_ttest,0.8567280261905411,0.4138243786864735,0.602496259261855,0.27092118980624985,-30.202499999999997,83.61499999999998,10,none
grid_3_light,total_vehicles,signal_and_routing_vs_combined,signal_and_routing,combined,wilcoxon_signed_rank,15.0,0.232421875,0.35416666666666663,0.27092118980624985,-30.202499999999997,83.61499999999998,10,none
grid_3_light,total_vehicles,signal_only_vs_vsl_only,signal_only,vsl_only,paired_ttest,0.44743399277595003,0.6651364280637748,0.9002450748416047,0.1414910519755327,-6.0049999999999955,9.4,10,none
grid_3_light,total_vehicles,signal_only_vs_vsl_only,signal_only,vsl_only,wilcoxon_signed_rank,9.0,0.7531523647659145,0.9953163994546599,0.1414910519755327,-6.0049999999999955,9.4,10,none
grid_3_light,total_vehicles,signal_only_vs_routing_only,signal_only,routing_only,paired_ttest,2.9809130122528535,0.015426706504152017,0.0484895570170984,0.9426474625552429,17.3,74.4,10,none
grid_3_light,total_vehicles,signal_only_vs_routing_only,signal_only,routing_only,wilcoxon_signed_rank,0.0,0.027707849358079864,0.0630107437178669,0.9426474625552429,17.3,74.4,10,none
grid_3_light,total_vehicles,vsl_only_vs_routing_only,vsl_only,routing_only,paired_ttest,2.8270537926252794,0.01981748091567046,0.05230008878812714,0.8939929052513212,14.3,73.61499999999998,10,none
grid_3_light,total_vehicles,vsl_only_vs_routing_only,vsl_only,routing_only,wilcoxon_signed_rank,0.0,0.043114446783075355,0.08325548344318,0.8939929052513212,14.3,73.61499999999998,10,none
grid_3_light,total_vehicles,combined_vs_signal_only,combined,signal_only,paired_ttest,2.8834485194825823,0.01807616461003217,0.049681728498738725,0.9118264837405357,11.1,50.51249999999999,10,none
grid_3_light,total_vehicles,combined_vs_signal_only,combined,signal_only,wilcoxon_signed_rank,0.0,0.043114446783075355,0.08325548344318,0.9118264837405357,11.1,50.51249999999999,10,none
grid_3_light,total_vehicles,combined_vs_vsl_only,combined,vsl_only,paired_ttest,2.7854004294230075,0.021212697367372357,0.05309099676303249,0.8808209552587787,10.797500000000003,52.71749999999999,10,none
grid_3_light,total_vehicles,combined_vs_vsl_only,combined,vsl_only,wilcoxon_signed_rank,0.0,0.027707849358079864,0.0630107437178669,0.8808209552587787,10.797500000000003,52.71749999999999,10,none
grid_3_light,total_vehicles,combined_vs_routing_only,combined,routing_only,paired_ttest,2.952237575596439,0.016162058358460154,0.0484895570170984,0.9335794932818278,29.0,125.0,10,none
grid_3_light,total_vehicles,combined_vs_routing_only,combined,routing_only,wilcoxon_signed_rank,0.0,0.027707849358079864,0.0630107437178669,0.9335794932818278,29.0,125.0,10,none
grid_3_light,avg_speed,signal_only_vs_baseline,signal_only,baseline,paired_ttest,-10.171020557296739,3.106653375762907e-06,6.031859096382807e-05,-3.216359108945282,-4.8256618890848,-3.3341919130377007,10,none
grid_3_light,avg_speed,signal_only_vs_baseline,signal_only,baseline,wilcoxon_signed_rank,0.0,0.001953125,0.008413461538461538,-3.216359108945282,-4.8256618890848,-3.3341919130377007,10,none
grid_3_light,avg_speed,vsl_only_vs_baseline,vsl_only,baseline,paired_ttest,-2.9294004402580085,0.01677335547812066,0.048795215936351014,-0.9263577569915316,-5.301487823491002,-1.1804758493560343,10,none
grid_3_light,avg_speed,vsl_only_vs_baseline,vsl_only,baseline,wilcoxon_signed_rank,0.0,0.043114446783075355,0.08325548344318,-0.9263577569915316,-5.301487823491002,-1.1804758493560343,10,none
grid_3_light,avg_speed,routing_only_vs_baseline,routing_only,baseline,paired_ttest,-1.386382272012861,0.1990091264371381,0.3195558732754046,-0.43841256872397516,-0.3259421345663339,0.004044947478695526,10,none
grid_3_light,avg_speed,routing_only_vs_baseline,routing_only,baseline,wilcoxon_signed_rank,2.0,0.13801073756865953,0.23598782607160101,-0.43841256872397516,-0.3259421345663339,0.004044947478695526,10,none
grid_3_light,avg_speed,signal_and_routing_vs_baseline,signal_and_routing,baseline,paired_ttest,-9.736615956814225,4.466434410750871e-06,7.410972651912556e-05,-3.0789883125872595,-8.164945323677658,-5.585743089994998,10,none
grid_3_light,avg_speed,signal_and_routing_vs_baseline,signal_and_routing,baseline,wilcoxon_signed_rank,0.0,0.001953125,0.008413461538461538,-3.0789883125872595,-8.164945323677658,-5.585743089994998,10,none
grid_3_light,avg_speed,signal_and_vsl_vs_baseline,signal_and_vsl,baseline,paired_ttest,-20.673885848935775,3.139375020238258e-08,2.8128800181334788e-06,-6.891295282978591,-9.004221193405291,-7.517787565866543,9,use_with_caution_small_n
grid_3_light,avg_speed,signal_and_vsl_vs_baseline,signal_and_vsl,baseline,wilcoxon_signed_rank,0.0,0.00390625,0.015217391304347827,-6.891295282978591,-9.004221193405291,-7.517787565866543,9,use_with_caution_small_n
grid_3_light,avg_speed,vsl_and_routing_vs_baseline,vsl_and_routing,baseline,paired_ttest,-16.61497185452227,4.6276781340497045e-08,3.455333006757113e-06,-5.254115431988216,-8.074959728150976,-6.443300327639504,10,none
grid_3_light,avg_speed,vsl_and_routing_vs_baseline,vsl_and_routing,baseline,wilcoxon_signed_rank,0.0,0.001953125,0.008413461538461538,-5.254115431988216,-8.074959728150976,-6.443300327639504,10,none
grid_3_light,avg_speed,combined_vs_baseline,combined,baseline,paired_ttest,-6.796572172515965,7.936007931692443e-05,0.0008888328883495536,-2.1492648346869303,-6.614480480606045,-3.7267199705041723,10,none
grid_3_light,avg_speed,combined_vs_baseline,combined,baseline,wilcoxon_signed_rank,0.0,0.001953125,0.008413461538461538,-2.1492648346869303,-6.614480480606045,-3.7267199705041723,10,none
grid_3_light,avg_speed,signal_and_routing_vs_signal_only,signal_and_routing,signal_only,paired_ttest,-2.8234247189883064,0.01993523298542815,0.05230008878812714,-0.8928452914023904,-4.689343826902672,-0.9597088864669688,10,none
grid_3_light,avg_speed,signal_and_routing_vs_signal_only,signal_and_routing,signal_only,wilcoxon_signed_rank,8.0,0.048828125,0.09229957805907173,-0.8928452914023904,-4.689343826902672,-0.9597088864669688,10,none
grid_3_light,avg_speed,signal_and_routing_vs_routing_only,signal_and_routing,routing_only,paired_ttest,-9.27573983903173,6.665858426561821e-06,9.954348583665653e-05,-2.933246487450387,-8.09303249267599,-5.438412514329873,10,none
grid_3_light,avg_speed,signal_and_routing_vs_routing_only,signal_and_routing,routing_only,wilcoxon_signed_rank,0.0,0.001953125,0.008413461538461538,-2.933246487450387,-8.09303249267599,-5.438412514329873,10,none
grid_3_light,avg_speed,signal_and_routing_vs_combined,signal_and_routing,combined,paired_ttest,-1.258125989881158,0.24000546132444836,0.36325150903159753,-0.39785437114784156,-4.271160363108464,0.7558202914689109,10,none
grid_3_light,avg_speed,signal_and_routing_vs_combined,signal_and_routing,combined,wilcoxon_signed_rank,15.0,0.232421875,0.35416666666666663,-0.39785437114784156,-4.271160363108464,0.7558202914689109,10,none
grid_3_light,avg_speed,signal_only_vs_vsl_only,signal_only,vsl_only,paired_ttest,-1.2174953050307074,0.2543735254232739,0.38241389056921715,-0.3850058204458492,-2.242449434725565,0.5133625851256471,10,none
grid_3_light,avg_speed,signal_only_vs_vsl_only,signal_only,vsl_only,wilcoxon_signed_rank,15.0,0.232421875,0.35416666666666663,-0.3850058204458492,-2.242449434725565,0.5133625851256471,10,none
grid_3_light,avg_speed,signal_only_vs_routing_only,signal_only,routing_only,paired_ttest,-11.253065096835345,1.3285814695783794e-06,3.0996948768592044e-05,-3.5585316364142923,-4.58076620504538,-3.2662993291638593,10,none
grid_3_light,avg_speed,signal_only_vs_routing_only,signal_only,routing_only,wilcoxon_signed_rank,0.0,0.001953125,0.008413461538461538,-3.5585316364142923,-4.58076620504538,-3.2662993291638593,10,none
grid_3_light,avg_speed,vsl_only_vs_routing_only,vsl_only,routing_only,paired_ttest,-2.9557247923765435,0.0160707441038092,0.0484895570170984,-0.9346822480538165,-5.032427642183887,-1.1517220565667443,10,none
grid_3_light,avg_speed,vsl_only_vs_routing_only,vsl_only,routing_only,wilcoxon_signed_rank,0.0,0.043114446783075355,0.08325548344318,-0.9346822480538165,-5.032427642183887,-1.1517220565667443,10,none
grid_3_light,avg_speed,combined_vs_signal_only,combined,signal_only,paired_ttest,-2.8905514202182605,0.017868213460029425,0.049681728498738725,-0.9140726181724186,-1.8085116740356633,-0.3852758315547896,10,none
grid_3_light,avg_speed,combined_vs_signal_only,combined,signal_only,wilcoxon_signed_rank,0.0,0.043114446783075355,0.08325548344318,-0.9140726181724186,-1.8085116740356633,-0.3852758315547896,10,none
grid_3_light,avg_speed,combined_vs_vsl_only,combined,vsl_only,paired_ttest,-5.016427539225264,0.0007225975342695427,0.007193859896727892,-1.5863336741145486,-2.713856976491255,-1.1948193869218993,10,none
grid_3_light,avg_speed,combined_vs_vsl_only,combined,vsl_only,wilcoxon_signed_rank,0.0,0.001953125,0.008413461538461538,-1.5863336741145486,-2.713856976491255,-1.1948193869218993,10,none
grid_3_light,avg_speed,combined_vs_routing_only,combined,routing_only,paired_ttest,-7.011016524085857,6.248331628521727e-05,0.0007177570691224959,-2.2170780929188068,-6.387602933740173,-3.649800166654983,10,none
grid_3_light,avg_speed,combined_vs_routing_only,combined,routing_only,wilcoxon_signed_rank,0.0,0.001953125,0.008413461538461538,-2.2170780929188068,-6.387602933740173,-3.649800166654983,10,none
grid_3_light,avg_waiting_time,signal_only_vs_baseline,signal_only,baseline,paired_ttest,3.6455648665362363,0.005354330409402867,0.019989500195104037,1.152828833614226,10.129244851208771,31.024395800284935,10,none
grid_3_light,avg_waiting_time,signal_only_vs_baseline,signal_only,baseline,wilcoxon_signed_rank,0.0,0.001953125,0.008413461538461538,1.152828833614226,10.129244851208771,31.024395800284935,10,none
grid_3_light,avg_waiting_time,vsl_only_vs_baseline,vsl_only,baseline,paired_ttest,2.424582381736253,0.03832155210746685,0.08325548344318,0.7667202701002394,0.48936213533903866,3.1282652564590228,10,none
grid_3_light,avg_waiting_time,vsl_only_vs_baseline,vsl_only,baseline,wilcoxon_signed_rank,0.0,0.043114446783075355,0.08325548344318,0.7667202701002394,0.48936213533903866,3.1282652564590228,10,none
grid_3_light,avg_waiting_time,routing_only_vs_baseline,routing_only,baseline,paired_ttest,0.9129971065811441,0.38504876367248164,0.5637315232852018,0.28871503539399207,-0.022766507229644288,0.07984864456800433,10,none
grid_3_light,avg_waiting_time,routing_only_vs_baseline,routing_only,baseline,wilcoxon_signed_rank,5.0,0.5001842570707944,0.7091219847079616,0.28871503539399207,-0.022766507229644288,0.07984864456800433,10,none
grid_3_light,avg_waiting_time,signal_and_routing_vs_baseline,signal_and_routing,baseline,paired_ttest,10.209253173137055,3.0108729238656655e-06,6.031859096382807e-05,3.228449323641445,33.62583731547659,48.74504216147691,10,none
grid_3_light,avg_waiting_time,signal_and_routing_vs_baseline,signal_and_routing,baseline,wilcoxon_signed_rank,0.0,0.001953125,0.008413461538461538,3.228449323641445,33.62583731547659,48.74504216147691,10,none
grid_3_light,avg_waiting_time,signal_and_vsl_vs_baseline,signal_and_vsl,baseline,paired_ttest,8.08393852954312,4.050436586353108e-05,0.0005040543307461645,2.694646176514374,24.192050537730683,38.80652616687133,9,use_with_caution_small_n
grid_3_light,avg_waiting_time,signal_and_vsl_vs_baseline,signal_and_vsl,baseline,wilcoxon_signed_rank,0.0,0.00390625,0.015217391304347827,2.694646176514374,24.192050537730683,38.80652616687133,9,use_with_caution_small_n
grid_3_light,avg_waiting_time,vsl_and_routing_vs_baseline,vsl_and_routing,baseline,paired_ttest,3.0601343030375707,0.013568674681418329,0.04570500945319858,0.9676994343610644,1.3899132277441866,5.241024125895538,10,none
grid_3_light,avg_waiting_time,vsl_and_routing_vs_baseline,vsl_and_routing,baseline,wilcoxon_signed_rank,0.0,0.001953125,0.008413461538461538,0.9676994343610644,1.3899132277441866,5.241024125895538,10,none
grid_3_light,avg_waiting_time,combined_vs_baseline,combined,baseline,paired_ttest,3.1367778491203193,0.011990079536362146,0.041415121901212354,0.9919362517184205,6.29047988752106,23.317842799815324,10,none
grid_3_light,avg_waiting_time,combined_vs_baseline,combined,baseline,wilcoxon_signed_rank,0.0,0.001953125,0.008413461538461538,0.9919362517184205,6.29047988752106,23.317842799815324,10,none
grid_3_light,avg_waiting_time,signal_and_routing_vs_signal_only,signal_and_routing,signal_only,paired_ttest,2.378739752532793,0.04131294128830933,0.08325548344318,0.7522235578788911,4.778023943347019,37.24882677954913,10,none
grid_3_light,avg_waiting_time,signal_and_routing_vs_signal_only,signal_and_routing,signal_only,wilcoxon_signed_rank,8.0,0.048828125,0.09229957805907173,0.7522235578788911,4.778023943347019,37.24882677954913,10,none
grid_3_light,avg_waiting_time,signal_and_routing_vs_routing_only,signal_and_routing,routing_only,paired_ttest,10.20348910919946,3.0251022999098553e-06,6.031859096382807e-05,3.226626566579281,33.656451500047595,48.715119093588726,10,none
grid_3_light,avg_waiting_time,signal_and_routing_vs_routing_only,signal_and_routing,routing_only,wilcoxon_signed_rank,0.0,0.001953125,0.008413461538461538,3.226626566579281,33.656451500047595,48.715119093588726,10,none
grid_3_light,avg_waiting_time,signal_and_routing_vs_combined,signal_and_routing,combined,paired_ttest,3.7184562097362566,0.004782024886129343,0.018310659393042272,1.175879100236335,14.44369575225246,40.52422765833136,10,none
grid_3_light,avg_waiting_time,signal_and_routing_vs_combined,signal_and_routing,combined,wilcoxon_signed_rank,2.0,0.005859375,0.021169354838709676,1.175879100236335,14.44369575225246,40.52422765833136,10,none
grid_3_light,avg_waiting_time,signal_only_vs_vsl_only,signal_only,vsl_only,paired_ttest,3.6684723661033916,0.005167081236312287,0.019617393168372074,1.1600728210273792,9.207389799910416,28.299320218651346,10,none
grid_3_light,avg_waiting_time,signal_only_vs_vsl_only,signal_only,vsl_only,wilcoxon_signed_rank,0.0,0.001953125,0.008413461538461538,1.1600728210273792,9.207389799910416,28.299320218651346,10,none
grid_3_light,avg_waiting_time,signal_only_vs_routing_only,signal_only,routing_only,paired_ttest,3.6478405856116822,0.005335413082451369,0.019989500195104037,1.1535484791735364,10.122810749472434,30.96252155066788,10,none
grid_3_light,avg_waiting_time,signal_only_vs_routing_only,signal_only,routing_only,wilcoxon_signed_rank,0.0,0.001953125,0.008413461538461538,1.1535484791735364,10.122810749472434,30.96252155066788,10,none
grid_3_light,avg_waiting_time,vsl_only_vs_routing_only,vsl_only,routing_only,paired_ttest,2.422131679696802,0.03847588588268636,0.08325548344318,0.765945290069131,0.46581025609244575,3.0760044320933426,10,none
grid_3_light,avg_waiting_time,vsl_only_vs_routing_only,vsl_only,routing_only,wilcoxon_signed_rank,0.0,0.043114446783075355,0.08325548344318,0.765945290069131,0.46581025609244575,3.0760044320933426,10,none
grid_3_light,avg_waiting_time,combined_vs_signal_only,combined,signal_only,paired_ttest,-1.4622438604935644,0.17769664746494912,0.2959408849973874,-0.46240210937571674,-14.54458864543022,1.0163353718748602,10,none
grid_3_light,avg_waiting_time,combined_vs_signal_only,combined,signal_only,wilcoxon_signed_rank,3.0,0.22491588401596185,0.35416666666666663,-0.46240210937571674,-14.54458864543022,1.0163353718748602,10,none
grid_3_light,avg_waiting_time,combined_vs_vsl_only,combined,vsl_only,paired_ttest,3.0769172332763963,0.013205566150068338,0.044818891175989514,0.9730066628977047,4.910358908065025,20.617544759298166,10,none
grid_3_light,avg_waiting_time,combined_vs_vsl_only,combined,vsl_only,wilcoxon_signed_rank,0.0,0.001953125,0.008413461538461538,0.9730066628977047,4.910358908065025,20.617544759298166,10,none
grid_3_light,avg_waiting_time,combined_vs_routing_only,combined,routing_only,paired_ttest,3.1273922853996248,0.01217273773101086,0.041628904606815766,0.9889682758702166,6.231334315239502,23.30426141446254,10,none
grid_3_light,avg_waiting_time,combined_vs_routing_only,combined,routing_only,wilcoxon_signed_rank,0.0,0.001953125,0.008413461538461538,0.9889682758702166,6.231334315239502,23.30426141446254,10,none
grid_3_light,total_travel_time,signal_only_vs_baseline,signal_only,baseline,paired_ttest,2.974271953067275,0.015593896131435093,0.0484895570170984,0.940547375245002,8555.0,36701.5,10,none
grid_3_light,total_travel_time,signal_only_vs_baseline,signal_only,baseline,wilcoxon_signed_rank,0.0,0.027707849358079864,0.0630107437178669,0.940547375245002,8555.0,36701.5,10,none
grid_3_light,total_travel_time,vsl_only_vs_baseline,vsl_only,baseline,paired_ttest,2.817541964207552,0.020127626599480447,0.05230008878812714,0.8909850010000476,6900.0,36309.99999999999,10,none
grid_3_light,total_travel_time,vsl_only_vs_baseline,vsl_only,baseline,wilcoxon_signed_rank,0.0,0.04216819709715596,0.08325548344318,0.8909850010000476,6900.0,36309.99999999999,10,none
grid_3_light,total_travel_time,routing_only_vs_baseline,routing_only,baseline,paired_ttest,-1.5,0.16785065605707486,0.2816370558560658,-0.4743416490252569,-700.0,0.0,10,none
grid_3_light,total_travel_time,routing_only_vs_baseline,routing_only,baseline,wilcoxon_signed_rank,0.0,0.10247043485974937,0.1779331582060764,-0.4743416490252569,-700.0,0.0,10,none
grid_3_light,total_travel_time,signal_and_routing_vs_baseline,signal_and_routing,baseline,paired_ttest,11.74400318811213,9.250519874947438e-07,2.5292828578735826e-05,3.7137798922713214,46826.375,64982.875,10,none
grid_3_light,total_travel_time,signal_and_routing_vs_baseline,signal_and_routing,baseline,wilcoxon_signed_rank,0.0,0.001953125,0.008413461538461538,3.7137798922713214,46826.375,64982.875,10,none
grid_3_light,total_travel_time,signal_and_vsl_vs_baseline,signal_and_vsl,baseline,paired_ttest,17.81083563183154,1.0111048605352704e-07,4.529749775198012e-06,5.936945210610514,76699.86111111111,94583.33333333333,9,use_with_caution_small_n
grid_3_light,total_travel_time,signal_and_vsl_vs_baseline,signal_and_vsl,baseline,wilcoxon_signed_rank,0.0,0.00390625,0.015217391304347827,5.936945210610514,76699.86111111111,94583.33333333333,9,use_with_caution_small_n
grid_3_light,total_travel_time,vsl_and_routing_vs_baseline,vsl_and_routing,baseline,paired_ttest,9.059560563116259,8.08929260304143e-06,0.00011325009644258001,2.8648845979685005,44974.875,67315.75,10,none
grid_3_light,total_travel_time,vsl_and_routing_vs_baseline,vsl_and_routing,baseline,wilcoxon_signed_rank,0.0,0.001953125,0.008413461538461538,2.8648845979685005,44974.875,67315.75,10,none
grid_3_light,total_travel_time,combined_vs_baseline,combined,baseline,paired_ttest,2.9483649420831135,0.01626408872531661,0.0484895570170984,0.9323548590373067,14455.0,62300.0,10,none
grid_3_light,total_travel_time,combined_vs_baseline,combined,baseline,wilcoxon_signed_rank,0.0,0.027707849358079864,0.0630107437178669,0.9323548590373067,14455.0,62300.0,10,none
grid_3_light,total_travel_time,signal_and_routing_vs_signal_only,signal_and_routing,signal_only,paired_ttest,2.7947982622062253,0.02088941397910017,0.052872641031846766,0.8837928109252154,11624.875,55796.375,10,none
grid_3_light,total_travel_time,signal_and_routing_vs_signal_only,signal_and_routing,signal_only,wilcoxon_signed_rank,14.0,0.193359375,0.31170173633918297,0.8837928109252154,11624.875,55796.375,10,none
grid_3_light,total_travel_time,signal_and_routing_vs_routing_only,signal_and_routing,routing_only,paired_ttest,11.985983908191045,7.776918588106751e-07,2.5292828578735826e-05,3.7903009148010227,47084.875,65112.875,10,none
grid_3_light,total_travel_time,signal_and_routing_vs_routing_only,signal_and_routing,routing_only,wilcoxon_signed_rank,0.0,0.001953125,0.008413461538461538,3.7903009148010227,47084.875,65112.875,10,none
grid_3_light,total_travel_time,signal_and_routing_vs_combined,signal_and_routing,combined,paired_ttest,1.067432822080011,0.3135710105796996,0.4698321496311218,0.33755189669941066,-13121.249999999998,49898.125,10,none
grid_3_light,total_travel_time,signal_and_routing_vs_combined,signal_and_routing,combined,wilcoxon_signed_rank,15.0,0.232421875,0.35416666666666663,0.33755189669941066,-13121.249999999998,49898.125,10,none
grid_3_light,total_travel_time,signal_only_vs_vsl_only,signal_only,vsl_only,paired_ttest,0.42593161385571615,0.6801627256125544,0.9150537569802535,0.1346914027255396,-3002.4999999999977,4655.0,10,none
grid_3_light,total_travel_time,signal_only_vs_vsl_only,signal_only,vsl_only,wilcoxon_signed_rank,9.0,0.7531523647659145,0.9953163994546599,0.1346914027255396,-3002.4999999999977,4655.0,10,none
grid_3_light,total_travel_time,signal_only_vs_routing_only,signal_only,routing_only,paired_ttest,2.969273842884928,0.01572095033798683,0.0484895570170984,0.9389668340277323,8605.0,37112.25,10,none
grid_3_light,total_travel_time,signal_only_vs_routing_only,signal_only,routing_only,wilcoxon_signed_rank,0.0,0.027707849358079864,0.0630107437178669,0.9389668340277323,8605.0,37112.25,10,none
grid_3_light,total_travel_time,vsl_only_vs_routing_only,vsl_only,routing_only,paired_ttest,2.8270537926252794,0.01981748091567046,0.05230008878812714,0.8939929052513211,7150.0,36807.49999999999,10,none
grid_3_light,total_travel_time,vsl_only_vs_routing_only,vsl_only,routing_only,wilcoxon_signed_rank,0.0,0.043114446783075355,0.08325548344318,0.8939929052513211,7150.0,36807.49999999999,10,none
grid_3_light,total_travel_time,combined_vs_signal_only,combined,signal_only,paired_ttest,2.883448519482582,0.01807616461003217,0.049681728498738725,0.9118264837405358,5550.0,25256.249999999993,10,none
grid_3_light,total_travel_time,combined_vs_signal_only,combined,signal_only,wilcoxon_signed_rank,0.0,0.043114446783075355,0.08325548344318,0.9118264837405358,5550.0,25256.249999999993,10,none
grid_3_light,total_travel_time,combined_vs_vsl_only,combined,vsl_only,paired_ttest,2.771069478639987,0.021715503157770988,0.05404747452600779,0.8762891107077669,5349.000000000001,26314.874999999993,10,none
grid_3_light,total_travel_time,combined_vs_vsl_only,combined,vsl_only,wilcoxon_signed_rank,0.0,0.027707849358079864,0.0630107437178669,0.8762891107077669,5349.000000000001,26314.874999999993,10,none
grid_3_light,total_travel_time,combined_vs_routing_only,combined,routing_only,paired_ttest,2.945365082416708,0.016343578369602364,0.0484895570170984,0.9314062201166352,14455.0,62456.125,10,none
grid_3_light,total_travel_time,combined_vs_routing_only,combined,routing_only,wilcoxon_signed_rank,0.0,0.027707849358079864,0.0630107437178669,0.9314062201166352,14455.0,62456.125,10,none
grid_3_light,system_congestion,signal_only_vs_baseline,signal_only,baseline,paired_ttest,-0.015384942362988157,0.9880607339125134,1.0,-0.004865145953745557,-0.029234227471390935,0.03611438700627664,10,none
grid_3_light,system_congestion,signal_only_vs_baseline,signal_only,baseline,wilcoxon_signed_rank,18.0,0.375,0.5508196721311476,-0.004865145953745557,-0.029234227471390935,0.03611438700627664,10,none
grid_3_light,system_congestion,vsl_only_vs_baseline,vsl_only,baseline,paired_ttest,2.687320869151762,0.024905576565291125,0.05998762527553991,0.849805475022289,0.03076478976005941,0.16681204569619898,10,none
grid_3_light,system_congestion,vsl_only_vs_baseline,vsl_only,baseline,wilcoxon_signed_rank,0.0,0.043114446783075355,0.08325548344318,0.849805475022289,0.03076478976005941,0.16681204569619898,10,none
grid_3_light,system_congestion,routing_only_vs_baseline,routing_only,baseline,paired_ttest,0.05192542485625735,0.959722355041843,1.0,0.016420261101769452,-0.01722189463270569,0.023957104872646275,10,none
grid_3_light,system_congestion,routing_only_vs_baseline,routing_only,baseline,wilcoxon_signed_rank,6.5,0.7864570351373764,1.0,0.016420261101769452,-0.01722189463270569,0.023957104872646275,10,none
grid_3_light,system_congestion,signal_and_routing_vs_baseline,signal_and_routing,baseline,paired_ttest,3.343277322454082,0.008615145013094249,0.030631626713223996,1.0572371188544099,0.043337264407531974,0.15126059513344614,10,none
grid_3_light,system_congestion,signal_and_routing_vs_baseline,signal_and_routing,baseline,wilcoxon_signed_rank,5.0,0.01953125,0.05230008878812714,1.0572371188544099,0.043337264407531974,0.15126059513344614,10,none
grid_3_light,system_congestion,signal_and_vsl_vs_baseline,signal_and_vsl,baseline,paired_ttest,5.12882428285941,0.0008973844751576203,0.008413461538461538,1.7096080942864702,0.16575507227841613,0.34584213704975375,9,use_with_caution_small_n
grid_3_light,system_congestion,signal_and_vsl_vs_baseline,signal_and_vsl,baseline,wilcoxon_signed_rank,0.0,0.00390625,0.015217391304347827,1.7096080942864702,0.16575507227841613,0.34584213704975375,9,use_with_caution_small_n
grid_3_light,system_congestion,vsl_and_routing_vs_baseline,vsl_and_routing,baseline,paired_ttest,6.676243692712503,9.096794254106607e-05,0.0009939911770340878,2.11121362833048,0.22349649331137156,0.40216695569490796,10,none
grid_3_light,system_congestion,vsl_and_routing_vs_baseline,vsl_and_routing,baseline,wilcoxon_signed_rank,0.0,0.001953125,0.008413461538461538,2.11121362833048,0.22349649331137156,0.40216695569490796,10,none
grid_3_light,system_congestion,combined_vs_baseline,combined,baseline,paired_ttest,2.118410560967567,0.06320056416559129,0.11748486616674232,0.6699002392012501,0.010061112066076832,0.13285242270579742,10,none
grid_3_light,system_congestion,combined_vs_baseline,combined,baseline,wilcoxon_signed_rank,15.0,0.232421875,0.35416666666666663,0.6699002392012501,0.010061112066076832,0.13285242270579742,10,none
grid_3_light,system_congestion,signal_and_routing_vs_signal_only,signal_and_routing,signal_only,paired_ttest,2.4558328936333336,0.03640668260510618,0.08114524282133119,0.7766025496643358,0.018116063515134628,0.1691052785369151,10,none
grid_3_light,system_congestion,signal_and_routing_vs_signal_only,signal_and_routing,signal_only,wilcoxon_signed_rank,8.0,0.048828125,0.09229957805907173,0.7766025496643358,0.018116063515134628,0.1691052785369151,10,none
grid_3_light,system_congestion,signal_and_routing_vs_routing_only,signal_and_routing,routing_only,paired_ttest,3.2000604068380154,0.010830252679376871,0.03790588437781905,1.0119479535733191,0.04242052403322409,0.15237455195182903,10,none
grid_3_light,system_congestion,signal_and_routing_vs_routing_only,signal_and_routing,routing_only,wilcoxon_signed_rank,6.0,0.02734375,0.0630107437178669,1.0119479535733191,0.04242052403322409,0.15237455195182903,10,none
grid_3_light,system_congestion,signal_and_routing_vs_combined,signal_and_routing,combined,paired_ttest,0.43134517677879874,0.676365203171017,0.9126855753633,0.13640332163489755,-0.08618713771742394,0.13689459281469263,10,none
grid_3_light,system_congestion,signal_and_routing_vs_combined,signal_and_routing,combined,wilcoxon_signed_rank,21.0,0.556640625,0.7744565217391304,0.13640332163489755,-0.08618713771742394,0.13689459281469263,10,none
grid_3_light,system_congestion,signal_only_vs_vsl_only,signal_only,vsl_only,paired_ttest,-3.0314988283194557,0.014212154114805895,0.04716329661802252,-0.958644102162123,-0.16451850551365796,-0.041874262923587785,10,none
grid_3_light,system_congestion,signal_only_vs_vsl_only,signal_only,vsl_only,wilcoxon_signed_rank,0.0,0.001953125,0.008413461538461538,-0.958644102162123,-0.16451850551365796,-0.041874262923587785,10,none
grid_3_light,system_congestion,signal_only_vs_routing_only,signal_only,routing_only,paired_ttest,-0.03646477783733848,0.9717077529716553,1.0,-0.01153117523380185,-0.04576604859228382,0.0399334219638254,10,none
grid_3_light,system_congestion,signal_only_vs_routing_only,signal_only,routing_only,wilcoxon_signed_rank,27.0,1.0,1.0,-0.01153117523380185,-0.04576604859228382,0.0399334219638254,10,none
grid_3_light,system_congestion,vsl_only_vs_routing_only,vsl_only,routing_only,paired_ttest,2.837494406503342,0.019482654016189666,0.05230008878812714,0.8972945172538254,0.03222287740125533,0.16059561123126753,10,none
grid_3_light,system_congestion,vsl_only_vs_routing_only,vsl_only,routing_only,wilcoxon_signed_rank,0.0,0.04216819709715596,0.08325548344318,0.8972945172538254,0.03222287740125533,0.16059561123126753,10,none
grid_3_light,system_congestion,combined_vs_signal_only,combined,signal_only,paired_ttest,2.398302904458592,0.04000905655819318,0.08325548344318,0.7584099697086346,0.020828143426910313,0.1275061726749727,10,none
grid_3_light,system_congestion,combined_vs_signal_only,combined,signal_only,wilcoxon_signed_rank,0.0,0.043114446783075355,0.08325548344318,0.7584099697086346,0.020828143426910313,0.1275061726749727,10,none
grid_3_light,system_congestion,combined_vs_vsl_only,combined,vsl_only,paired_ttest,-1.5409453769381967,0.1577187434672889,0.2676439283081266,-0.4872897141031401,-0.05312377153931298,0.007593080602252104,10,none
grid_3_light,system_congestion,combined_vs_vsl_only,combined,vsl_only,wilcoxon_signed_rank,9.0,0.064453125,0.11882716049382716,-0.4872897141031401,-0.05312377153931298,0.007593080602252104,10,none
grid_3_light,system_congestion,combined_vs_routing_only,combined,routing_only,paired_ttest,2.0369120212068035,0.07212425828052887,0.13242486766261038,0.6441281380390694,0.009502383213732915,0.13552805042654323,10,none
grid_3_light,system_congestion,combined_vs_routing_only,combined,routing_only,wilcoxon_signed_rank,15.0,0.232421875,0.35416666666666663,0.6441281380390694,0.009502383213732915,0.13552805042654323,10,none
grid_3_light,total_distance,signal_only_vs_baseline,signal_only,baseline,paired_ttest,2.8084194978088024,0.020429722182862164,0.05230008878812714,0.8881002238302075,7155.805454953215,36460.50368160498,10,none
grid_3_light,total_distance,signal_only_vs_baseline,signal_only,baseline,wilcoxon_signed_rank,14.0,0.193359375,0.31170173633918297,0.8881002238302075,7155.805454953215,36460.50368160498,10,none
grid_3_light,total_distance,vsl_only_vs_baseline,vsl_only,baseline,paired_ttest,2.9333279826761007,0.016666561121915446,0.048795215936351014,0.9275997549563413,6489.5908609447215,29542.736753944882,10,none
grid_3_light,total_distance,vsl_only_vs_baseline,vsl_only,baseline,wilcoxon_signed_rank,0.0,0.043114446783075355,0.08325548344318,0.9275997549563413,6489.5908609447215,29542.736753944882,10,none
grid_3_light,total_distance,routing_only_vs_baseline,routing_only,baseline,paired_ttest,-1.2665710347630834,0.2371046862351212,0.3600776251977434,-0.40052492882476465,-954.7841052657411,76.16770823073469,10,none
grid_3_light,total_distance,routing_only_vs_baseline,routing_only,baseline,wilcoxon_signed_rank,3.0,0.22491588401596185,0.35416666666666663,-0.40052492882476465,-954.7841052657411,76.16770823073469,10,none
grid_3_light,total_distance,signal_and_routing_vs_baseline,signal_and_routing,baseline,paired_ttest,11.764530812742253,9.114228851339298e-07,2.5292828578735826e-05,3.7202712971497367,41682.31354665443,57699.37066008696,10,none
grid_3_light,total_distance,signal_and_routing_vs_baseline,signal_and_routing,baseline,wilcoxon_signed_rank,0.0,0.001953125,0.008413461538461538,3.7202712971497367,41682.31354665443,57699.37066008696,10,none
grid_3_light,total_distance,signal_and_vsl_vs_baseline,signal_and_vsl,baseline,paired_ttest,18.77229683134453,6.698477078327941e-08,4.034577777206991e-06,6.257432277114843,54132.50217061254,65891.62299188036,9,use_with_caution_small_n
grid_3_light,total_distance,signal_and_vsl_vs_baseline,signal_and_vsl,baseline,wilcoxon_signed_rank,0.0,0.00390625,0.015217391304347827,6.257432277114843,54132.50217061254,65891.62299188036,9,use_with_caution_small_n
grid_3_light,total_distance,vsl_and_routing_vs_baseline,vsl_and_routing,baseline,paired_ttest,12.191493610738652,6.727695570260088e-07,2.5292828578735826e-05,3.8552887889324374,37001.96539923421,50244.64161324594,10,none
grid_3_light,total_distance,vsl_and_routing_vs_baseline,vsl_and_routing,baseline,wilcoxon_signed_rank,0.0,0.001953125,0.008413461538461538,3.8552887889324374,37001.96539923421,50244.64161324594,10,none
grid_3_light,total_distance,combined_vs_baseline,combined,baseline,paired_ttest,2.946386096384933,0.016316479139567765,0.0484895570170984,0.9317290930828792,9780.619675049353,44157.651988700876,10,none
grid_3_light,total_distance,combined_vs_baseline,combined,baseline,wilcoxon_signed_rank,14.0,0.193359375,0.31170173633918297,0.9317290930828792,9780.619675049353,44157.651988700876,10,none
grid_3_light,total_distance,signal_and_routing_vs_signal_only,signal_and_routing,signal_only,paired_ttest,2.714148926408185,0.023835036113600914,0.058033131407028316,0.8582892516350594,9485.242399714716,48135.08326971659,10,none
grid_3_light,total_distance,signal_and_routing_vs_signal_only,signal_and_routing,signal_only,wilcoxon_signed_rank,15.0,0.232421875,0.35416666666666663,0.8582892516350594,9485.242399714716,48135.08326971659,10,none
grid_3_light,total_distance,signal_and_routing_vs_routing_only,signal_and_routing,routing_only,paired_ttest,11.693182671695885,9.597725130323863e-07,2.5292828578735826e-05,3.6977090338971905,41776.53666395726,58179.55869797776,10,none
grid_3_light,total_distance,signal_and_routing_vs_routing_only,signal_and_routing,routing_only,wilcoxon_signed_rank,0.0,0.001953125,0.008413461538461538,3.6977090338971905,41776.53666395726,58179.55869797776,10,none
grid_3_light,total_distance,signal_and_routing_vs_combined,signal_and_routing,combined,paired_ttest,1.8937175884207471,0.09079532538112056,0.16014293610528352,0.5988460824530867,472.46474538800294,46214.780638995806,10,none
grid_3_light,total_distance,signal_and_routing_vs_combined,signal_and_routing,combined,wilcoxon_signed_rank,15.0,0.232421875,0.35416666666666663,0.5988460824530867,472.46474538800294,46214.780638995806,10,none
grid_3_light,total_distance,signal_only_vs_vsl_only,signal_only,vsl_only,paired_ttest,1.4897318110355209,0.17047981488983557,0.2849811830994266,0.4710945625679809,-608.0377305914403,9256.525903299433,10,none
grid_3_light,total_distance,signal_only_vs_vsl_only,signal_only,vsl_only,wilcoxon_signed_rank,21.0,0.556640625,0.7744565217391304,0.4710945625679809,-608.0377305914403,9256.525903299433,10,none
grid_3_light,total_distance,signal_only_vs_routing_only,signal_only,routing_only,paired_ttest,2.789393739030452,0.021074711103576928,0.05304196951911496,0.8820837506349546,7081.092891554982,37104.94851431287,10,none
grid_3_light,total_distance,signal_only_vs_routing_only,signal_only,routing_only,wilcoxon_signed_rank,14.0,0.193359375,0.31170173633918297,0.8820837506349546,7081.092891554982,37104.94851431287,10,none
grid_3_light,total_distance,vsl_only_vs_routing_only,vsl_only,routing_only,paired_ttest,2.923517924239326,0.016934620749558482,0.048946516747110966,0.9244975420923853,6675.136163946545,30244.86789984675,10,none
grid_3_light,total_distance,vsl_only_vs_routing_only,vsl_only,routing_only,wilcoxon_signed_rank,0.0,0.043114446783075355,0.08325548344318,0.9244975420923853,6675.136163946545,30244.86789984675,10,none
grid_3_light,total_distance,combined_vs_signal_only,combined,signal_only,paired_ttest,2.2419102047460875,0.05168176243544661,0.09728331752554656,0.7089542556572072,876.8296051032434,9694.405801802974,10,none
grid_3_light,total_distance,combined_vs_signal_only,combined,signal_only,wilcoxon_signed_rank,1.0,0.07961580146011343,0.14440436864020575,0.7089542556572072,876.8296051032434,9694.405801802974,10,none
grid_3_light,total_distance,combined_vs_vsl_only,combined,vsl_only,paired_ttest,2.809467608825661,0.020394779892918016,0.05230008878812714,0.8884316656356064,3027.9356896784866,14962.851429866772,10,none
grid_3_light,total_distance,combined_vs_vsl_only,combined,vsl_only,wilcoxon_signed_rank,14.0,0.193359375,0.31170173633918297,0.8884316656356064,3027.9356896784866,14962.851429866772,10,none
grid_3_light,total_distance,combined_vs_routing_only,combined,routing_only,paired_ttest,2.9396684518264076,0.016495624602857514,0.048618683040001096,0.9296047873512414,9866.047969821328,44881.910537934564,10,none
grid_3_light,total_distance,combined_vs_routing_only,combined,routing_only,wilcoxon_signed_rank,14.0,0.193359375,0.31170173633918297,0.9296047873512414,9866.047969821328,44881.910537934564,10,none
grid_3_light,completed_trips,signal_only_vs_baseline,signal_only,baseline,paired_ttest,1.4055638569974545,0.19342205960333228,0.31170173633918297,0.44447831849231534,0.0,0.8,10,none
grid_3_light,completed_trips,signal_only_vs_baseline,signal_only,baseline,wilcoxon_signed_rank,0.0,0.17971249487899976,0.29818962113256253,0.44447831849231534,0.0,0.8,10,none
grid_3_light,completed_trips,vsl_only_vs_baseline,vsl_only,baseline,paired_ttest,-1.0,0.34343639613791355,0.5077871467649678,-0.31622776601683794,-0.3,0.0,10,none
grid_3_light,completed_trips,vsl_only_vs_baseline,vsl_only,baseline,wilcoxon_signed_rank,0.0,0.31731050786291415,0.4722761047261978,-0.31622776601683794,-0.3,0.0,10,none
grid_3_light,completed_trips,routing_only_vs_baseline,routing_only,baseline,paired_ttest,2.4494897427831783,0.03678749787978613,0.08158811410962469,0.7745966692414835,0.1,0.7,10,none
grid_3_light,completed_trips,routing_only_vs_baseline,routing_only,baseline,wilcoxon_signed_rank,0.0,0.0455002638963584,0.0874854859466462,0.7745966692414835,0.1,0.7,10,none
grid_3_light,completed_trips,signal_and_routing_vs_baseline,signal_and_routing,baseline,paired_ttest,0.6882472016116853,0.5086464915963445,0.7165837365885607,0.2176428750330035,-0.4,0.7,10,none
grid_3_light,completed_trips,signal_and_routing_vs_baseline,signal_and_routing,baseline,wilcoxon_signed_rank,5.0,0.4795001221869535,0.6863132739289302,0.2176428750330035,-0.4,0.7,10,none
grid_3_light,completed_trips,signal_and_vsl_vs_baseline,signal_and_vsl,baseline,paired_ttest,-0.554700196225229,0.5942640159772072,0.8098887482790257,-0.1849000654084097,-0.4444444444444444,0.2222222222222222,9,use_with_caution_small_n
grid_3_light,completed_trips,signal_and_vsl_vs_baseline,signal_and_vsl,baseline,wilcoxon_signed_rank,2.0,0.5637028616507731,0.7770427139062964,-0.1849000654084097,-0.4444444444444444,0.2222222222222222,9,use_with_caution_small_n
grid_3_light,completed_trips,vsl_and_routing_vs_baseline,vsl_and_routing,baseline,paired_ttest,-0.5570860145311557,0.5910512317836045,0.8097582625047551,-0.17616606585441108,-0.4,0.3,10,none
grid_3_light,completed_trips,vsl_and_routing_vs_baseline,vsl_and_routing,baseline,wilcoxon_signed_rank,2.0,0.5637028616507731,0.7770427139062964,-0.17616606585441108,-0.4,0.3,10,none
grid_3_light,completed_trips,combined_vs_baseline,combined,baseline,paired_ttest,0.0,1.0,1.0,0.0,-0.3,0.3,10,none
grid_3_light,completed_trips,combined_vs_baseline,combined,baseline,wilcoxon_signed_rank,1.5,1.0,1.0,0.0,-0.3,0.3,10,none
grid_3_light,completed_trips,signal_and_routing_vs_signal_only,signal_and_routing,signal_only,paired_ttest,-0.5570860145311556,0.5910512317836047,0.8097582625047551,-0.17616606585441105,-0.4,0.2,10,none
grid_3_light,completed_trips,signal_and_routing_vs_signal_only,signal_and_routing,signal_only,wilcoxon_signed_rank,2.0,0.5637028616507731,0.7770427139062964,-0.17616606585441105,-0.4,0.2,10,none
grid_3_light,completed_trips,signal_and_routing_vs_routing_only,signal_and_routing,routing_only,paired_ttest,-0.6882472016116853,0.5086464915963445,0.7165837365885607,-0.2176428750330035,-0.7,0.4,10,none
grid_3_light,completed_trips,signal_and_routing_vs_routing_only,signal_and_routing,routing_only,wilcoxon_signed_rank,5.0,0.4795001221869535,0.6863132739289302,-0.2176428750330035,-0.7,0.4,10,none
grid_3_light,completed_trips,signal_and_routing_vs_combined,signal_and_routing,combined,paired_ttest,0.801783725737273,0.44333185016966015,0.640686028632283,0.253546276418555,-0.3,0.6,10,none
grid_3_light,completed_trips,signal_and_routing_vs_combined,signal_and_routing,combined,wilcoxon_signed_rank,7.0,0.4142161782425253,0.602496259261855,0.253546276418555,-0.3,0.6,10,none
grid_3_light,completed_trips,signal_only_vs_vsl_only,signal_only,vsl_only,paired_ttest,1.8090680674665816,0.1038881310621017,0.1796983888641759,0.5720775535473553,0.0,0.9,10,none
grid_3_light,completed_trips,signal_only_vs_vsl_only,signal_only,vsl_only,wilcoxon_signed_rank,0.0,0.10247043485974937,0.1779331582060764,0.5720775535473553,0.0,0.9,10,none
grid_3_light,completed_trips,signal_only_vs_routing_only,signal_only,routing_only,paired_ttest,-0.36115755925730764,0.7263142108887259,0.9655453011221045,-0.11420804814403215,-0.6,0.5,10,none
grid_3_light,completed_trips,signal_only_vs_routing_only,signal_only,routing_only,wilcoxon_signed_rank,4.0,0.7054569861112734,0.9406093148150312,-0.11420804814403215,-0.6,0.5,10,none
grid_3_light,completed_trips,vsl_only_vs_routing_only,vsl_only,routing_only,paired_ttest,-2.23606797749979,0.052177242798819065,0.09780504089485749,-0.7071067811865475,-0.9,-0.1,10,none
grid_3_light,completed_trips,vsl_only_vs_routing_only,vsl_only,routing_only,wilcoxon_signed_rank,0.0,0.05878172135535886,0.10972587986333654,-0.7071067811865475,-0.9,-0.1,10,none
grid_3_light,completed_trips,combined_vs_signal_only,combined,signal_only,paired_ttest,-1.9639610121239315,0.0811261888458405,0.14655053468926024,-0.6210590034081188,-0.6,0.0,10,none
grid_3_light,completed_trips,combined_vs_signal_only,combined,signal_only,wilcoxon_signed_rank,0.0,0.0832645166635504,0.14930555555555555,-0.6210590034081188,-0.6,0.0,10,none
grid_3_light,completed_trips,combined_vs_vsl_only,combined,vsl_only,paired_ttest,1.0,0.34343639613791355,0.5077871467649678,0.31622776601683794,0.0,0.3,10,none
grid_3_light,completed_trips,combined_vs_vsl_only,combined,vsl_only,wilcoxon_signed_rank,0.0,0.31731050786291415,0.4722761047261978,0.31622776601683794,0.0,0.3,10,none
grid_3_light,completed_trips,combined_vs_routing_only,combined,routing_only,paired_ttest,-1.4999999999999998,0.16785065605707492,0.2816370558560658,-0.4743416490252569,-0.9,0.1,10,none
grid_3_light,completed_trips,combined_vs_routing_only,combined,routing_only,wilcoxon_signed_rank,2.5,0.15729920705028516,0.2676439283081266,-0.4743416490252569,-0.9,0.1,10,none
grid_3_light,avg_trip_duration,signal_only_vs_baseline,signal_only,baseline,paired_ttest,3.010506823146674,0.014703768622811957,0.04773397350014317,0.9520058472621203,19.630442165882307,83.61982448993835,10,none
grid_3_light,avg_trip_duration,signal_only_vs_baseline,signal_only,baseline,wilcoxon_signed_rank,0.0,0.001953125,0.008413461538461538,0.9520058472621203,19.630442165882307,83.61982448993835,10,none
grid_3_light,avg_trip_duration,vsl_only_vs_baseline,vsl_only,baseline,paired_ttest,2.802503243123136,0.020628106596609116,0.05250790770045957,0.8862293398277725,15.253185658665249,80.5663856147356,10,none
grid_3_light,avg_trip_duration,vsl_only_vs_baseline,vsl_only,baseline,wilcoxon_signed_rank,0.0,0.043114446783075355,0.08325548344318,0.8862293398277725,15.253185658665249,80.5663856147356,10,none
grid_3_light,avg_trip_duration,routing_only_vs_baseline,routing_only,baseline,paired_ttest,-0.5514307562996722,0.5947620495174095,0.8098887482790257,-0.17437771617762074,-0.6509460445749319,0.3328157934789459,10,none
grid_3_light,avg_trip_duration,routing_only_vs_baseline,routing_only,baseline,wilcoxon_signed_rank,6.0,0.6858304344516057,0.9171702526397594,-0.17437771617762074,-0.6509460445749319,0.3328157934789459,10,none
grid_3_light,avg_trip_duration,signal_and_routing_vs_baseline,signal_and_routing,baseline,paired_ttest,17.728326919468834,2.622346979424935e-08,2.8128800181334788e-06,5.606189216959799,101.46956959133651,126.07100026424891,10,none
grid_3_light,avg_trip_duration,signal_and_routing_vs_baseline,signal_and_routing,baseline,wilcoxon_signed_rank,0.0,0.001953125,0.008413461538461538,5.606189216959799,101.46956959133651,126.07100026424891,10,none
grid_3_light,avg_trip_duration,signal_and_vsl_vs_baseline,signal_and_vsl,baseline,paired_ttest,26.29950156711103,4.695225614496416e-09,2.1034610752943946e-06,8.766500522370343,150.3868776969106,173.2781887159659,9,use_with_caution_small_n
grid_3_light,avg_trip_duration,signal_and_vsl_vs_baseline,signal_and_vsl,baseline,wilcoxon_signed_rank,0.0,0.00390625,0.015217391304347827,8.766500522370343,150.3868776969106,173.2781887159659,9,use_with_caution_small_n
grid_3_light,avg_trip_duration,vsl_and_routing_vs_baseline,vsl_and_routing,baseline,paired_ttest,9.444697160145754,5.744931198814896e-06,9.191889918103834e-05,2.986675483658465,82.43481970113915,123.6268837824459,10,none
grid_3_light,avg_trip_duration,vsl_and_routing_vs_baseline,vsl_and_routing,baseline,wilcoxon_signed_rank,0.0,0.001953125,0.008413461538461538,2.986675483658465,82.43481970113915,123.6268837824459,10,none
grid_3_light,avg_trip_duration,combined_vs_baseline,combined,baseline,paired_ttest,3.0000693396642166,0.014954682369437798,0.04785498358220096,0.9487052251776255,29.920364727417827,126.1401463418076,10,none
grid_3_light,avg_trip_duration,combined_vs_baseline,combined,baseline,wilcoxon_signed_rank,0.0,0.001953125,0.008413461538461538,0.9487052251776255,29.920364727417827,126.1401463418076,10,none
grid_3_light,avg_trip_duration,signal_and_routing_vs_signal_only,signal_and_routing,signal_only,paired_ttest,2.8510803193840513,0.019055578440326612,0.05173878267434135,0.9015907601333911,22.4952243131685,103.9256320865353,10,none
grid_3_light,avg_trip_duration,signal_and_routing_vs_signal_only,signal_and_routing,signal_only,wilcoxon_signed_rank,12.0,0.130859375,0.2246168582375479,0.9015907601333911,22.4952243131685,103.9256320865353,10,none
grid_3_light,avg_trip_duration,signal_and_routing_vs_routing_only,signal_and_routing,routing_only,paired_ttest,17.878434294985798,2.435354185888598e-08,2.8128800181334788e-06,5.65365733698218,101.74108844484928,126.33422133635914,10,none
grid_3_light,avg_trip_duration,signal_and_routing_vs_routing_only,signal_and_routing,routing_only,wilcoxon_signed_rank,0.0,0.001953125,0.008413461538461538,5.65365733698218,101.74108844484928,126.33422133635914,10,none
grid_3_light,avg_trip_duration,signal_and_routing_vs_combined,signal_and_routing,combined,paired_ttest,1.2195830245728085,0.2536184732018505,0.38241389056921715,0.3856660153327176,-18.629973678280116,93.52083122854492,10,none
grid_3_light,avg_trip_duration,signal_and_routing_vs_combined,signal_and_routing,combined,wilcoxon_signed_rank,15.0,0.232421875,0.35416666666666663,0.3856660153327176,-18.629973678280116,93.52083122854492,10,none
grid_3_light,avg_trip_duration,signal_only_vs_vsl_only,signal_only,vsl_only,paired_ttest,0.7761764448721834,0.45755634332330253,0.659116533147394,0.24544854319682194,-5.653478587943356,13.284399753792673,10,none
grid_3_light,avg_trip_duration,signal_only_vs_vsl_only,signal_only,vsl_only,wilcoxon_signed_rank,15.0,0.232421875,0.35416666666666663,0.24544854319682194,-5.653478587943356,13.284399753792673,10,none
grid_3_light,avg_trip_duration,signal_only_vs_routing_only,signal_only,routing_only,paired_ttest,3.0114670802730696,0.014680902854567126,0.04773397350014317,0.9523095072280023,19.671265654386342,83.9332284905405,10,none
grid_3_light,avg_trip_duration,signal_only_vs_routing_only,signal_only,routing_only,wilcoxon_signed_rank,0.0,0.001953125,0.008413461538461538,0.9523095072280023,19.671265654386342,83.9332284905405,10,none
grid_3_light,avg_trip_duration,vsl_only_vs_routing_only,vsl_only,routing_only,paired_ttest,2.8147817730746967,0.020218548733889393,0.05230008878812714,0.8901121519243254,15.545671407132321,80.69481308665729,10,none
grid_3_light,avg_trip_duration,vsl_only_vs_routing_only,vsl_only,routing_only,wilcoxon_signed_rank,0.0,0.043114446783075355,0.08325548344318,0.8901121519243254,15.545671407132321,80.69481308665729,10,none
grid_3_light,avg_trip_duration,combined_vs_signal_only,combined,signal_only,paired_ttest,2.897294465278154,0.017673061082228103,0.049681728498738725,0.9162049562478595,8.802518840495441,42.59239177328103,10,none
grid_3_light,avg_trip_duration,combined_vs_signal_only,combined,signal_only,wilcoxon_signed_rank,0.0,0.043114446783075355,0.08325548344318,0.9162049562478595,8.802518840495441,42.59239177328103,10,none
grid_3_light,avg_trip_duration,combined_vs_vsl_only,combined,vsl_only,paired_ttest,2.704945652161662,0.024196929596965937,0.05859580788886887,0.8553789207800411,9.810455771172817,49.20543189909312,10,none
grid_3_light,avg_trip_duration,combined_vs_vsl_only,combined,vsl_only,wilcoxon_signed_rank,0.0,0.001953125,0.008413461538461538,0.8553789207800411,9.810455771172817,49.20543189909312,10,none
grid_3_light,avg_trip_duration,combined_vs_routing_only,combined,routing_only,paired_ttest,3.0007564903728956,0.014938028929316767,0.04785498358220096,0.9489225213111478,30.02195477213233,125.94377675477104,10,none
grid_3_light,avg_trip_duration,combined_vs_routing_only,combined,routing_only,wilcoxon_signed_rank,0.0,0.001953125,0.008413461538461538,0.9489225213111478,30.02195477213233,125.94377675477104,10,none
grid_3_light,avg_acceleration,signal_only_vs_baseline,signal_only,baseline,paired_ttest,-11.227600729761724,1.3542761157549452e-06,3.0996948768592044e-05,-3.5504790965015696,-0.5793948076921787,-0.41844234830751564,10,none
grid_3_light,avg_acceleration,signal_only_vs_baseline,signal_only,baseline,wilcoxon_signed_rank,0.0,0.001953125,0.008413461538461538,-3.5504790965015696,-0.5793948076921787,-0.41844234830751564,10,none
grid_3_light,avg_acceleration,vsl_only_vs_baseline,vsl_only,baseline,paired_ttest,-2.916180847526274,0.01713798961768678,0.04921679069694665,-0.9221773547143226,-0.4938900889149364,-0.10767575257175592,10,none
grid_3_light,avg_acceleration,vsl_only_vs_baseline,vsl_only,baseline,wilcoxon_signed_rank,0.0,0.043114446783075355,0.08325548344318,-0.9221773547143226,-0.4938900889149364,-0.10767575257175592,10,none
grid_3_light,avg_acceleration,routing_only_vs_baseline,routing_only,baseline,paired_ttest,0.18657061390788185,0.8561350549854188,1.0,0.058998808440479465,-0.07431631152388651,0.0755382260182226,10,none
grid_3_light,avg_acceleration,routing_only_vs_baseline,routing_only,baseline,wilcoxon_signed_rank,6.0,0.6858304344516057,0.9171702526397594,0.058998808440479465,-0.07431631152388651,0.0755382260182226,10,none
grid_3_light,avg_acceleration,signal_and_routing_vs_baseline,signal_and_routing,baseline,paired_ttest,-7.9429845264075984,2.3435450761054596e-05,0.0002999737697414989,-2.511792252292186,-0.594092220825891,-0.3585911967039585,10,none
grid_3_light,avg_acceleration,signal_and_routing_vs_baseline,signal_and_routing,baseline,wilcoxon_signed_rank,0.0,0.001953125,0.008413461538461538,-2.511792252292186,-0.594092220825891,-0.3585911967039585,10,none
grid_3_light,avg_acceleration,signal_and_vsl_vs_baseline,signal_and_vsl,baseline,paired_ttest,-5.666581953896886,0.0004722639374555836,0.004808505545002306,-1.8888606512989616,-0.555297598124583,-0.28537281466298753,9,use_with_caution_small_n
grid_3_light,avg_acceleration,signal_and_vsl_vs_baseline,signal_and_vsl,baseline,wilcoxon_signed_rank,0.0,0.00390625,0.015217391304347827,-1.8888606512989616,-0.555297598124583,-0.28537281466298753,9,use_with_caution_small_n
grid_3_light,avg_acceleration,vsl_and_routing_vs_baseline,vsl_and_routing,baseline,paired_ttest,-6.397405408604406,0.00012565541621876837,0.0013403244396668625,-2.0230372206670078,-0.5609878160343047,-0.2952633985492523,10,none
grid_3_light,avg_acceleration,vsl_and_routing_vs_baseline,vsl_and_routing,baseline,wilcoxon_signed_rank,0.0,0.001953125,0.008413461538461538,-2.0230372206670078,-0.5609878160343047,-0.2952633985492523,10,none
grid_3_light,avg_acceleration,combined_vs_baseline,combined,baseline,paired_ttest,-10.123147230104246,3.231353087347932e-06,6.031859096382807e-05,-3.2012202336354068,-0.615606405208836,-0.4272076857467035,10,none
grid_3_light,avg_acceleration,combined_vs_baseline,combined,baseline,wilcoxon_signed_rank,0.0,0.001953125,0.008413461538461538,-3.2012202336354068,-0.615606405208836,-0.4272076857467035,10,none
grid_3_light,avg_acceleration,signal_and_routing_vs_signal_only,signal_and_routing,signal_only,paired_ttest,0.154675106180091,0.8804906095033374,1.0,0.04891256328574738,-0.07909223536661032,0.10559264798599514,10,none
grid_3_light,avg_acceleration,signal_and_routing_vs_signal_only,signal_and_routing,signal_only,wilcoxon_signed_rank,26.0,0.921875,1.0,0.04891256328574738,-0.07909223536661032,0.10559264798599514,10,none
grid_3_light,avg_acceleration,signal_and_routing_vs_routing_only,signal_and_routing,routing_only,paired_ttest,-7.112863902040454,5.587868837589088e-05,0.0006587803261157661,-2.2492850617240614,-0.6241194226493088,-0.3641069008446378,10,none
grid_3_light,avg_acceleration,signal_and_routing_vs_routing_only,signal_and_routing,routing_only,wilcoxon_signed_rank,0.0,0.001953125,0.008413461538461538,-2.2492850617240614,-0.6241194226493088,-0.3641069008446378,10,none
grid_3_light,avg_acceleration,signal_and_routing_vs_combined,signal_and_routing,combined,paired_ttest,0.6336088045427343,0.5421011149429636,0.7589415609201491,0.20036469678914814,-0.053307597269867245,0.12338059289243272,10,none
grid_3_light,avg_acceleration,signal_and_routing_vs_combined,signal_and_routing,combined,wilcoxon_signed_rank,24.0,0.76953125,1.0,0.20036469678914814,-0.053307597269867245,0.12338059289243272,10,none
grid_3_light,avg_acceleration,signal_only_vs_vsl_only,signal_only,vsl_only,paired_ttest,-2.0268164990136333,0.07331050507600259,0.13405349499611902,-0.64093565360915,-0.38372730893187235,-0.027000625819189578,10,none
grid_3_light,avg_acceleration,signal_only_vs_vsl_only,signal_only,vsl_only,wilcoxon_signed_rank,12.0,0.130859375,0.2246168582375479,-0.64093565360915,-0.38372730893187235,-0.027000625819189578,10,none
grid_3_light,avg_acceleration,signal_only_vs_routing_only,signal_only,routing_only,paired_ttest,-9.097314037567038,7.818311613989163e-06,0.00011298721300216598,-2.8768232948534442,-0.6075183524952291,-0.40980107462060705,10,none
grid_3_light,avg_acceleration,signal_only_vs_routing_only,signal_only,routing_only,wilcoxon_signed_rank,0.0,0.001953125,0.008413461538461538,-2.8768232948534442,-0.6075183524952291,-0.40980107462060705,10,none
grid_3_light,avg_acceleration,vsl_only_vs_routing_only,vsl_only,routing_only,paired_ttest,-2.891611996604129,0.017837373577540356,0.049681728498738725,-0.914408001873612,-0.5166945122793403,-0.11258638797250908,10,none
grid_3_light,avg_acceleration,vsl_only_vs_routing_only,vsl_only,routing_only,wilcoxon_signed_rank,0.0,0.043114446783075355,0.08325548344318,-0.914408001873612,-0.5166945122793403,-0.11258638797250908,10,none
grid_3_light,avg_acceleration,combined_vs_signal_only,combined,signal_only,paired_ttest,-1.3729981174298247,0.20298899685378136,0.3247823949660502,-0.43418012742015755,-0.056493988409283026,0.007234563833722349,10,none
grid_3_light,avg_acceleration,combined_vs_signal_only,combined,signal_only,wilcoxon_signed_rank,3.0,0.22491588401596185,0.35416666666666663,-0.43418012742015755,-0.056493988409283026,0.007234563833722349,10,none
grid_3_light,avg_acceleration,combined_vs_vsl_only,combined,vsl_only,paired_ttest,-2.4977512611022217,0.033986998723114996,0.07651344436158551,-0.7898583013640952,-0.3953982840210971,-0.06287188218855894,10,none
grid_3_light,avg_acceleration,combined_vs_vsl_only,combined,vsl_only,wilcoxon_signed_rank,10.0,0.083984375,0.14930555555555555,-0.7898583013640952,-0.3953982840210971,-0.06287188218855894,10,none
grid_3_light,avg_acceleration,combined_vs_routing_only,combined,routing_only,paired_ttest,-9.305161279429898,6.4944450029400325e-06,9.954348583665653e-05,-2.942550363820498,-0.6360896259144391,-0.42788545113262144,10,none
grid_3_light,avg_acceleration,combined_vs_routing_only,combined,routing_only,wilcoxon_signed_rank,0.0,0.001953125,0.008413461538461538,-2.942550363820498,-0.6360896259144391,-0.42788545113262144,10,none
grid_3_light,total_stops,signal_only_vs_baseline,signal_only,baseline,paired_ttest,3.5881892399621553,0.00585532524866572,0.021169354838709676,1.134685067398888,20.992500000000007,65.5025,10,none
grid_3_light,total_stops,signal_only_vs_baseline,signal_only,baseline,wilcoxon_signed_rank,0.0,0.001953125,0.008413461538461538,1.134685067398888,20.992500000000007,65.5025,10,none
grid_3_light,total_stops,vsl_only_vs_baseline,vsl_only,baseline,paired_ttest,2.4767353177119773,0.03517936997675862,0.07880178874793932,0.7832124765350621,2.9,17.1025,10,none
grid_3_light,total_stops,vsl_only_vs_baseline,vsl_only,baseline,wilcoxon_signed_rank,0.0,0.043114446783075355,0.08325548344318,0.7832124765350621,2.9,17.1025,10,none
grid_3_light,total_stops,routing_only_vs_baseline,routing_only,baseline,paired_ttest,-0.26413527189768715,0.7976245209721027,1.0,-0.08352690695845567,-0.9,0.6,10,none
grid_3_light,total_stops,routing_only_vs_baseline,routing_only,baseline,wilcoxon_signed_rank,7.5,1.0,1.0,-0.08352690695845567,-0.9,0.6,10,none
grid_3_light,total_stops,signal_and_routing_vs_baseline,signal_and_routing,baseline,paired_ttest,11.78604392062854,8.973770895173153e-07,2.5292828578735826e-05,3.7270743391966974,77.095,106.2025,10,none
grid_3_light,total_stops,signal_and_routing_vs_baseline,signal_and_routing,baseline,wilcoxon_signed_rank,0.0,0.001953125,0.008413461538461538,3.7270743391966974,77.095,106.2025,10,none
grid_3_light,total_stops,signal_and_vsl_vs_baseline,signal_and_vsl,baseline,paired_ttest,12.707640575380795,1.3837923557407162e-06,3.0996948768592044e-05,4.235880191793599,83.66388888888889,111.89444444444443,9,use_with_caution_small_n
grid_3_light,total_stops,signal_and_vsl_vs_baseline,signal_and_vsl,baseline,wilcoxon_signed_rank,0.0,0.00390625,0.015217391304347827,4.235880191793599,83.66388888888889,111.89444444444443,9,use_with_caution_small_n
grid_3_light,total_stops,vsl_and_routing_vs_baseline,vsl_and_routing,baseline,paired_ttest,6.133334018894016,0.00017215182421536092,0.0017935817964763185,1.9395305150299291,12.5,24.202499999999997,10,none
grid_3_light,total_stops,vsl_and_routing_vs_baseline,vsl_and_routing,baseline,wilcoxon_signed_rank,0.0,0.001953125,0.008413461538461538,1.9395305150299291,12.5,24.202499999999997,10,none
grid_3_light,total_stops,combined_vs_baseline,combined,baseline,paired_ttest,3.0477143424139985,0.01384400190789168,0.04628442428907069,0.963771897959055,20.6975,78.7025,10,none
grid_3_light,total_stops,combined_vs_baseline,combined,baseline,wilcoxon_signed_rank,0.0,0.001953125,0.008413461538461538,0.963771897959055,20.6975,78.7025,10,none
grid_3_light,total_stops,signal_and_routing_vs_signal_only,signal_and_routing,signal_only,paired_ttest,2.7254679121829364,0.023397455852115286,0.0572790176051784,0.8618686292201854,16.3,82.80499999999999,10,none
grid_3_light,total_stops,signal_and_routing_vs_signal_only,signal_and_routing,signal_only,wilcoxon_signed_rank,10.0,0.083984375,0.14930555555555555,0.8618686292201854,16.3,82.80499999999999,10,none
grid_3_light,total_stops,signal_and_routing_vs_routing_only,signal_and_routing,routing_only,paired_ttest,12.038258714735715,7.493873989183847e-07,2.5292828578735826e-05,3.8068316600936063,77.095,106.0025,10,none
grid_3_light,total_stops,signal_and_routing_vs_routing_only,signal_and_routing,routing_only,wilcoxon_signed_rank,0.0,0.001953125,0.008413461538461538,3.8068316600936063,77.095,106.0025,10,none
grid_3_light,total_stops,signal_and_routing_vs_combined,signal_and_routing,combined,paired_ttest,1.9919840314409074,0.07754830223296787,0.1412261764242667,0.6299206602037729,4.597500000000002,83.0,10,none
grid_3_light,total_stops,signal_and_routing_vs_combined,signal_and_routing,combined,wilcoxon_signed_rank,10.0,0.083984375,0.14930555555555555,0.6299206602037729,4.597500000000002,83.0,10,none
grid_3_light,total_stops,signal_only_vs_vsl_only,signal_only,vsl_only,paired_ttest,3.8186437371582094,0.0040984290226101115,0.015828415535597672,1.2075611782157298,17.3,49.5,10,none
grid_3_light,total_stops,signal_only_vs_vsl_only,signal_only,vsl_only,wilcoxon_signed_rank,0.0,0.001953125,0.008413461538461538,1.2075611782157298,17.3,49.5,10,none
grid_3_light,total_stops,signal_only_vs_routing_only,signal_only,routing_only,paired_ttest,3.598637874603276,0.005760547427135414,0.02115348563407103,1.1379892157893756,21.097500000000004,65.7,10,none
grid_3_light,total_stops,signal_only_vs_routing_only,signal_only,routing_only,wilcoxon_signed_rank,0.0,0.001953125,0.008413461538461538,1.1379892157893756,21.097500000000004,65.7,10,none
grid_3_light,total_stops,vsl_only_vs_routing_only,vsl_only,routing_only,paired_ttest,2.532458066984397,0.032105623957041814,0.07264302794320572,0.8008335570537954,3.0,16.707499999999992,10,none
grid_3_light,total_stops,vsl_only_vs_routing_only,vsl_only,routing_only,wilcoxon_signed_rank,0.0,0.043114446783075355,0.08325548344318,0.8008335570537954,3.0,16.707499999999992,10,none
grid_3_light,total_stops,combined_vs_signal_only,combined,signal_only,paired_ttest,0.6754747963427675,0.5163519184858811,0.7251588071525854,0.213603885848152,-10.419999999999982,21.40999999999999,10,none
grid_3_light,total_stops,combined_vs_signal_only,combined,signal_only,wilcoxon_signed_rank,5.0,0.5001842570707944,0.7091219847079616,0.213603885848152,-10.419999999999982,21.40999999999999,10,none
grid_3_light,total_stops,combined_vs_vsl_only,combined,vsl_only,paired_ttest,2.97551809575509,0.01556238311032053,0.0484895570170984,0.9409414401633078,16.660000000000036,63.902499999999996,10,none
grid_3_light,total_stops,combined_vs_vsl_only,combined,vsl_only,wilcoxon_signed_rank,0.0,0.001953125,0.008413461538461538,0.9409414401633078,16.660000000000036,63.902499999999996,10,none
grid_3_light,total_stops,combined_vs_routing_only,combined,routing_only,paired_ttest,3.023502980536573,0.01439738483305924,0.047426679450077495,0.9561155930803317,20.497500000000002,79.10749999999999,10,none
grid_3_light,total_stops,combined_vs_routing_only,combined,routing_only,wilcoxon_signed_rank,0.0,0.001953125,0.008413461538461538,0.9561155930803317,20.497500000000002,79.10749999999999,10,none
grid_3_light,predicted_congestion,signal_only_vs_baseline,signal_only,baseline,paired_ttest,3.6212069226748205,0.0055612838858437146,0.02059053868477673,1.1451261754421669,0.021439434437325072,0.06531161735663722,10,none
grid_3_light,predicted_congestion,signal_only_vs_baseline,signal_only,baseline,wilcoxon_signed_rank,0.0,0.001953125,0.008413461538461538,1.1451261754421669,0.021439434437325072,0.06531161735663722,10,none
grid_3_light,predicted_congestion,vsl_only_vs_baseline,vsl_only,baseline,paired_ttest,2.878439427334942,0.018224301562689355,0.049783457927346536,0.910242469720915,0.026553618607473788,0.12366443961699496,10,none
grid_3_light,predicted_congestion,vsl_only_vs_baseline,vsl_only,baseline,wilcoxon_signed_rank,0.0,0.043114446783075355,0.08325548344318,0.910242469720915,0.026553618607473788,0.12366443961699496,10,none
grid_3_light,predicted_congestion,routing_only_vs_baseline,routing_only,baseline,paired_ttest,-0.9491556162836381,0.36733051353244506,0.5413291778372874,-0.30014936013970994,-0.011695479546805046,0.00485085127819494,10,none
grid_3_light,predicted_congestion,routing_only_vs_baseline,routing_only,baseline,wilcoxon_signed_rank,5.0,0.5001842570707944,0.7091219847079616,-0.30014936013970994,-0.011695479546805046,0.00485085127819494,10,none
grid_3_light,predicted_congestion,signal_and_routing_vs_baseline,signal_and_routing,baseline,paired_ttest,7.1490475932641475,5.3719340513885845e-05,0.0006504395824384016,2.260727349565973,0.08436313125131435,0.14504173406892454,10,none
grid_3_light,predicted_congestion,signal_and_routing_vs_baseline,signal_and_routing,baseline,wilcoxon_signed_rank,0.0,0.001953125,0.008413461538461538,2.260727349565973,0.08436313125131435,0.14504173406892454,10,none
grid_3_light,predicted_congestion,signal_and_vsl_vs_baseline,signal_and_vsl,baseline,paired_ttest,9.72373301492711,1.0458790644757187e-05,0.00014198600632882484,3.241244338309037,0.17780360685251717,0.2609969042038712,9,use_with_caution_small_n
grid_3_light,predicted_congestion,signal_and_vsl_vs_baseline,signal_and_vsl,baseline,wilcoxon_signed_rank,0.0,0.00390625,0.015217391304347827,3.241244338309037,0.17780360685251717,0.2609969042038712,9,use_with_caution_small_n
grid_3_light,predicted_congestion,vsl_and_routing_vs_baseline,vsl_and_routing,baseline,paired_ttest,9.980530750034777,3.6367456101878426e-06,6.517048133456615e-05,3.156120942745854,0.16370817077038124,0.24023083340821977,10,none
grid_3_light,predicted_congestion,vsl_and_routing_vs_baseline,vsl_and_routing,baseline,wilcoxon_signed_rank,0.0,0.001953125,0.008413461538461538,3.156120942745854,0.16370817077038124,0.24023083340821977,10,none
grid_3_light,predicted_congestion,combined_vs_baseline,combined,baseline,paired_ttest,3.416532236874826,0.007669901834265127,0.02748892817400622,1.0804023567914365,0.043871128895005634,0.14557197503917976,10,none
grid_3_light,predicted_congestion,combined_vs_baseline,combined,baseline,wilcoxon_signed_rank,0.0,0.001953125,0.008413461538461538,1.0804023567914365,0.043871128895005634,0.14557197503917976,10,none
grid_3_light,predicted_congestion,signal_and_routing_vs_signal_only,signal_and_routing,signal_only,paired_ttest,2.8850138117792326,0.018030126100748965,0.049681728498738725,0.912321472626669,0.02348275403125285,0.11894677583555668,10,none
grid_3_light,predicted_congestion,signal_and_routing_vs_signal_only,signal_and_routing,signal_only,wilcoxon_signed_rank,8.0,0.048828125,0.09229957805907173,0.912321472626669,0.02348275403125285,0.11894677583555668,10,none
grid_3_light,predicted_congestion,signal_and_routing_vs_routing_only,signal_and_routing,routing_only,paired_ttest,8.038057781594015,2.1310815153111255e-05,0.00028080132907628945,2.5418570553877355,0.09054675109754781,0.14610803194733618,10,none
grid_3_light,predicted_congestion,signal_and_routing_vs_routing_only,signal_and_routing,routing_only,wilcoxon_signed_rank,0.0,0.001953125,0.008413461538461538,2.5418570553877355,0.09054675109754781,0.14610803194733618,10,none
grid_3_light,predicted_congestion,signal_and_routing_vs_combined,signal_and_routing,combined,paired_ttest,0.45829107307810946,0.6576083207484156,0.8927531142281521,0.14492436222494995,-0.05864660759544797,0.09692928316896894,10,none
grid_3_light,predicted_congestion,signal_and_routing_vs_combined,signal_and_routing,combined,wilcoxon_signed_rank,19.0,0.431640625,0.6258090614886732,0.14492436222494995,-0.05864660759544797,0.09692928316896894,10,none
grid_3_light,predicted_congestion,signal_only_vs_vsl_only,signal_only,vsl_only,paired_ttest,-1.8244504047180898,0.10138485109528726,0.1779331582060764,-0.5769418756925174,-0.06581877027609516,-0.000168514141764682,10,none
grid_3_light,predicted_congestion,signal_only_vs_vsl_only,signal_only,vsl_only,wilcoxon_signed_rank,15.0,0.232421875,0.35416666666666663,-0.5769418756925174,-0.06581877027609516,-0.000168514141764682,10,none
grid_3_light,predicted_congestion,signal_only_vs_routing_only,signal_only,routing_only,paired_ttest,3.135344994022676,0.012017780908833941,0.041415121901212354,0.991483143151867,0.01958603582382884,0.07416982690558643,10,none
grid_3_light,predicted_congestion,signal_only_vs_routing_only,signal_only,routing_only,wilcoxon_signed_rank,1.0,0.00390625,0.015217391304347827,0.991483143151867,0.01958603582382884,0.07416982690558643,10,none
grid_3_light,predicted_congestion,vsl_only_vs_routing_only,vsl_only,routing_only,paired_ttest,2.8906380110500858,0.01786569349291927,0.049681728498738725,0.9141000005977242,0.027283251229277085,0.1306903958042734,10,none
grid_3_light,predicted_congestion,vsl_only_vs_routing_only,vsl_only,routing_only,wilcoxon_signed_rank,0.0,0.043114446783075355,0.08325548344318,0.9141000005977242,0.027283251229277085,0.1306903958042734,10,none
grid_3_light,predicted_congestion,combined_vs_signal_only,combined,signal_only,paired_ttest,2.731974963565717,0.023149594573905988,0.056983617412691666,0.8639263395423188,0.017175420871182463,0.08744824378069013,10,none
grid_3_light,predicted_congestion,combined_vs_signal_only,combined,signal_only,wilcoxon_signed_rank,0.0,0.043114446783075355,0.08325548344318,0.8639263395423188,0.017175420871182463,0.08744824378069013,10,none
grid_3_light,predicted_congestion,combined_vs_vsl_only,combined,vsl_only,paired_ttest,1.9034840601142282,0.08938864844525114,0.15828503756313245,0.6019345119785828,0.0022958019943246453,0.04367175107805145,10,none
grid_3_light,predicted_congestion,combined_vs_vsl_only,combined,vsl_only,wilcoxon_signed_rank,9.0,0.064453125,0.11882716049382716,0.6019345119785828,0.0022958019943246453,0.04367175107805145,10,none
grid_3_light,predicted_congestion,combined_vs_routing_only,combined,routing_only,paired_ttest,3.2879309525773492,0.009409368600572517,0.0331921034098936,1.039735059951149,0.04215207557740532,0.15580817252506146,10,none
grid_3_light,predicted_congestion,combined_vs_routing_only,combined,routing_only,wilcoxon_signed_rank,0.0,0.001953125,0.008413461538461538,1.039735059951149,0.04215207557740532,0.15580817252506146,10,none
grid_3_light,vsl_activations,signal_only_vs_baseline,signal_only,baseline,paired_ttest,0.0,1.0,1.0,0.0,,,10,none
grid_3_light,vsl_activations,signal_only_vs_baseline,signal_only,baseline,wilcoxon_signed_rank,0.0,1.0,1.0,0.0,,,10,none
grid_3_light,vsl_activations,vsl_only_vs_baseline,vsl_only,baseline,paired_ttest,0.0,1.0,1.0,0.0,,,10,none
grid_3_light,vsl_activations,vsl_only_vs_baseline,vsl_only,baseline,wilcoxon_signed_rank,0.0,1.0,1.0,0.0,,,10,none
grid_3_light,vsl_activations,routing_only_vs_baseline,routing_only,baseline,paired_ttest,0.0,1.0,1.0,0.0,,,10,none
grid_3_light,vsl_activations,routing_only_vs_baseline,routing_only,baseline,wilcoxon_signed_rank,0.0,1.0,1.0,0.0,,,10,none
grid_3_light,vsl_activations,signal_and_routing_vs_baseline,signal_and_routing,baseline,paired_ttest,0.0,1.0,1.0,0.0,,,10,none
grid_3_light,vsl_activations,signal_and_routing_vs_baseline,signal_and_routing,baseline,wilcoxon_signed_rank,0.0,1.0,1.0,0.0,,,10,none
grid_3_light,vsl_activations,signal_and_vsl_vs_baseline,signal_and_vsl,baseline,paired_ttest,0.0,1.0,1.0,0.0,,,9,use_with_caution_small_n
grid_3_light,vsl_activations,signal_and_vsl_vs_baseline,signal_and_vsl,baseline,wilcoxon_signed_rank,0.0,1.0,1.0,0.0,,,9,use_with_caution_small_n
grid_3_light,vsl_activations,vsl_and_routing_vs_baseline,vsl_and_routing,baseline,paired_ttest,0.0,1.0,1.0,0.0,,,10,none
grid_3_light,vsl_activations,vsl_and_routing_vs_baseline,vsl_and_routing,baseline,wilcoxon_signed_rank,0.0,1.0,1.0,0.0,,,10,none
grid_3_light,vsl_activations,combined_vs_baseline,combined,baseline,paired_ttest,0.0,1.0,1.0,0.0,,,10,none
grid_3_light,vsl_activations,combined_vs_baseline,combined,baseline,wilcoxon_signed_rank,0.0,1.0,1.0,0.0,,,10,none
grid_3_light,vsl_activations,signal_and_routing_vs_signal_only,signal_and_routing,signal_only,paired_ttest,0.0,1.0,1.0,0.0,,,10,none
grid_3_light,vsl_activations,signal_and_routing_vs_signal_only,signal_and_routing,signal_only,wilcoxon_signed_rank,0.0,1.0,1.0,0.0,,,10,none
grid_3_light,vsl_activations,signal_and_routing_vs_routing_only,signal_and_routing,routing_only,paired_ttest,0.0,1.0,1.0,0.0,,,10,none
grid_3_light,vsl_activations,signal_and_routing_vs_routing_only,signal_and_routing,routing_only,wilcoxon_signed_rank,0.0,1.0,1.0,0.0,,,10,none
grid_3_light,vsl_activations,signal_and_routing_vs_combined,signal_and_routing,combined,paired_ttest,0.0,1.0,1.0,0.0,,,10,none
grid_3_light,vsl_activations,signal_and_routing_vs_combined,signal_and_routing,combined,wilcoxon_signed_rank,0.0,1.0,1.0,0.0,,,10,none
grid_3_light,vsl_activations,signal_only_vs_vsl_only,signal_only,vsl_only,paired_ttest,0.0,1.0,1.0,0.0,,,10,none
grid_3_light,vsl_activations,signal_only_vs_vsl_only,signal_only,vsl_only,wilcoxon_signed_rank,0.0,1.0,1.0,0.0,,,10,none
grid_3_light,vsl_activations,signal_only_vs_routing_only,signal_only,routing_only,paired_ttest,0.0,1.0,1.0,0.0,,,10,none
grid_3_light,vsl_activations,signal_only_vs_routing_only,signal_only,routing_only,wilcoxon_signed_rank,0.0,1.0,1.0,0.0,,,10,none
grid_3_light,vsl_activations,vsl_only_vs_routing_only,vsl_only,routing_only,paired_ttest,0.0,1.0,1.0,0.0,,,10,none
grid_3_light,vsl_activations,vsl_only_vs_routing_only,vsl_only,routing_only,wilcoxon_signed_rank,0.0,1.0,1.0,0.0,,,10,none
grid_3_light,vsl_activations,combined_vs_signal_only,combined,signal_only,paired_ttest,0.0,1.0,1.0,0.0,,,10,none
grid_3_light,vsl_activations,combined_vs_signal_only,combined,signal_only,wilcoxon_signed_rank,0.0,1.0,1.0,0.0,,,10,none
grid_3_light,vsl_activations,combined_vs_vsl_only,combined,vsl_only,paired_ttest,0.0,1.0,1.0,0.0,,,10,none
grid_3_light,vsl_activations,combined_vs_vsl_only,combined,vsl_only,wilcoxon_signed_rank,0.0,1.0,1.0,0.0,,,10,none
grid_3_light,vsl_activations,combined_vs_routing_only,combined,routing_only,paired_ttest,0.0,1.0,1.0,0.0,,,10,none
grid_3_light,vsl_activations,combined_vs_routing_only,combined,routing_only,wilcoxon_signed_rank,0.0,1.0,1.0,0.0,,,10,none
grid_3_light,routing_reroutes,signal_only_vs_baseline,signal_only,baseline,paired_ttest,0.0,1.0,1.0,0.0,,,10,none
grid_3_light,routing_reroutes,signal_only_vs_baseline,signal_only,baseline,wilcoxon_signed_rank,0.0,1.0,1.0,0.0,,,10,none
grid_3_light,routing_reroutes,vsl_only_vs_baseline,vsl_only,baseline,paired_ttest,0.0,1.0,1.0,0.0,,,10,none
grid_3_light,routing_reroutes,vsl_only_vs_baseline,vsl_only,baseline,wilcoxon_signed_rank,0.0,1.0,1.0,0.0,,,10,none
grid_3_light,routing_reroutes,routing_only_vs_baseline,routing_only,baseline,paired_ttest,0.0,1.0,1.0,0.0,,,10,none
grid_3_light,routing_reroutes,routing_only_vs_baseline,routing_only,baseline,wilcoxon_signed_rank,0.0,1.0,1.0,0.0,,,10,none
grid_3_light,routing_reroutes,signal_and_routing_vs_baseline,signal_and_routing,baseline,paired_ttest,0.0,1.0,1.0,0.0,,,10,none
grid_3_light,routing_reroutes,signal_and_routing_vs_baseline,signal_and_routing,baseline,wilcoxon_signed_rank,0.0,1.0,1.0,0.0,,,10,none
grid_3_light,routing_reroutes,signal_and_vsl_vs_baseline,signal_and_vsl,baseline,paired_ttest,0.0,1.0,1.0,0.0,,,9,use_with_caution_small_n
grid_3_light,routing_reroutes,signal_and_vsl_vs_baseline,signal_and_vsl,baseline,wilcoxon_signed_rank,0.0,1.0,1.0,0.0,,,9,use_with_caution_small_n
grid_3_light,routing_reroutes,vsl_and_routing_vs_baseline,vsl_and_routing,baseline,paired_ttest,0.0,1.0,1.0,0.0,,,10,none
grid_3_light,routing_reroutes,vsl_and_routing_vs_baseline,vsl_and_routing,baseline,wilcoxon_signed_rank,0.0,1.0,1.0,0.0,,,10,none
grid_3_light,routing_reroutes,combined_vs_baseline,combined,baseline,paired_ttest,0.0,1.0,1.0,0.0,,,10,none
grid_3_light,routing_reroutes,combined_vs_baseline,combined,baseline,wilcoxon_signed_rank,0.0,1.0,1.0,0.0,,,10,none
grid_3_light,routing_reroutes,signal_and_routing_vs_signal_only,signal_and_routing,signal_only,paired_ttest,0.0,1.0,1.0,0.0,,,10,none
grid_3_light,routing_reroutes,signal_and_routing_vs_signal_only,signal_and_routing,signal_only,wilcoxon_signed_rank,0.0,1.0,1.0,0.0,,,10,none
grid_3_light,routing_reroutes,signal_and_routing_vs_routing_only,signal_and_routing,routing_only,paired_ttest,0.0,1.0,1.0,0.0,,,10,none
grid_3_light,routing_reroutes,signal_and_routing_vs_routing_only,signal_and_routing,routing_only,wilcoxon_signed_rank,0.0,1.0,1.0,0.0,,,10,none
grid_3_light,routing_reroutes,signal_and_routing_vs_combined,signal_and_routing,combined,paired_ttest,0.0,1.0,1.0,0.0,,,10,none
grid_3_light,routing_reroutes,signal_and_routing_vs_combined,signal_and_routing,combined,wilcoxon_signed_rank,0.0,1.0,1.0,0.0,,,10,none
grid_3_light,routing_reroutes,signal_only_vs_vsl_only,signal_only,vsl_only,paired_ttest,0.0,1.0,1.0,0.0,,,10,none
grid_3_light,routing_reroutes,signal_only_vs_vsl_only,signal_only,vsl_only,wilcoxon_signed_rank,0.0,1.0,1.0,0.0,,,10,none
grid_3_light,routing_reroutes,signal_only_vs_routing_only,signal_only,routing_only,paired_ttest,0.0,1.0,1.0,0.0,,,10,none
grid_3_light,routing_reroutes,signal_only_vs_routing_only,signal_only,routing_only,wilcoxon_signed_rank,0.0,1.0,1.0,0.0,,,10,none
grid_3_light,routing_reroutes,vsl_only_vs_routing_only,vsl_only,routing_only,paired_ttest,0.0,1.0,1.0,0.0,,,10,none
grid_3_light,routing_reroutes,vsl_only_vs_routing_only,vsl_only,routing_only,wilcoxon_signed_rank,0.0,1.0,1.0,0.0,,,10,none
grid_3_light,routing_reroutes,combined_vs_signal_only,combined,signal_only,paired_ttest,0.0,1.0,1.0,0.0,,,10,none
grid_3_light,routing_reroutes,combined_vs_signal_only,combined,signal_only,wilcoxon_signed_rank,0.0,1.0,1.0,0.0,,,10,none
grid_3_light,routing_reroutes,combined_vs_vsl_only,combined,vsl_only,paired_ttest,0.0,1.0,1.0,0.0,,,10,none
grid_3_light,routing_reroutes,combined_vs_vsl_only,combined,vsl_only,wilcoxon_signed_rank,0.0,1.0,1.0,0.0,,,10,none
grid_3_light,routing_reroutes,combined_vs_routing_only,combined,routing_only,paired_ttest,0.0,1.0,1.0,0.0,,,10,none
grid_3_light,routing_reroutes,combined_vs_routing_only,combined,routing_only,wilcoxon_signed_rank,0.0,1.0,1.0,0.0,,,10,none
grid_3_light,max_predicted_congestion_observed,signal_only_vs_baseline,signal_only,baseline,paired_ttest,0.0,1.0,1.0,0.0,,,10,none
grid_3_light,max_predicted_congestion_observed,signal_only_vs_baseline,signal_only,baseline,wilcoxon_signed_rank,0.0,1.0,1.0,0.0,,,10,none
grid_3_light,max_predicted_congestion_observed,vsl_only_vs_baseline,vsl_only,baseline,paired_ttest,0.0,1.0,1.0,0.0,,,10,none
grid_3_light,max_predicted_congestion_observed,vsl_only_vs_baseline,vsl_only,baseline,wilcoxon_signed_rank,0.0,1.0,1.0,0.0,,,10,none
grid_3_light,max_predicted_congestion_observed,routing_only_vs_baseline,routing_only,baseline,paired_ttest,0.0,1.0,1.0,0.0,,,10,none
grid_3_light,max_predicted_congestion_observed,routing_only_vs_baseline,routing_only,baseline,wilcoxon_signed_rank,0.0,1.0,1.0,0.0,,,10,none
grid_3_light,max_predicted_congestion_observed,signal_and_routing_vs_baseline,signal_and_routing,baseline,paired_ttest,0.0,1.0,1.0,0.0,,,10,none
grid_3_light,max_predicted_congestion_observed,signal_and_routing_vs_baseline,signal_and_routing,baseline,wilcoxon_signed_rank,0.0,1.0,1.0,0.0,,,10,none
grid_3_light,max_predicted_congestion_observed,signal_and_vsl_vs_baseline,signal_and_vsl,baseline,paired_ttest,0.0,1.0,1.0,0.0,,,9,use_with_caution_small_n
grid_3_light,max_predicted_congestion_observed,signal_and_vsl_vs_baseline,signal_and_vsl,baseline,wilcoxon_signed_rank,0.0,1.0,1.0,0.0,,,9,use_with_caution_small_n
grid_3_light,max_predicted_congestion_observed,vsl_and_routing_vs_baseline,vsl_and_routing,baseline,paired_ttest,0.0,1.0,1.0,0.0,,,10,none
grid_3_light,max_predicted_congestion_observed,vsl_and_routing_vs_baseline,vsl_and_routing,baseline,wilcoxon_signed_rank,0.0,1.0,1.0,0.0,,,10,none
grid_3_light,max_predicted_congestion_observed,combined_vs_baseline,combined,baseline,paired_ttest,0.0,1.0,1.0,0.0,,,10,none
grid_3_light,max_predicted_congestion_observed,combined_vs_baseline,combined,baseline,wilcoxon_signed_rank,0.0,1.0,1.0,0.0,,,10,none
grid_3_light,max_predicted_congestion_observed,signal_and_routing_vs_signal_only,signal_and_routing,signal_only,paired_ttest,0.0,1.0,1.0,0.0,,,10,none
grid_3_light,max_predicted_congestion_observed,signal_and_routing_vs_signal_only,signal_and_routing,signal_only,wilcoxon_signed_rank,0.0,1.0,1.0,0.0,,,10,none
grid_3_light,max_predicted_congestion_observed,signal_and_routing_vs_routing_only,signal_and_routing,routing_only,paired_ttest,0.0,1.0,1.0,0.0,,,10,none
grid_3_light,max_predicted_congestion_observed,signal_and_routing_vs_routing_only,signal_and_routing,routing_only,wilcoxon_signed_rank,0.0,1.0,1.0,0.0,,,10,none
grid_3_light,max_predicted_congestion_observed,signal_and_routing_vs_combined,signal_and_routing,combined,paired_ttest,0.0,1.0,1.0,0.0,,,10,none
grid_3_light,max_predicted_congestion_observed,signal_and_routing_vs_combined,signal_and_routing,combined,wilcoxon_signed_rank,0.0,1.0,1.0,0.0,,,10,none
grid_3_light,max_predicted_congestion_observed,signal_only_vs_vsl_only,signal_only,vsl_only,paired_ttest,0.0,1.0,1.0,0.0,,,10,none
grid_3_light,max_predicted_congestion_observed,signal_only_vs_vsl_only,signal_only,vsl_only,wilcoxon_signed_rank,0.0,1.0,1.0,0.0,,,10,none
grid_3_light,max_predicted_congestion_observed,signal_only_vs_routing_only,signal_only,routing_only,paired_ttest,0.0,1.0,1.0,0.0,,,10,none
grid_3_light,max_predicted_congestion_observed,signal_only_vs_routing_only,signal_only,routing_only,wilcoxon_signed_rank,0.0,1.0,1.0,0.0,,,10,none
grid_3_light,max_predicted_congestion_observed,vsl_only_vs_routing_only,vsl_only,routing_only,paired_ttest,0.0,1.0,1.0,0.0,,,10,none
grid_3_light,max_predicted_congestion_observed,vsl_only_vs_routing_only,vsl_only,routing_only,wilcoxon_signed_rank,0.0,1.0,1.0,0.0,,,10,none
grid_3_light,max_predicted_congestion_observed,combined_vs_signal_only,combined,signal_only,paired_ttest,0.0,1.0,1.0,0.0,,,10,none
grid_3_light,max_predicted_congestion_observed,combined_vs_signal_only,combined,signal_only,wilcoxon_signed_rank,0.0,1.0,1.0,0.0,,,10,none
grid_3_light,max_predicted_congestion_observed,combined_vs_vsl_only,combined,vsl_only,paired_ttest,0.0,1.0,1.0,0.0,,,10,none
grid_3_light,max_predicted_congestion_observed,combined_vs_vsl_only,combined,vsl_only,wilcoxon_signed_rank,0.0,1.0,1.0,0.0,,,10,none
grid_3_light,max_predicted_congestion_observed,combined_vs_routing_only,combined,routing_only,paired_ttest,0.0,1.0,1.0,0.0,,,10,none
grid_3_light,max_predicted_congestion_observed,combined_vs_routing_only,combined,routing_only,wilcoxon_signed_rank,0.0,1.0,1.0,0.0,,,10,none
grid_3_moderate_single_peak,total_vehicles,signal_only_vs_baseline,signal_only,baseline,paired_ttest,39.22999180769683,2.2591592261839268e-11,2.9767745097952915e-10,12.40561267020682,239.7975,263.6,10,none
grid_3_moderate_single_peak,total_vehicles,signal_only_vs_baseline,signal_only,baseline,wilcoxon_signed_rank,0.0,0.001953125,0.003125,12.40561267020682,239.7975,263.6,10,none
grid_3_moderate_single_peak,total_vehicles,vsl_only_vs_baseline,vsl_only,baseline,paired_ttest,22.503180597195648,3.2016437621344915e-09,2.472993802476297e-08,7.116130528524633,248.79000000000002,296.5025,10,none
grid_3_moderate_single_peak,total_vehicles,vsl_only_vs_baseline,vsl_only,baseline,wilcoxon_signed_rank,0.0,0.001953125,0.003125,7.116130528524633,248.79000000000002,296.5025,10,none
grid_3_moderate_single_peak,total_vehicles,routing_only_vs_baseline,routing_only,baseline,paired_ttest,-2.50073269984552,0.03382114314223676,0.04563816905940382,-0.7908011150774045,-7.8,-1.3,10,none
grid_3_moderate_single_peak,total_vehicles,routing_only_vs_baseline,routing_only,baseline,wilcoxon_signed_rank,4.0,0.027710036659135597,0.03784785494906326,-0.7908011150774045,-7.8,-1.3,10,none
grid_3_moderate_single_peak,total_vehicles,signal_and_routing_vs_baseline,signal_and_routing,baseline,paired_ttest,62.38936433266502,3.521863393828379e-13,9.861217502719462e-12,19.729249306129248,246.6975,261.5025,10,none
grid_3_moderate_single_peak,total_vehicles,signal_and_routing_vs_baseline,signal_and_routing,baseline,wilcoxon_signed_rank,0.0,0.001953125,0.003125,19.729249306129248,246.6975,261.5025,10,none
grid_3_moderate_single_peak,total_vehicles,signal_and_vsl_vs_baseline,signal_and_vsl,baseline,paired_ttest,57.852762063401656,6.93717728789992e-13,1.473501611569636e-11,18.294649705213175,334.4925,356.40999999999997,10,none
grid_3_moderate_single_peak,total_vehicles,signal_and_vsl_vs_baseline,signal_and_vsl,baseline,wilcoxon_signed_rank,0.0,0.001953125,0.003125,18.294649705213175,334.4925,356.40999999999997,10,none
grid_3_moderate_single_peak,total_vehicles,vsl_and_routing_vs_baseline,vsl_and_routing,baseline,paired_ttest,23.250471298113844,2.3968791699058664e-09,2.0260412605996758e-08,7.35244459744115,252.0,299.6125,10,none
grid_3_moderate_single_peak,total_vehicles,vsl_and_routing_vs_baseline,vsl_and_routing,baseline,wilcoxon_signed_rank,0.0,0.001953125,0.003125,7.35244459744115,252.0,299.6125,10,none
grid_3_moderate_single_peak,total_vehicles,combined_vs_baseline,combined,baseline,paired_ttest,55.92833560373718,9.398944959136705e-13,1.619510516035863e-11,17.686092625009785,333.4,356.7075,10,none
grid_3_moderate_single_peak,total_vehicles,combined_vs_baseline,combined,baseline,wilcoxon_signed_rank,0.0,0.001953125,0.003125,17.686092625009785,333.4,356.7075,10,none
grid_3_moderate_single_peak,total_vehicles,signal_and_routing_vs_signal_only,signal_and_routing,signal_only,paired_ttest,0.6193822983068679,0.5510198734592731,0.6171422582743858,0.19586588050395556,-3.4024999999999976,8.102499999999997,10,none
grid_3_moderate_single_peak,total_vehicles,signal_and_routing_vs_signal_only,signal_and_routing,signal_only,wilcoxon_signed_rank,27.0,1.0,1.0,0.19586588050395556,-3.4024999999999976,8.102499999999997,10,none
grid_3_moderate_single_peak,total_vehicles,signal_and_routing_vs_routing_only,signal_and_routing,routing_only,paired_ttest,61.43101337819679,4.04715244975992e-13,1.0072912763846911e-11,19.426192124737653,251.1,266.1,10,none
grid_3_moderate_single_peak,total_vehicles,signal_and_routing_vs_routing_only,signal_and_routing,routing_only,wilcoxon_signed_rank,0.0,0.001953125,0.003125,19.426192124737653,251.1,266.1,10,none
grid_3_moderate_single_peak,total_vehicles,signal_and_routing_vs_combined,signal_and_routing,combined,paired_ttest,-22.75190434166316,2.9045796468287593e-09,2.3236637174630157e-08,-7.194783882592937,-100.0075,-83.7975,10,none
grid_3_moderate_single_peak,total_vehicles,signal_and_routing_vs_combined,signal_and_routing,combined,wilcoxon_signed_rank,0.0,0.001953125,0.003125,-7.194783882592937,-100.0075,-83.7975,10,none
grid_3_moderate_single_peak,total_vehicles,signal_only_vs_vsl_only,signal_only,vsl_only,paired_ttest,-2.2779088146892863,0.04872884074295016,0.06340579710144927,-0.7203380156592563,-39.8,-2.7,10,none
grid_3_moderate_single_peak,total_vehicles,signal_only_vs_vsl_only,signal_only,vsl_only,wilcoxon_signed_rank,8.0,0.048828125,0.06340579710144927,-0.7203380156592563,-39.8,-2.7,10,none
grid_3_moderate_single_peak,total_vehicles,signal_only_vs_routing_only,signal_only,routing_only,paired_ttest,38.744730463304336,2.525437559743352e-11,3.142766741013949e-10,12.252159559335258,243.595,268.6025,10,none
grid_3_moderate_single_peak,total_vehicles,signal_only_vs_routing_only,signal_only,routing_only,wilcoxon_signed_rank,0.0,0.001953125,0.003125,12.252159559335258,243.595,268.6025,10,none
grid_3_moderate_single_peak,total_vehicles,vsl_only_vs_routing_only,vsl_only,routing_only,paired_ttest,21.286973163218278,5.23479076662677e-09,3.553312520376959e-08,6.731531968664897,251.9875,302.7,10,none
grid_3_moderate_single_peak,total_vehicles,vsl_only_vs_routing_only,vsl_only,routing_only,wilcoxon_signed_rank,0.0,0.001953125,0.003125,6.731531968664897,251.9875,302.7,10,none
grid_3_moderate_single_peak,total_vehicles,combined_vs_signal_only,combined,signal_only,paired_ttest,27.45049896827023,5.480530201099363e-10,5.709947744401217e-09,8.68060996478361,87.5975,100.5025,10,none
grid_3_moderate_single_peak,total_vehicles,combined_vs_signal_only,combined,signal_only,wilcoxon_signed_rank,0.0,0.001953125,0.003125,8.68060996478361,87.5975,100.5025,10,none
grid_3_moderate_single_peak,total_vehicles,combined_vs_vsl_only,combined,vsl_only,paired_ttest,6.843719190202695,7.526176347845852e-05,0.00026549031526259387,2.1641740307643613,52.995000000000005,94.71499999999999,10,none
grid_3_moderate_single_peak,total_vehicles,combined_vs_vsl_only,combined,vsl_only,wilcoxon_signed_rank,0.0,0.001953125,0.003125,2.1641740307643613,52.995000000000005,94.71499999999999,10,none
grid_3_moderate_single_peak,total_vehicles,combined_vs_routing_only,combined,routing_only,paired_ttest,57.29728523192889,7.5648520236834e-13,1.473501611569636e-11,18.11899250772243,337.9975,361.205,10,none
grid_3_moderate_single_peak,total_vehicles,combined_vs_routing_only,combined,routing_only,wilcoxon_signed_rank,0.0,0.001953125,0.003125,18.11899250772243,337.9975,361.205,10,none
grid_3_moderate_single_peak,avg_speed,signal_only_vs_baseline,signal_only,baseline,paired_ttest,-17.75844485114081,2.5835878843674863e-08,1.5031784054501738e-07,-5.615713343209476,-5.320915432870192,-4.2216124396633905,10,none
grid_3_moderate_single_peak,avg_speed,signal_only_vs_baseline,signal_only,baseline,wilcoxon_signed_rank,0.0,0.001953125,0.003125,-5.615713343209476,-5.320915432870192,-4.2216124396633905,10,none
grid_3_moderate_single_peak,avg_speed,vsl_only_vs_baseline,vsl_only,baseline,paired_ttest,-23.11576502600645,2.5235819744529266e-09,2.093638378805391e-08,-7.309846733944174,-5.299289206604796,-4.499005956736394,10,none
grid_3_moderate_single_peak,avg_speed,vsl_only_vs_baseline,vsl_only,baseline,wilcoxon_signed_rank,0.0,0.001953125,0.003125,-7.309846733944174,-5.299289206604796,-4.499005956736394,10,none
grid_3_moderate_single_peak,avg_speed,routing_only_vs_baseline,routing_only,baseline,paired_ttest,1.4336922733280402,0.1854735835711836,0.22579392782578875,0.45337330475012794,-0.028748487134242617,0.2837955730764732,10,none
grid_3_moderate_single_peak,avg_speed,routing_only_vs_baseline,routing_only,baseline,wilcoxon_signed_rank,15.0,0.232421875,0.27915549597855227,0.45337330475012794,-0.028748487134242617,0.2837955730764732,10,none
grid_3_moderate_single_peak,avg_speed,signal_and_routing_vs_baseline,signal_and_routing,baseline,paired_ttest,-19.457987926932688,1.156761540842429e-08,7.19762736524178e-08,-6.153156053316527,-5.169138583583295,-4.220826473439602,10,none
grid_3_moderate_single_peak,avg_speed,signal_and_routing_vs_baseline,signal_and_routing,baseline,wilcoxon_signed_rank,0.0,0.001953125,0.003125,-6.153156053316527,-5.169138583583295,-4.220826473439602,10,none
grid_3_moderate_single_peak,avg_speed,signal_and_vsl_vs_baseline,signal_and_vsl,baseline,paired_ttest,-58.82345431864881,5.974491208974421e-13,1.4087221376950213e-11,-18.60160954857983,-5.686205258062783,-5.336300086467737,10,none
grid_3_moderate_single_peak,avg_speed,signal_and_vsl_vs_baseline,signal_and_vsl,baseline,wilcoxon_signed_rank,0.0,0.001953125,0.003125,-18.60160954857983,-5.686205258062783,-5.336300086467737,10,none
grid_3_moderate_single_peak,avg_speed,vsl_and_routing_vs_baseline,vsl_and_routing,baseline,paired_ttest,-27.257743097964237,5.835365532260134e-10,5.941463087392136e-09,-8.619655206530114,-5.2605738352486355,-4.580807597562576,10,none
grid_3_moderate_single_peak,avg_speed,vsl_and_routing_vs_baseline,vsl_and_routing,baseline,wilcoxon_signed_rank,0.0,0.001953125,0.003125,-8.619655206530114,-5.2605738352486355,-4.580807597562576,10,none
grid_3_moderate_single_peak,avg_speed,combined_vs_baseline,combined,baseline,paired_ttest,-56.66522152842446,8.356964617497275e-13,1.5599667285994916e-11,-17.9191164147829,-5.6701675487319285,-5.310727710937795,10,none
grid_3_moderate_single_peak,avg_speed,combined_vs_baseline,combined,baseline,wilcoxon_signed_rank,0.0,0.001953125,0.003125,-17.9191164147829,-5.6701675487319285,-5.310727710937795,10,none
grid_3_moderate_single_peak,avg_speed,signal_and_routing_vs_signal_only,signal_and_routing,signal_only,paired_ttest,1.3517255402370034,0.2094542607507655,0.2522459914417821,0.42745314785705096,-0.05207393293947382,0.22864324104020503,10,none
grid_3_moderate_single_peak,avg_speed,signal_and_routing_vs_signal_only,signal_and_routing,signal_only,wilcoxon_signed_rank,13.0,0.16015625,0.1955040871934605,0.42745314785705096,-0.05207393293947382,0.22864324104020503,10,none
grid_3_moderate_single_peak,avg_speed,signal_and_routing_vs_routing_only,signal_and_routing,routing_only,paired_ttest,-20.039331088829762,8.923542449528345e-09,5.786643234507347e-08,-6.336992902692405,-5.279344887257915,-4.34113822778005,10,none
grid_3_moderate_single_peak,avg_speed,signal_and_routing_vs_routing_only,signal_and_routing,routing_only,wilcoxon_signed_rank,0.0,0.001953125,0.003125,-6.336992902692405,-5.279344887257915,-4.34113822778005,10,none
grid_3_moderate_single_peak,avg_speed,signal_and_routing_vs_combined,signal_and_routing,combined,paired_ttest,3.1275390959185305,0.012169858529000167,0.017759272381081676,0.9890147014326379,0.34221137780544714,1.257725443368003,10,none
grid_3_moderate_single_peak,avg_speed,signal_and_routing_vs_combined,signal_and_routing,combined,wilcoxon_signed_rank,1.0,0.00390625,0.006118881118881119,0.9890147014326379,0.34221137780544714,1.257725443368003,10,none
grid_3_moderate_single_peak,avg_speed,signal_only_vs_vsl_only,signal_only,vsl_only,paired_ttest,0.22495452488339854,0.827039208477947,0.8971272769930272,0.07113686685925631,-0.42063178324975947,0.5680845625122987,10,none
grid_3_moderate_single_peak,avg_speed,signal_only_vs_vsl_only,signal_only,vsl_only,wilcoxon_signed_rank,23.0,0.6953125,0.7616136919315403,0.07113686685925631,-0.42063178324975947,0.5680845625122987,10,none
grid_3_moderate_single_peak,avg_speed,signal_only_vs_routing_only,signal_only,routing_only,paired_ttest,-18.45514404819544,1.8427547555035467e-08,1.1308960691309437e-07,-5.836028973879788,-5.419640770274506,-4.366796778830538,10,none
grid_3_moderate_single_peak,avg_speed,signal_only_vs_routing_only,signal_only,routing_only,wilcoxon_signed_rank,0.0,0.001953125,0.003125,-5.836028973879788,-5.419640770274506,-4.366796778830538,10,none
grid_3_moderate_single_peak,avg_speed,vsl_only_vs_routing_only,vsl_only,routing_only,paired_ttest,-33.019576108899585,1.0551665564419177e-10,1.243985834963103e-09,-10.441706787740271,-5.3134180411993235,-4.730751133706945,10,none
grid_3_moderate_single_peak,avg_speed,vsl_only_vs_routing_only,vsl_only,routing_only,wilcoxon_signed_rank,0.0,0.001953125,0.003125,-10.441706787740271,-5.3134180411993235,-4.730751133706945,10,none
grid_3_moderate_single_peak,avg_speed,combined_vs_signal_only,combined,signal_only,paired_ttest,-2.422637246922429,0.038443997145747144,0.051411673794909615,-0.7661051644634624,-1.2234066763081952,-0.20803206841863744,10,none
grid_3_moderate_single_peak,avg_speed,combined_vs_signal_only,combined,signal_only,wilcoxon_signed_rank,6.0,0.02734375,0.03757668711656442,-0.7661051644634624,-1.2234066763081952,-0.20803206841863744,10,none
grid_3_moderate_single_peak,avg_speed,combined_vs_vsl_only,combined,vsl_only,paired_ttest,-4.018001781466319,0.0030271576614166,0.004809101533030627,-1.2706037272047692,-0.8509376430068508,-0.3162445577476344,10,none
grid_3_moderate_single_peak,avg_speed,combined_vs_vsl_only,combined,vsl_only,wilcoxon_signed_rank,0.0,0.001953125,0.003125,-1.2706037272047692,-0.8509376430068508,-0.3162445577476344,10,none
grid_3_moderate_single_peak,avg_speed,combined_vs_routing_only,combined,routing_only,paired_ttest,-134.95842054772666,3.4213165580327714e-16,2.902523958451151e-14,-42.677599834968525,-5.682732022826922,-5.532804084139889,10,none
grid_3_moderate_single_peak,avg_speed,combined_vs_routing_only,combined,routing_only,wilcoxon_signed_rank,0.0,0.001953125,0.003125,-42.677599834968525,-5.682732022826922,-5.532804084139889,10,none
grid_3_moderate_single_peak,avg_waiting_time,signal_only_vs_baseline,signal_only,baseline,paired_ttest,10.94541833602619,1.6788810498035186e-06,7.597360710221983e-06,3.461245188521297,53.07517096314514,76.1398775416718,10,none
grid_3_moderate_single_peak,avg_waiting_time,signal_only_vs_baseline,signal_only,baseline,wilcoxon_signed_rank,0.0,0.001953125,0.003125,3.461245188521297,53.07517096314514,76.1398775416718,10,none
grid_3_moderate_single_peak,avg_waiting_time,vsl_only_vs_baseline,vsl_only,baseline,paired_ttest,6.545301444556376,0.0001057444428714058,0.0003644116185106908,2.0698060537188447,10.073357336765277,17.383405599719847,10,none
grid_3_moderate_single_peak,avg_waiting_time,vsl_only_vs_baseline,vsl_only,baseline,wilcoxon_signed_rank,0.0,0.001953125,0.003125,2.0698060537188447,10.073357336765277,17.383405599719847,10,none
grid_3_moderate_single_peak,avg_waiting_time,routing_only_vs_baseline,routing_only,baseline,paired_ttest,-0.9716886235809457,0.3565943879223208,0.41711301772637005,-0.3072749226989786,-0.46239386828922574,0.16248666491129102,10,none
grid_3_moderate_single_peak,avg_waiting_time,routing_only_vs_baseline,routing_only,baseline,wilcoxon_signed_rank,16.0,0.275390625,0.328125,-0.3072749226989786,-0.46239386828922574,0.16248666491129102,10,none
grid_3_moderate_single_peak,avg_waiting_time,signal_and_routing_vs_baseline,signal_and_routing,baseline,paired_ttest,9.133359359777806,7.568886606050121e-06,3.2604434610677445e-05,2.888221826571513,45.93238680681459,70.18903708487913,10,none
grid_3_moderate_single_peak,avg_waiting_time,signal_and_routing_vs_baseline,signal_and_routing,baseline,wilcoxon_signed_rank,0.0,0.001953125,0.003125,2.888221826571513,45.93238680681459,70.18903708487913,10,none
grid_3_moderate_single_peak,avg_waiting_time,signal_and_vsl_vs_baseline,signal_and_vsl,baseline,paired_ttest,13.633384801868868,2.5786931278002275e-07,1.269510462917035e-06,4.311254819142904,39.59994761562626,52.544498752175926,10,none
grid_3_moderate_single_peak,avg_waiting_time,signal_and_vsl_vs_baseline,signal_and_vsl,baseline,wilcoxon_signed_rank,0.0,0.001953125,0.003125,4.311254819142904,39.59994761562626,52.544498752175926,10,none
grid_3_moderate_single_peak,avg_waiting_time,vsl_and_routing_vs_baseline,vsl_and_routing,baseline,paired_ttest,8.388604894086193,1.5123408970191662e-05,5.790843776620397e-05,2.65270978565479,8.577521887633175,13.320431935479139,10,none
grid_3_moderate_single_peak,avg_waiting_time,vsl_and_routing_vs_baseline,vsl_and_routing,baseline,wilcoxon_signed_rank,0.0,0.001953125,0.003125,2.65270978565479,8.577521887633175,13.320431935479139,10,none
grid_3_moderate_single_peak,avg_waiting_time,combined_vs_baseline,combined,baseline,paired_ttest,11.467600395480996,1.1322753891900064e-06,5.1761160648686e-06,3.6263736546367626,37.097762154654134,51.54410818268551,10,none
grid_3_moderate_single_peak,avg_waiting_time,combined_vs_baseline,combined,baseline,wilcoxon_signed_rank,0.0,0.001953125,0.003125,3.6263736546367626,37.097762154654134,51.54410818268551,10,none
grid_3_moderate_single_peak,avg_waiting_time,signal_and_routing_vs_signal_only,signal_and_routing,signal_only,paired_ttest,-2.89981859592958,0.017600571459008268,0.02503192385281176,-0.9170031564448947,-11.54129283643318,-2.2263577186436736,10,none
grid_3_moderate_single_peak,avg_waiting_time,signal_and_routing_vs_signal_only,signal_and_routing,signal_only,wilcoxon_signed_rank,6.0,0.02734375,0.03757668711656442,-0.9170031564448947,-11.54129283643318,-2.2263577186436736,10,none
grid_3_moderate_single_peak,avg_waiting_time,signal_and_routing_vs_routing_only,signal_and_routing,routing_only,paired_ttest,9.105061996994955,7.763943967509738e-06,3.312616092804155e-05,2.8792734147545236,45.97662150619378,70.39578213358689,10,none
grid_3_moderate_single_peak,avg_waiting_time,signal_and_routing_vs_routing_only,signal_and_routing,routing_only,wilcoxon_signed_rank,0.0,0.001953125,0.003125,2.8792734147545236,45.97662150619378,70.39578213358689,10,none
grid_3_moderate_single_peak,avg_waiting_time,signal_and_routing_vs_combined,signal_and_routing,combined,paired_ttest,2.0962928790538746,0.06551116897382626,0.08361539515747625,0.6629060140602121,2.049818223063052,25.370383076085297,10,none
grid_3_moderate_single_peak,avg_waiting_time,signal_and_routing_vs_combined,signal_and_routing,combined,wilcoxon_signed_rank,11.0,0.10546875,0.1323529411764706,0.6629060140602121,2.049818223063052,25.370383076085297,10,none
grid_3_moderate_single_peak,avg_waiting_time,signal_only_vs_vsl_only,signal_only,vsl_only,paired_ttest,7.534058448027514,3.563330092669929e-05,0.00013303099012634402,2.382478472060026,39.039489282378476,64.26900696201025,10,none
grid_3_moderate_single_peak,avg_waiting_time,signal_only_vs_vsl_only,signal_only,vsl_only,wilcoxon_signed_rank,0.0,0.001953125,0.003125,2.382478472060026,39.039489282378476,64.26900696201025,10,none
grid_3_moderate_single_peak,avg_waiting_time,signal_only_vs_routing_only,signal_only,routing_only,paired_ttest,10.920572833196763,1.711340472605698e-06,7.666805317273527e-06,3.4533883506659833,53.17775566089249,76.26429673474834,10,none
grid_3_moderate_single_peak,avg_waiting_time,signal_only_vs_routing_only,signal_only,routing_only,wilcoxon_signed_rank,0.0,0.001953125,0.003125,3.4533883506659833,53.17775566089249,76.26429673474834,10,none
grid_3_moderate_single_peak,avg_waiting_time,vsl_only_vs_routing_only,vsl_only,routing_only,paired_ttest,6.609804741132324,9.816212109588412e-05,0.0003409041104725278,2.0902037870957786,10.204318047247636,17.561692396384316,10,none
grid_3_moderate_single_peak,avg_waiting_time,vsl_only_vs_routing_only,vsl_only,routing_only,wilcoxon_signed_rank,0.0,0.001953125,0.003125,2.0902037870957786,10.204318047247636,17.561692396384316,10,none
grid_3_moderate_single_peak,avg_waiting_time,combined_vs_signal_only,combined,signal_only,paired_ttest,-3.4783488389270163,0.006956630079325733,0.010636758619583374,-1.0999504827611524,-31.555869119571206,-9.839264001540112,10,none
grid_3_moderate_single_peak,avg_waiting_time,combined_vs_signal_only,combined,signal_only,wilcoxon_signed_rank,5.0,0.01953125,0.027258566978193146,-1.0999504827611524,-31.555869119571206,-9.839264001540112,10,none
grid_3_moderate_single_peak,avg_waiting_time,combined_vs_vsl_only,combined,vsl_only,paired_ttest,10.510103173313192,2.3614100302001074e-06,1.0371683269898512e-05,3.32358644710331,25.474837241022783,36.48162700005955,10,none
grid_3_moderate_single_peak,avg_waiting_time,combined_vs_vsl_only,combined,vsl_only,wilcoxon_signed_rank,0.0,0.001953125,0.003125,3.32358644710331,25.474837241022783,36.48162700005955,10,none
grid_3_moderate_single_peak,avg_waiting_time,combined_vs_routing_only,combined,routing_only,paired_ttest,11.50624391860821,1.1004411983395472e-06,5.08245007068162e-06,3.6385938096263013,37.27292837631497,51.68075649872428,10,none
grid_3_moderate_single_peak,avg_waiting_time,combined_vs_routing_only,combined,routing_only,wilcoxon_signed_rank,0.0,0.001953125,0.003125,3.6385938096263013,37.27292837631497,51.68075649872428,10,none
grid_3_moderate_single_peak,total_travel_time,signal_only_vs_baseline,signal_only,baseline,paired_ttest,39.229991807696834,2.2591592261839187e-11,2.9767745097952915e-10,12.405612670206823,119898.75,131800.0,10,none
grid_3_moderate_single_peak,total_travel_time,signal_only_vs_baseline,signal_only,baseline,wilcoxon_signed_rank,0.0,0.001953125,0.003125,12.405612670206823,119898.75,131800.0,10,none
grid_3_moderate_single_peak,total_travel_time,vsl_only_vs_baseline,vsl_only,baseline,paired_ttest,22.503180597195648,3.2016437621344915e-09,2.472993802476297e-08,7.116130528524633,124395.0,148251.25,10,none
grid_3_moderate_single_peak,total_travel_time,vsl_only_vs_baseline,vsl_only,baseline,wilcoxon_signed_rank,0.0,0.001953125,0.003125,7.116130528524633,124395.0,148251.25,10,none
grid_3_moderate_single_peak,total_travel_time,routing_only_vs_baseline,routing_only,baseline,paired_ttest,-2.50073269984552,0.03382114314223676,0.04563816905940382,-0.7908011150774044,-3900.0,-650.0,10,none
grid_3_moderate_single_peak,total_travel_time,routing_only_vs_baseline,routing_only,baseline,wilcoxon_signed_rank,4.0,0.027710036659135597,0.03784785494906326,-0.7908011150774044,-3900.0,-650.0,10,none
grid_3_moderate_single_peak,total_travel_time,signal_and_routing_vs_baseline,signal_and_routing,baseline,paired_ttest,62.38936433266502,3.521863393828379e-13,9.861217502719462e-12,19.729249306129248,123348.75,130751.25,10,none
grid_3_moderate_single_peak,total_travel_time,signal_and_routing_vs_baseline,signal_and_routing,baseline,wilcoxon_signed_rank,0.0,0.001953125,0.003125,19.729249306129248,123348.75,130751.25,10,none
grid_3_moderate_single_peak,total_travel_time,signal_and_vsl_vs_baseline,signal_and_vsl,baseline,paired_ttest,57.85276206340165,6.93717728789992e-13,1.473501611569636e-11,18.294649705213175,167246.25,178205.0,10,none
grid_3_moderate_single_peak,total_travel_time,signal_and_vsl_vs_baseline,signal_and_vsl,baseline,wilcoxon_signed_rank,0.0,0.001953125,0.003125,18.294649705213175,167246.25,178205.0,10,none
grid_3_moderate_single_peak,total_travel_time,vsl_and_routing_vs_baseline,vsl_and_routing,baseline,paired_ttest,23.250471298113844,2.3968791699058664e-09,2.0260412605996758e-08,7.35244459744115,126000.0,149806.25,10,none
grid_3_moderate_single_peak,total_travel_time,vsl_and_routing_vs_baseline,vsl_and_routing,baseline,wilcoxon_signed_rank,0.0,0.001953125,0.003125,7.35244459744115,126000.0,149806.25,10,none
grid_3_moderate_single_peak,total_travel_time,combined_vs_baseline,combined,baseline,paired_ttest,55.928335603737175,9.398944959136705e-13,1.619510516035863e-11,17.68609262500979,166700.0,178353.75,10,none
grid_3_moderate_single_peak,total_travel_time,combined_vs_baseline,combined,baseline,wilcoxon_signed_rank,0.0,0.001953125,0.003125,17.68609262500979,166700.0,178353.75,10,none
grid_3_moderate_single_peak,total_travel_time,signal_and_routing_vs_signal_only,signal_and_routing,signal_only,paired_ttest,0.619382298306868,0.551019873459273,0.6171422582743858,0.19586588050395556,-1701.2499999999989,4051.249999999999,10,none
grid_3_moderate_single_peak,total_travel_time,signal_and_routing_vs_signal_only,signal_and_routing,signal_only,wilcoxon_signed_rank,27.0,1.0,1.0,0.19586588050395556,-1701.2499999999989,4051.249999999999,10,none
grid_3_moderate_single_peak,total_travel_time,signal_and_routing_vs_routing_only,signal_and_routing,routing_only,paired_ttest,61.43101337819678,4.04715244975992e-13,1.0072912763846911e-11,19.426192124737653,125550.0,133050.0,10,none
grid_3_moderate_single_peak,total_travel_time,signal_and_routing_vs_routing_only,signal_and_routing,routing_only,wilcoxon_signed_rank,0.0,0.001953125,0.003125,19.426192124737653,125550.0,133050.0,10,none
grid_3_moderate_single_peak,total_travel_time,signal_and_routing_vs_combined,signal_and_routing,combined,paired_ttest,-22.751904341663156,2.9045796468287697e-09,2.3236637174630157e-08,-7.194783882592936,-50003.75,-41898.75,10,none
grid_3_moderate_single_peak,total_travel_time,signal_and_routing_vs_combined,signal_and_routing,combined,wilcoxon_signed_rank,0.0,0.001953125,0.003125,-7.194783882592936,-50003.75,-41898.75,10,none
grid_3_moderate_single_peak,total_travel_time,signal_only_vs_vsl_only,signal_only,vsl_only,paired_ttest,-2.2779088146892863,0.04872884074295016,0.06340579710144927,-0.7203380156592561,-19900.0,-1350.0,10,none
grid_3_moderate_single_peak,total_travel_time,signal_only_vs_vsl_only,signal_only,vsl_only,wilcoxon_signed_rank,8.0,0.048828125,0.06340579710144927,-0.7203380156592561,-19900.0,-1350.0,10,none
grid_3_moderate_single_peak,total_travel_time,signal_only_vs_routing_only,signal_only,routing_only,paired_ttest,38.744730463304336,2.525437559743352e-11,3.142766741013949e-10,12.252159559335256,121797.5,134301.25,10,none
grid_3_moderate_single_peak,total_travel_time,signal_only_vs_routing_only,signal_only,routing_only,wilcoxon_signed_rank,0.0,0.001953125,0.003125,12.252159559335256,121797.5,134301.25,10,none
grid_3_moderate_single_peak,total_travel_time,vsl_only_vs_routing_only,vsl_only,routing_only,paired_ttest,21.286973163218274,5.23479076662677e-09,3.553312520376959e-08,6.731531968664897,125993.75,151350.0,10,none
grid_3_moderate_single_peak,total_travel_time,vsl_only_vs_routing_only,vsl_only,routing_only,wilcoxon_signed_rank,0.0,0.001953125,0.003125,6.731531968664897,125993.75,151350.0,10,none
grid_3_moderate_single_peak,total_travel_time,combined_vs_signal_only,combined,signal_only,paired_ttest,27.450498968270228,5.480530201099382e-10,5.709947744401217e-09,8.68060996478361,43798.75,50251.25,10,none
grid_3_moderate_single_peak,total_travel_time,combined_vs_signal_only,combined,signal_only,wilcoxon_signed_rank,0.0,0.001953125,0.003125,8.68060996478361,43798.75,50251.25,10,none
grid_3_moderate_single_peak,total_travel_time,combined_vs_vsl_only,combined,vsl_only,paired_ttest,6.843719190202694,7.526176347845852e-05,0.00026549031526259387,2.164174030764361,26497.500000000004,47357.49999999999,10,none
grid_3_moderate_single_peak,total_travel_time,combined_vs_vsl_only,combined,vsl_only,wilcoxon_signed_rank,0.0,0.001953125,0.003125,2.164174030764361,26497.500000000004,47357.49999999999,10,none
grid_3_moderate_single_peak,total_travel_time,combined_vs_routing_only,combined,routing_only,paired_ttest,57.29728523192888,7.5648520236834e-13,1.473501611569636e-11,18.11899250772243,168998.75,180602.5,10,none
grid_3_moderate_single_peak,total_travel_time,combined_vs_routing_only,combined,routing_only,wilcoxon_signed_rank,0.0,0.001953125,0.003125,18.11899250772243,168998.75,180602.5,10,none
grid_3_moderate_single_peak,system_congestion,signal_only_vs_baseline,signal_only,baseline,paired_ttest,-3.3438573810926253,0.008607201009658845,0.012983252701438257,-1.0574205495018352,-0.11230109453580683,-0.025880288183277974,10,none
grid_3_moderate_single_peak,system_congestion,signal_only_vs_baseline,signal_only,baseline,wilcoxon_signed_rank,3.0,0.020879263166351643,0.02904940962275011,-1.0574205495018352,-0.11230109453580683,-0.025880288183277974,10,none
grid_3_moderate_single_peak,system_congestion,vsl_only_vs_baseline,vsl_only,baseline,paired_ttest,3.572555921517383,0.00600020103884119,0.0092057878952084,1.1297413780316676,0.01193958212753797,0.03944575480251065,10,none
grid_3_moderate_single_peak,system_congestion,vsl_only_vs_baseline,vsl_only,baseline,wilcoxon_signed_rank,0.0,0.011412036386001648,0.0167078179768913,1.1297413780316676,0.01193958212753797,0.03944575480251065,10,none
grid_3_moderate_single_peak,system_congestion,routing_only_vs_baseline,routing_only,baseline,paired_ttest,0.863483337862278,0.41029244514855867,0.47010489878914136,0.2730574069249507,-0.01159714032484308,0.028611438700627646,10,none
grid_3_moderate_single_peak,system_congestion,routing_only_vs_baseline,routing_only,baseline,wilcoxon_signed_rank,12.0,0.3996564892080491,0.4590925824748871,0.2730574069249507,-0.01159714032484308,0.028611438700627646,10,none
grid_3_moderate_single_peak,system_congestion,signal_and_routing_vs_baseline,signal_and_routing,baseline,paired_ttest,-3.838250328699418,0.003977164042370464,0.006208256066139261,-1.2137613268580107,-0.10758438980952419,-0.03242178286544846,10,none
grid_3_moderate_single_peak,system_congestion,signal_and_routing_vs_baseline,signal_and_routing,baseline,wilcoxon_signed_rank,1.0,0.010862224704815628,0.01600748903867566,-1.2137613268580107,-0.10758438980952419,-0.03242178286544846,10,none
grid_3_moderate_single_peak,system_congestion,signal_and_vsl_vs_baseline,signal_and_vsl,baseline,paired_ttest,1.6357980223227742,0.13631060176359194,0.16822906223165066,0.5172847542538925,-0.003263806991509766,0.03368965583517919,10,none
grid_3_moderate_single_peak,system_congestion,signal_and_vsl_vs_baseline,signal_and_vsl,baseline,wilcoxon_signed_rank,9.5,0.12155550669779863,0.15126907500170497,0.5172847542538925,-0.003263806991509766,0.03368965583517919,10,none
grid_3_moderate_single_peak,system_congestion,vsl_and_routing_vs_baseline,vsl_and_routing,baseline,paired_ttest,3.572555921517383,0.00600020103884119,0.0092057878952084,1.1297413780316676,0.01193958212753797,0.03944575480251065,10,none
grid_3_moderate_single_peak,system_congestion,vsl_and_routing_vs_baseline,vsl_and_routing,baseline,wilcoxon_signed_rank,0.0,0.011412036386001648,0.0167078179768913,1.1297413780316676,0.01193958212753797,0.03944575480251065,10,none
grid_3_moderate_single_peak,system_congestion,combined_vs_baseline,combined,baseline,paired_ttest,0.9162710744786118,0.3834195707162963,0.44157318169897364,0.28975035494821916,-0.010486684392765044,0.026458087641195928,10,none
grid_3_moderate_single_peak,system_congestion,combined_vs_baseline,combined,baseline,wilcoxon_signed_rank,10.5,0.2930292591867747,0.34729393681395515,0.28975035494821916,-0.010486684392765044,0.026458087641195928,10,none
grid_3_moderate_single_peak,system_congestion,signal_and_routing_vs_signal_only,signal_and_routing,signal_only,paired_ttest,-0.25637181938307985,0.8034278045002085,0.8736302340196441,-0.0810718877131836,-0.011258199408453119,0.008694845741602222,10,none
grid_3_moderate_single_peak,system_congestion,signal_and_routing_vs_signal_only,signal_and_routing,signal_only,wilcoxon_signed_rank,9.5,0.8316408424990329,0.8999398488878423,-0.0810718877131836,-0.011258199408453119,0.008694845741602222,10,none
grid_3_moderate_single_peak,system_congestion,signal_and_routing_vs_routing_only,signal_and_routing,routing_only,paired_ttest,-5.54937125285186,0.00035671794579510645,0.001175070880266233,-1.754865274087405,-0.11083431610188299,-0.05361143870062764,10,none
grid_3_moderate_single_peak,system_congestion,signal_and_routing_vs_routing_only,signal_and_routing,routing_only,wilcoxon_signed_rank,0.0,0.001953125,0.003125,-1.754865274087405,-0.11083431610188299,-0.05361143870062764,10,none
grid_3_moderate_single_peak,system_congestion,signal_and_routing_vs_combined,signal_and_routing,combined,paired_ttest,-6.0321282899845645,0.00019468881292865778,0.0006557938961807419,-1.9075264534687875,-0.10777810536729433,-0.052703389119047726,10,none
grid_3_moderate_single_peak,system_congestion,signal_and_routing_vs_combined,signal_and_routing,combined,wilcoxon_signed_rank,0.0,0.007632441648205508,0.01163038727345601,-1.9075264534687875,-0.10777810536729433,-0.052703389119047726,10,none
grid_3_moderate_single_peak,system_congestion,signal_only_vs_vsl_only,signal_only,vsl_only,paired_ttest,-5.391496101185673,0.0004378515689030005,0.0014214311802068424,-1.704940767566437,-0.1320239719370622,-0.06297897636858676,10,none
grid_3_moderate_single_peak,system_congestion,signal_only_vs_vsl_only,signal_only,vsl_only,wilcoxon_signed_rank,0.0,0.001953125,0.003125,-1.704940767566437,-0.1320239719370622,-0.06297897636858676,10,none
grid_3_moderate_single_peak,system_congestion,signal_only_vs_routing_only,signal_only,routing_only,paired_ttest,-4.357160205916389,0.0018310305383279196,0.003125,-1.3778550380944052,-0.11480726721077955,-0.043264789760059416,10,none
grid_3_moderate_single_peak,system_congestion,signal_only_vs_routing_only,signal_only,routing_only,wilcoxon_signed_rank,0.0,0.007685794055213263,0.011671985548256074,-1.3778550380944052,-0.11480726721077955,-0.043264789760059416,10,none
grid_3_moderate_single_peak,system_congestion,vsl_only_vs_routing_only,vsl_only,routing_only,paired_ttest,3.0768962247275913,0.013206014364569951,0.0192087481666472,0.9730000194112488,0.0072228774012553345,0.02716204185215969,10,none
grid_3_moderate_single_peak,system_congestion,vsl_only_vs_routing_only,vsl_only,routing_only,wilcoxon_signed_rank,0.0,0.010613156038105713,0.01569205909264475,0.9730000194112488,0.0072228774012553345,0.02716204185215969,10,none
grid_3_moderate_single_peak,system_congestion,combined_vs_signal_only,combined,signal_only,paired_ttest,4.867633075448663,0.0008864152219309511,0.0028365287101790437,1.5392807332388008,0.04687622846068708,0.11138954406792201,10,none
grid_3_moderate_single_peak,system_congestion,combined_vs_signal_only,combined,signal_only,wilcoxon_signed_rank,1.0,0.00390625,0.006118881118881119,1.5392807332388008,0.04687622846068708,0.11138954406792201,10,none
grid_3_moderate_single_peak,system_congestion,combined_vs_vsl_only,combined,vsl_only,paired_ttest,-2.2698416207304657,0.049375851456206,0.06393173830167713,-0.717786944935634,-0.03166764943521629,-0.004166666666666663,10,none
grid_3_moderate_single_peak,system_congestion,combined_vs_vsl_only,combined,vsl_only,wilcoxon_signed_rank,0.0,0.039359508888249725,0.05247934518433296,-0.717786944935634,-0.03166764943521629,-0.004166666666666663,10,none
grid_3_moderate_single_peak,system_congestion,combined_vs_routing_only,combined,routing_only,paired_ttest,2.930984051877258e-15,0.9999999999999978,1.0,9.268585389561251e-16,-0.013411550467884836,0.01611143870062768,10,none
grid_3_moderate_single_peak,system_congestion,combined_vs_routing_only,combined,routing_only,wilcoxon_signed_rank,25.0,0.845703125,0.9063995215311005,9.268585389561251e-16,-0.013411550467884836,0.01611143870062768,10,none
grid_3_moderate_single_peak,total_distance,signal_only_vs_baseline,signal_only,baseline,paired_ttest,44.5939770132432,7.167408548507535e-12,1.0703330099104585e-10,14.101853728704118,80979.84721503269,87969.02103560966,10,none
grid_3_moderate_single_peak,total_distance,signal_only_vs_baseline,signal_only,baseline,wilcoxon_signed_rank,0.0,0.001953125,0.003125,14.101853728704118,80979.84721503269,87969.02103560966,10,none
grid_3_moderate_single_peak,total_distance,vsl_only_vs_baseline,vsl_only,baseline,paired_ttest,77.08777337068267,5.2639597548303825e-14,2.8009275948947678e-12,24.37729436022327,74258.51255576414,77821.01553178963,10,none
grid_3_moderate_single_peak,total_distance,vsl_only_vs_baseline,vsl_only,baseline,wilcoxon_signed_rank,0.0,0.001953125,0.003125,24.37729436022327,74258.51255576414,77821.01553178963,10,none
grid_3_moderate_single_peak,total_distance,routing_only_vs_baseline,routing_only,baseline,paired_ttest,-1.1936099946144234,0.2631429657786886,0.31520868628035426,-0.3774526220922891,-2949.0539459993406,944.080588154948,10,none
grid_3_moderate_single_peak,total_distance,routing_only_vs_baseline,routing_only,baseline,wilcoxon_signed_rank,10.0,0.083984375,0.10658640226628895,-0.3774526220922891,-2949.0539459993406,944.080588154948,10,none
grid_3_moderate_single_peak,total_distance,signal_and_routing_vs_baseline,signal_and_routing,baseline,paired_ttest,133.0562946297458,3.8873088729256483e-16,2.902523958451151e-14,42.0760948052427,86300.18852029378,88815.63004592688,10,none
grid_3_moderate_single_peak,total_distance,signal_and_routing_vs_baseline,signal_and_routing,baseline,wilcoxon_signed_rank,0.0,0.001953125,0.003125,42.0760948052427,86300.18852029378,88815.63004592688,10,none
grid_3_moderate_single_peak,total_distance,signal_and_vsl_vs_baseline,signal_and_vsl,baseline,paired_ttest,21.74304993348951,4.339879240482818e-09,3.1873211471086924e-08,6.875756106859945,71783.26215453245,85367.82925168946,10,none
grid_3_moderate_single_peak,total_distance,signal_and_vsl_vs_baseline,signal_and_vsl,baseline,wilcoxon_signed_rank,0.0,0.001953125,0.003125,6.875756106859945,71783.26215453245,85367.82925168946,10,none
grid_3_moderate_single_peak,total_distance,vsl_and_routing_vs_baseline,vsl_and_routing,baseline,paired_ttest,43.83186822752892,8.364835601182859e-12,1.208853661074168e-10,13.86085376993589,74524.27044112164,80991.12897036232,10,none
grid_3_moderate_single_peak,total_distance,vsl_and_routing_vs_baseline,vsl_and_routing,baseline,wilcoxon_signed_rank,0.0,0.001953125,0.003125,13.86085376993589,74524.27044112164,80991.12897036232,10,none
grid_3_moderate_single_peak,total_distance,combined_vs_baseline,combined,baseline,paired_ttest,22.279347860932184,3.4979961031096173e-09,2.65610551558154e-08,7.045348402374602,72465.2946625846,85830.99848331913,10,none
grid_3_moderate_single_peak,total_distance,combined_vs_baseline,combined,baseline,wilcoxon_signed_rank,0.0,0.001953125,0.003125,7.045348402374602,72465.2946625846,85830.99848331913,10,none
grid_3_moderate_single_peak,total_distance,signal_and_routing_vs_signal_only,signal_and_routing,signal_only,paired_ttest,1.5943063176717347,0.1453317024345882,0.1788697876118009,0.5041639251838639,-417.82140353007946,6465.078823579917,10,none
grid_3_moderate_single_peak,total_distance,signal_and_routing_vs_signal_only,signal_and_routing,signal_only,wilcoxon_signed_rank,14.0,0.193359375,0.23349056603773585,0.5041639251838639,-417.82140353007946,6465.078823579917,10,none
grid_3_moderate_single_peak,total_distance,signal_and_routing_vs_routing_only,signal_and_routing,routing_only,paired_ttest,63.27962724614612,3.101036369643857e-13,9.861217502719462e-12,20.010775158427016,85609.37845294413,91063.30601378028,10,none
grid_3_moderate_single_peak,total_distance,signal_and_routing_vs_routing_only,signal_and_routing,routing_only,wilcoxon_signed_rank,0.0,0.001953125,0.003125,20.010775158427016,85609.37845294413,91063.30601378028,10,none
grid_3_moderate_single_peak,total_distance,signal_and_routing_vs_combined,signal_and_routing,combined,paired_ttest,2.2533299106826576,0.05072651768882084,0.0654912966126563,0.7125654837540978,1504.4268361140196,15220.37169593845,10,none
grid_3_moderate_single_peak,total_distance,signal_and_routing_vs_combined,signal_and_routing,combined,wilcoxon_signed_rank,11.0,0.10546875,0.1323529411764706,0.7125654837540978,1504.4268361140196,15220.37169593845,10,none
grid_3_moderate_single_peak,total_distance,signal_only_vs_vsl_only,signal_only,vsl_only,paired_ttest,3.400995377719172,0.007860922410581499,0.011897612297096323,1.0754891705297256,3781.196381928675,12916.194255872053,10,none
grid_3_moderate_single_peak,total_distance,signal_only_vs_vsl_only,signal_only,vsl_only,wilcoxon_signed_rank,4.0,0.013671875,0.01982200647249191,1.0754891705297256,3781.196381928675,12916.194255872053,10,none
grid_3_moderate_single_peak,total_distance,signal_only_vs_routing_only,signal_only,routing_only,paired_ttest,39.81089385077293,1.980581580486847e-11,2.772814212681586e-10,12.589310025563393,81819.12049438545,89821.94950536542,10,none
grid_3_moderate_single_peak,total_distance,signal_only_vs_routing_only,signal_only,routing_only,wilcoxon_signed_rank,0.0,0.001953125,0.003125,12.589310025563393,81819.12049438545,89821.94950536542,10,none
grid_3_moderate_single_peak,total_distance,vsl_only_vs_routing_only,vsl_only,routing_only,paired_ttest,70.97018938039483,1.1066627853028118e-13,4.1315410651304975e-12,22.44274444155417,75077.214506938,79220.71480395421,10,none
grid_3_moderate_single_peak,total_distance,vsl_only_vs_routing_only,vsl_only,routing_only,wilcoxon_signed_rank,0.0,0.001953125,0.003125,22.44274444155417,75077.214506938,79220.71480395421,10,none
grid_3_moderate_single_peak,total_distance,combined_vs_signal_only,combined,signal_only,paired_ttest,-1.4266915999555556,0.18742494298827742,0.2275511502947108,-0.45115949744893363,-11963.082353652919,2161.752316120622,10,none
grid_3_moderate_single_peak,total_distance,combined_vs_signal_only,combined,signal_only,wilcoxon_signed_rank,14.0,0.193359375,0.23349056603773585,-0.45115949744893363,-11963.082353652919,2161.752316120622,10,none
grid_3_moderate_single_peak,total_distance,combined_vs_vsl_only,combined,vsl_only,paired_ttest,0.9529206316842671,0.3655203277567922,0.4261269495288507,0.3013399625488698,-3247.3647611244974,9353.186379321658,10,none
grid_3_moderate_single_peak,total_distance,combined_vs_vsl_only,combined,vsl_only,wilcoxon_signed_rank,17.0,0.322265625,0.37993421052631576,0.3013399625488698,-3247.3647611244974,9353.186379321658,10,none
grid_3_moderate_single_peak,total_distance,combined_vs_routing_only,combined,routing_only,paired_ttest,24.490176050064605,1.5117458684112283e-09,1.4109628105171465e-08,7.744473661670996,74149.10558779283,86586.91679490307,10,none
grid_3_moderate_single_peak,total_distance,combined_vs_routing_only,combined,routing_only,wilcoxon_signed_rank,0.0,0.001953125,0.003125,7.744473661670996,74149.10558779283,86586.91679490307,10,none
grid_3_moderate_single_peak,completed_trips,signal_only_vs_baseline,signal_only,baseline,paired_ttest,-2.2479226290465166,0.051176655722318415,0.06569381594154342,-0.710855551162077,-2.4,-0.2,10,none
grid_3_moderate_single_peak,completed_trips,signal_only_vs_baseline,signal_only,baseline,wilcoxon_signed_rank,6.0,0.04639449764906708,0.06131846288544324,-0.710855551162077,-2.4,-0.2,10,none
grid_3_moderate_single_peak,completed_trips,vsl_only_vs_baseline,vsl_only,baseline,paired_ttest,-3.3084657994221347,0.009106153759546399,0.013689788202271097,-1.0462287486943735,-2.4,-0.7,10,none
grid_3_moderate_single_peak,completed_trips,vsl_only_vs_baseline,vsl_only,baseline,wilcoxon_signed_rank,0.0,0.010320738885786614,0.015310235168319215,-1.0462287486943735,-2.4,-0.7,10,none
grid_3_moderate_single_peak,completed_trips,routing_only_vs_baseline,routing_only,baseline,paired_ttest,0.13043478260869562,0.8990913443207521,0.9613196235219498,0.04124709991523973,-1.2,1.5,10,none
grid_3_moderate_single_peak,completed_trips,routing_only_vs_baseline,routing_only,baseline,wilcoxon_signed_rank,17.5,0.9434157867953739,1.0,0.04124709991523973,-1.2,1.5,10,none
grid_3_moderate_single_peak,completed_trips,signal_and_routing_vs_baseline,signal_and_routing,baseline,paired_ttest,-2.8749445424997293,0.018328392205591498,0.02574018717274292,-0.9091372900969897,-2.5,-0.6,10,none
grid_3_moderate_single_peak,completed_trips,signal_and_routing_vs_baseline,signal_and_routing,baseline,wilcoxon_signed_rank,3.0,0.018576138992956497,0.026006594590139095,-0.9091372900969897,-2.5,-0.6,10,none
grid_3_moderate_single_peak,completed_trips,signal_and_vsl_vs_baseline,signal_and_vsl,baseline,paired_ttest,-3.279648999660727,0.009534613041301043,0.014285975392986178,-1.0371160764820688,-2.202499999999998,-0.7,10,none
grid_3_moderate_single_peak,completed_trips,signal_and_vsl_vs_baseline,signal_and_vsl,baseline,wilcoxon_signed_rank,0.0,0.0169473483375683,0.02417965622684904,-1.0371160764820688,-2.202499999999998,-0.7,10,none
grid_3_moderate_single_peak,completed_trips,vsl_and_routing_vs_baseline,vsl_and_routing,baseline,paired_ttest,-2.2479226290465166,0.051176655722318415,0.06569381594154342,-0.710855551162077,-2.4,-0.2,10,none
grid_3_moderate_single_peak,completed_trips,vsl_and_routing_vs_baseline,vsl_and_routing,baseline,wilcoxon_signed_rank,6.0,0.04639449764906708,0.06131846288544324,-0.710855551162077,-2.4,-0.2,10,none
grid_3_moderate_single_peak,completed_trips,combined_vs_baseline,combined,baseline,paired_ttest,-4.024922359499621,0.002995777451398833,0.004776186114685684,-1.2727922061357855,-2.2,-0.8,10,none
grid_3_moderate_single_peak,completed_trips,combined_vs_baseline,combined,baseline,wilcoxon_signed_rank,0.0,0.010320738885786614,0.015310235168319215,-1.2727922061357855,-2.2,-0.8,10,none
grid_3_moderate_single_peak,completed_trips,signal_and_routing_vs_signal_only,signal_and_routing,signal_only,paired_ttest,-0.8017837257372732,0.44333185016966015,0.5053757477761012,-0.253546276418555,-0.7,0.2,10,none
grid_3_moderate_single_peak,completed_trips,signal_and_routing_vs_signal_only,signal_and_routing,signal_only,wilcoxon_signed_rank,1.5,0.4142161782425252,0.47338991799145735,-0.253546276418555,-0.7,0.2,10,none
grid_3_moderate_single_peak,completed_trips,signal_and_routing_vs_routing_only,signal_and_routing,routing_only,paired_ttest,-2.5879865568825218,0.029310113213803043,0.03991164352517861,-0.8183932073645682,-2.9,-0.6,10,none
grid_3_moderate_single_peak,completed_trips,signal_and_routing_vs_routing_only,signal_and_routing,routing_only,wilcoxon_signed_rank,0.0,0.01595880466539428,0.022841995176027596,-0.8183932073645682,-2.9,-0.6,10,none
grid_3_moderate_single_peak,completed_trips,signal_and_routing_vs_combined,signal_and_routing,combined,paired_ttest,0.0,1.0,1.0,0.0,-0.4,0.4,10,none
grid_3_moderate_single_peak,completed_trips,signal_and_routing_vs_combined,signal_and_routing,combined,wilcoxon_signed_rank,5.0,1.0,1.0,0.0,-0.4,0.4,10,none
grid_3_moderate_single_peak,completed_trips,signal_only_vs_vsl_only,signal_only,vsl_only,paired_ttest,1.0,0.34343639613791355,0.4038307230178091,0.31622776601683794,-0.2,0.5024999999999977,10,none
grid_3_moderate_single_peak,completed_trips,signal_only_vs_vsl_only,signal_only,vsl_only,wilcoxon_signed_rank,2.5,0.31731050786291415,0.37507943937357663,0.31622776601683794,-0.2,0.5024999999999977,10,none
grid_3_moderate_single_peak,completed_trips,signal_only_vs_routing_only,signal_only,routing_only,paired_ttest,-1.9498010508590446,0.08299322957614211,0.10562774673327177,-0.6165812304904387,-2.7,-0.2,10,none
grid_3_moderate_single_peak,completed_trips,signal_only_vs_routing_only,signal_only,routing_only,wilcoxon_signed_rank,6.0,0.0848705186495556,0.10740675806497432,-0.6165812304904387,-2.7,-0.2,10,none
grid_3_moderate_single_peak,completed_trips,vsl_only_vs_routing_only,vsl_only,routing_only,paired_ttest,-2.449489742783178,0.03678749787978613,0.04934370973097061,-0.7745966692414833,-2.9,-0.5,10,none
grid_3_moderate_single_peak,completed_trips,vsl_only_vs_routing_only,vsl_only,routing_only,wilcoxon_signed_rank,0.0,0.026014479622894226,0.035970638490915474,-0.7745966692414833,-2.9,-0.5,10,none
grid_3_moderate_single_peak,completed_trips,combined_vs_signal_only,combined,signal_only,paired_ttest,-0.6882472016116853,0.5086464915963445,0.5754384551392987,-0.2176428750330035,-0.7024999999999977,0.3,10,none
grid_3_moderate_single_peak,completed_trips,combined_vs_signal_only,combined,signal_only,wilcoxon_signed_rank,5.0,0.4795001221869535,0.5452184130450639,-0.2176428750330035,-0.7024999999999977,0.3,10,none
grid_3_moderate_single_peak,completed_trips,combined_vs_vsl_only,combined,vsl_only,paired_ttest,0.0,1.0,1.0,0.0,-0.3,0.3,10,none
grid_3_moderate_single_peak,completed_trips,combined_vs_vsl_only,combined,vsl_only,wilcoxon_signed_rank,1.5,1.0,1.0,0.0,-0.3,0.3,10,none
grid_3_moderate_single_peak,completed_trips,combined_vs_routing_only,combined,routing_only,paired_ttest,-2.449489742783178,0.03678749787978613,0.04934370973097061,-0.7745966692414833,-2.9,-0.5,10,none
grid_3_moderate_single_peak,completed_trips,combined_vs_routing_only,combined,routing_only,wilcoxon_signed_rank,0.0,0.026014479622894226,0.035970638490915474,-0.7745966692414833,-2.9,-0.5,10,none
grid_3_moderate_single_peak,avg_trip_duration,signal_only_vs_baseline,signal_only,baseline,paired_ttest,27.02954394557083,6.28880412491084e-10,6.260853884355681e-09,8.54749229836181,113.78796504017394,131.3205676073145,10,none
grid_3_moderate_single_peak,avg_trip_duration,signal_only_vs_baseline,signal_only,baseline,wilcoxon_signed_rank,0.0,0.001953125,0.003125,8.54749229836181,113.78796504017394,131.3205676073145,10,none
grid_3_moderate_single_peak,avg_trip_duration,vsl_only_vs_baseline,vsl_only,baseline,paired_ttest,15.670449566977101,7.712071205013816e-08,4.104086014304416e-07,4.955431259044694,97.70750573239305,126.69187331543392,10,none
grid_3_moderate_single_peak,avg_trip_duration,vsl_only_vs_baseline,vsl_only,baseline,wilcoxon_signed_rank,0.0,0.001953125,0.003125,4.955431259044694,97.70750573239305,126.69187331543392,10,none
grid_3_moderate_single_peak,avg_trip_duration,routing_only_vs_baseline,routing_only,baseline,paired_ttest,-0.7194137820169599,0.4901438205643044,0.5559099534501478,-0.22749861312894767,-2.752324135284234,1.179187260010594,10,none
grid_3_moderate_single_peak,avg_trip_duration,routing_only_vs_baseline,routing_only,baseline,wilcoxon_signed_rank,18.0,0.375,0.43298969072164945,-0.22749861312894767,-2.752324135284234,1.179187260010594,10,none
grid_3_moderate_single_peak,avg_trip_duration,signal_and_routing_vs_baseline,signal_and_routing,baseline,paired_ttest,31.642817807582848,1.5434591499570837e-10,1.77299922866865e-09,10.00633758576974,117.21108385425376,132.24265493695302,10,none
grid_3_moderate_single_peak,avg_trip_duration,signal_and_routing_vs_baseline,signal_and_routing,baseline,wilcoxon_signed_rank,0.0,0.001953125,0.003125,10.00633758576974,117.21108385425376,132.24265493695302,10,none
grid_3_moderate_single_peak,avg_trip_duration,signal_and_vsl_vs_baseline,signal_and_vsl,baseline,paired_ttest,48.55369766375808,3.342720668333042e-12,5.546440220048899e-11,15.354027344067179,145.72975200201913,157.03342014112428,10,none
grid_3_moderate_single_peak,avg_trip_duration,signal_and_vsl_vs_baseline,signal_and_vsl,baseline,wilcoxon_signed_rank,0.0,0.001953125,0.003125,15.354027344067179,145.72975200201913,157.03342014112428,10,none
grid_3_moderate_single_peak,avg_trip_duration,vsl_and_routing_vs_baseline,vsl_and_routing,baseline,paired_ttest,17.420778677117998,3.0572452040606994e-08,1.7337289258470801e-07,5.50893392333879,99.46858300297009,125.70201994021153,10,none
grid_3_moderate_single_peak,avg_trip_duration,vsl_and_routing_vs_baseline,vsl_and_routing,baseline,wilcoxon_signed_rank,0.0,0.001953125,0.003125,5.50893392333879,99.46858300297009,125.70201994021153,10,none
grid_3_moderate_single_peak,avg_trip_duration,combined_vs_baseline,combined,baseline,paired_ttest,47.24098970176089,4.274145228322524e-12,6.838632365316038e-11,14.938912637812294,144.7859309131941,156.36295314190383,10,none
grid_3_moderate_single_peak,avg_trip_duration,combined_vs_baseline,combined,baseline,wilcoxon_signed_rank,0.0,0.001953125,0.003125,14.938912637812294,144.7859309131941,156.36295314190383,10,none
grid_3_moderate_single_peak,avg_trip_duration,signal_and_routing_vs_signal_only,signal_and_routing,signal_only,paired_ttest,0.9514994564062436,0.3662028472513561,0.4261269495288507,0.3008905474655821,-1.7333450361229374,5.658083716232133,10,none
grid_3_moderate_single_peak,avg_trip_duration,signal_and_routing_vs_signal_only,signal_and_routing,signal_only,wilcoxon_signed_rank,18.0,0.375,0.43298969072164945,0.3008905474655821,-1.7333450361229374,5.658083716232133,10,none
grid_3_moderate_single_peak,avg_trip_duration,signal_and_routing_vs_routing_only,signal_and_routing,routing_only,paired_ttest,33.80976070525267,8.541964321736507e-11,1.0342702746318799e-09,10.691585097385923,118.37970083394289,132.48338954500744,10,none
grid_3_moderate_single_peak,avg_trip_duration,signal_and_routing_vs_routing_only,signal_and_routing,routing_only,wilcoxon_signed_rank,0.0,0.001953125,0.003125,10.691585097385923,118.37970083394289,132.48338954500744,10,none
grid_3_moderate_single_peak,avg_trip_duration,signal_and_routing_vs_combined,signal_and_routing,combined,paired_ttest,-8.89946134687325,9.358998705002292e-06,3.811664927128206e-05,-2.814256780474928,-31.052189712505484,-20.244315097589393,10,none
grid_3_moderate_single_peak,avg_trip_duration,signal_and_routing_vs_combined,signal_and_routing,combined,wilcoxon_signed_rank,0.0,0.001953125,0.003125,-2.814256780474928,-31.052189712505484,-20.244315097589393,10,none
grid_3_moderate_single_peak,avg_trip_duration,signal_only_vs_vsl_only,signal_only,vsl_only,paired_ttest,1.7399396450047457,0.11586220159625274,0.1445857000421204,0.5502172269439809,-0.8917613748465819,23.704402406842192,10,none
grid_3_moderate_single_peak,avg_trip_duration,signal_only_vs_vsl_only,signal_only,vsl_only,wilcoxon_signed_rank,13.0,0.16015625,0.1955040871934605,0.5502172269439809,-0.8917613748465819,23.704402406842192,10,none
grid_3_moderate_single_peak,avg_trip_duration,signal_only_vs_routing_only,signal_only,routing_only,paired_ttest,26.639015038951417,7.158376337874754e-10,6.9716360855823694e-09,8.423996214656555,114.59904629366991,132.3714473550124,10,none
grid_3_moderate_single_peak,avg_trip_duration,signal_only_vs_routing_only,signal_only,routing_only,wilcoxon_signed_rank,0.0,0.001953125,0.003125,8.423996214656555,114.59904629366991,132.3714473550124,10,none
grid_3_moderate_single_peak,avg_trip_duration,vsl_only_vs_routing_only,vsl_only,routing_only,paired_ttest,15.653117161923378,7.786770339640075e-08,4.104086014304416e-07,4.949950271314856,98.05906738075878,127.81461907082809,10,none
grid_3_moderate_single_peak,avg_trip_duration,vsl_only_vs_routing_only,vsl_only,routing_only,wilcoxon_signed_rank,0.0,0.001953125,0.003125,4.949950271314856,98.05906738075878,127.81461907082809,10,none
grid_3_moderate_single_peak,avg_trip_duration,combined_vs_signal_only,combined,signal_only,paired_ttest,10.707592518164706,2.0198152843704665e-06,8.959180667306624e-06,3.3860380614378336,22.637323203843863,32.03454024811908,10,none
grid_3_moderate_single_peak,avg_trip_duration,combined_vs_signal_only,combined,signal_only,wilcoxon_signed_rank,0.0,0.001953125,0.003125,3.3860380614378336,22.637323203843863,32.03454024811908,10,none
grid_3_moderate_single_peak,avg_trip_duration,combined_vs_vsl_only,combined,vsl_only,paired_ttest,6.109539543654296,0.00017718280119652477,0.0006059381292827718,1.9320060412813294,26.46028008188618,51.59773146756845,10,none
grid_3_moderate_single_peak,avg_trip_duration,combined_vs_vsl_only,combined,vsl_only,wilcoxon_signed_rank,0.0,0.001953125,0.003125,1.9320060412813294,26.46028008188618,51.59773146756845,10,none
grid_3_moderate_single_peak,avg_trip_duration,combined_vs_routing_only,combined,routing_only,paired_ttest,45.27408735262233,6.2580551113632706e-12,9.667616172037052e-11,14.316923501970933,145.30337868052692,157.8796652956921,10,none
grid_3_moderate_single_peak,avg_trip_duration,combined_vs_routing_only,combined,routing_only,wilcoxon_signed_rank,0.0,0.001953125,0.003125,14.316923501970933,145.30337868052692,157.8796652956921,10,none
grid_3_moderate_single_peak,avg_acceleration,signal_only_vs_baseline,signal_only,baseline,paired_ttest,-6.09628855983011,0.00018005369552511974,0.000611091330267073,-1.927815712269082,-0.25523328110053506,-0.13990288059128642,10,none
grid_3_moderate_single_peak,avg_acceleration,signal_only_vs_baseline,signal_only,baseline,wilcoxon_signed_rank,0.0,0.001953125,0.003125,-1.927815712269082,-0.25523328110053506,-0.13990288059128642,10,none
grid_3_moderate_single_peak,avg_acceleration,vsl_only_vs_baseline,vsl_only,baseline,paired_ttest,-7.217433924078812,4.9883275573067224e-05,0.00018022344723172675,-2.2823530061855832,-0.26909313861462897,-0.16155056173836752,10,none
grid_3_moderate_single_peak,avg_acceleration,vsl_only_vs_baseline,vsl_only,baseline,wilcoxon_signed_rank,0.0,0.001953125,0.003125,-2.2823530061855832,-0.26909313861462897,-0.16155056173836752,10,none
grid_3_moderate_single_peak,avg_acceleration,routing_only_vs_baseline,routing_only,baseline,paired_ttest,0.2767709553494587,0.7882073604869549,0.8591652007254399,0.08752266090850534,-0.0816028043102812,0.10265874621035141,10,none
grid_3_moderate_single_peak,avg_acceleration,routing_only_vs_baseline,routing_only,baseline,wilcoxon_signed_rank,26.0,0.921875,0.9833333333333333,0.08752266090850534,-0.0816028043102812,0.10265874621035141,10,none
grid_3_moderate_single_peak,avg_acceleration,signal_and_routing_vs_baseline,signal_and_routing,baseline,paired_ttest,-5.312013869866616,0.00048608057477780706,0.0015666481834565292,-1.679806279118378,-0.24980347920739368,-0.12000931420938796,10,none
grid_3_moderate_single_peak,avg_acceleration,signal_and_routing_vs_baseline,signal_and_routing,baseline,wilcoxon_signed_rank,1.0,0.00390625,0.006118881118881119,-1.679806279118378,-0.24980347920739368,-0.12000931420938796,10,none
grid_3_moderate_single_peak,avg_acceleration,signal_and_vsl_vs_baseline,signal_and_vsl,baseline,paired_ttest,-7.2327432764312105,4.90662195284544e-05,0.0001787127345426632,-2.2871942484791465,-0.2500297189291314,-0.15237370061903957,10,none
grid_3_moderate_single_peak,avg_acceleration,signal_and_vsl_vs_baseline,signal_and_vsl,baseline,wilcoxon_signed_rank,0.0,0.001953125,0.003125,-2.2871942484791465,-0.2500297189291314,-0.15237370061903957,10,none
grid_3_moderate_single_peak,avg_acceleration,vsl_and_routing_vs_baseline,vsl_and_routing,baseline,paired_ttest,-7.488778895705521,3.736498621589508e-05,0.0001383430894605041,-2.368159820382999,-0.24865447367856075,-0.1525313569649996,10,none
grid_3_moderate_single_peak,avg_acceleration,vsl_and_routing_vs_baseline,vsl_and_routing,baseline,wilcoxon_signed_rank,0.0,0.001953125,0.003125,-2.368159820382999,-0.24865447367856075,-0.1525313569649996,10,none
grid_3_moderate_single_peak,avg_acceleration,combined_vs_baseline,combined,baseline,paired_ttest,-6.703631156684867,8.817164798746378e-05,0.00030860076795612325,-2.119874304879327,-0.2534313455711794,-0.14831499510415672,10,none
grid_3_moderate_single_peak,avg_acceleration,combined_vs_baseline,combined,baseline,wilcoxon_signed_rank,0.0,0.001953125,0.003125,-2.119874304879327,-0.2534313455711794,-0.14831499510415672,10,none
grid_3_moderate_single_peak,avg_acceleration,signal_and_routing_vs_signal_only,signal_and_routing,signal_only,paired_ttest,0.45869284935222315,0.6573305101484199,0.7271211569049187,0.1450514150385515,-0.025016618338820493,0.03985228865897511,10,none
grid_3_moderate_single_peak,avg_acceleration,signal_and_routing_vs_signal_only,signal_and_routing,signal_only,wilcoxon_signed_rank,22.0,0.625,0.6930693069306931,0.1450514150385515,-0.025016618338820493,0.03985228865897511,10,none
grid_3_moderate_single_peak,avg_acceleration,signal_and_routing_vs_routing_only,signal_and_routing,routing_only,paired_ttest,-5.4206032967309286,0.00042150646028768973,0.001378356892035657,-1.7141452709887284,-0.26747647914032235,-0.13384017280045854,10,none
grid_3_moderate_single_peak,avg_acceleration,signal_and_routing_vs_routing_only,signal_and_routing,routing_only,wilcoxon_signed_rank,0.0,0.001953125,0.003125,-1.7141452709887284,-0.26747647914032235,-0.13384017280045854,10,none
grid_3_moderate_single_peak,avg_acceleration,signal_and_routing_vs_combined,signal_and_routing,combined,paired_ttest,0.6246020515982162,0.547737726304057,0.6165489984528079,0.19751651142643764,-0.020267500311087254,0.04386987106915784,10,none
grid_3_moderate_single_peak,avg_acceleration,signal_and_routing_vs_combined,signal_and_routing,combined,wilcoxon_signed_rank,23.0,0.6953125,0.7616136919315403,0.19751651142643764,-0.020267500311087254,0.04386987106915784,10,none
grid_3_moderate_single_peak,avg_acceleration,signal_only_vs_vsl_only,signal_only,vsl_only,paired_ttest,1.7893690689534238,0.10717787352889319,0.13412203167861494,0.5658481832547705,0.00021909943264254318,0.04406467073475367,10,none
grid_3_moderate_single_peak,avg_acceleration,signal_only_vs_vsl_only,signal_only,vsl_only,wilcoxon_signed_rank,11.0,0.10546875,0.1323529411764706,0.5658481832547705,0.00021909943264254318,0.04406467073475367,10,none
grid_3_moderate_single_peak,avg_acceleration,signal_only_vs_routing_only,signal_only,routing_only,paired_ttest,-7.440814449621343,3.930048652105985e-05,0.00014431654066749848,-2.352992130749565,-0.2560838720560821,-0.15461689234349468,10,none
grid_3_moderate_single_peak,avg_acceleration,signal_only_vs_routing_only,signal_only,routing_only,wilcoxon_signed_rank,0.0,0.001953125,0.003125,-2.352992130749565,-0.2560838720560821,-0.15461689234349468,10,none
grid_3_moderate_single_peak,avg_acceleration,vsl_only_vs_routing_only,vsl_only,routing_only,paired_ttest,-7.607248186274792,3.301723631278497e-05,0.00012430018376577873,-2.40562309948132,-0.28081193630253065,-0.1696408081820643,10,none
grid_3_moderate_single_peak,avg_acceleration,vsl_only_vs_routing_only,vsl_only,routing_only,wilcoxon_signed_rank,0.0,0.001953125,0.003125,-2.40562309948132,-0.28081193630253065,-0.1696408081820643,10,none
grid_3_moderate_single_peak,avg_acceleration,combined_vs_signal_only,combined,signal_only,paired_ttest,-0.2901440818852802,0.7782800728646709,0.8504133479106649,-0.09175161483758865,-0.021664652996773105,0.015861624693316128,10,none
grid_3_moderate_single_peak,avg_acceleration,combined_vs_signal_only,combined,signal_only,wilcoxon_signed_rank,25.0,0.845703125,0.9063995215311005,-0.09175161483758865,-0.021664652996773105,0.015861624693316128,10,none
grid_3_moderate_single_peak,avg_acceleration,combined_vs_vsl_only,combined,vsl_only,paired_ttest,2.5521169617695345,0.031086586585984215,0.04220239633491191,0.8070502454340597,0.004111505260487671,0.02984222490578896,10,none
grid_3_moderate_single_peak,avg_acceleration,combined_vs_vsl_only,combined,vsl_only,wilcoxon_signed_rank,8.0,0.048828125,0.06340579710144927,0.8070502454340597,0.004111505260487671,0.02984222490578896,10,none
grid_3_moderate_single_peak,avg_acceleration,combined_vs_routing_only,combined,routing_only,paired_ttest,-7.019770495327748,6.188336181200701e-05,0.00022178996873423312,-2.2198463416884056,-0.2646572537284463,-0.1506068127730415,10,none
grid_3_moderate_single_peak,avg_acceleration,combined_vs_routing_only,combined,routing_only,wilcoxon_signed_rank,0.0,0.001953125,0.003125,-2.2198463416884056,-0.2646572537284463,-0.1506068127730415,10,none
grid_3_moderate_single_peak,total_stops,signal_only_vs_baseline,signal_only,baseline,paired_ttest,21.508228187716377,4.777397287066641e-09,3.3820413768424085e-08,6.801498950781933,263.59250000000003,316.6025,10,none
grid_3_moderate_single_peak,total_stops,signal_only_vs_baseline,signal_only,baseline,wilcoxon_signed_rank,0.0,0.001953125,0.003125,6.801498950781933,263.59250000000003,316.6025,10,none
grid_3_moderate_single_peak,total_stops,vsl_only_vs_baseline,vsl_only,baseline,paired_ttest,14.33597934326791,1.6705318240882784e-07,8.602278818293663e-07,4.533434721385146,114.095,148.305,10,none
grid_3_moderate_single_peak,total_stops,vsl_only_vs_baseline,vsl_only,baseline,wilcoxon_signed_rank,0.0,0.001953125,0.003125,4.533434721385146,114.095,148.305,10,none
grid_3_moderate_single_peak,total_stops,routing_only_vs_baseline,routing_only,baseline,paired_ttest,-1.168404270501372,0.2726609111127506,0.32573890180936604,-0.3694818722651821,-5.002499999999998,0.8024999999999978,10,none
grid_3_moderate_single_peak,total_stops,routing_only_vs_baseline,routing_only,baseline,wilcoxon_signed_rank,8.5,0.3482016794131262,0.408362178997593,-0.3694818722651821,-5.002499999999998,0.8024999999999978,10,none
grid_3_moderate_single_peak,total_stops,signal_and_routing_vs_baseline,signal_and_routing,baseline,paired_ttest,20.9372404279815,6.06015970839882e-09,4.052166491586077e-08,6.620936767098013,254.8,306.51,10,none
grid_3_moderate_single_peak,total_stops,signal_and_routing_vs_baseline,signal_and_routing,baseline,wilcoxon_signed_rank,0.0,0.001953125,0.003125,6.620936767098013,254.8,306.51,10,none
grid_3_moderate_single_peak,total_stops,signal_and_vsl_vs_baseline,signal_and_vsl,baseline,paired_ttest,23.251322226840564,2.396101569796074e-09,2.0260412605996758e-08,7.352713684731441,279.195,329.7,10,none
grid_3_moderate_single_peak,total_stops,signal_and_vsl_vs_baseline,signal_and_vsl,baseline,wilcoxon_signed_rank,0.0,0.001953125,0.003125,7.352713684731441,279.195,329.7,10,none
grid_3_moderate_single_peak,total_stops,vsl_and_routing_vs_baseline,vsl_and_routing,baseline,paired_ttest,17.46226240683088,2.994171703324775e-08,1.719729388576281e-07,5.5220522305119415,117.69250000000001,144.5,10,none
grid_3_moderate_single_peak,total_stops,vsl_and_routing_vs_baseline,vsl_and_routing,baseline,wilcoxon_signed_rank,0.0,0.001953125,0.003125,5.5220522305119415,117.69250000000001,144.5,10,none
grid_3_moderate_single_peak,total_stops,combined_vs_baseline,combined,baseline,paired_ttest,23.697935327302407,2.0240737514031063e-09,1.8505817155685544e-08,7.493945147764343,279.2925,326.3025,10,none
grid_3_moderate_single_peak,total_stops,combined_vs_baseline,combined,baseline,wilcoxon_signed_rank,0.0,0.001953125,0.003125,7.493945147764343,279.2925,326.3025,10,none
grid_3_moderate_single_peak,total_stops,signal_and_routing_vs_signal_only,signal_and_routing,signal_only,paired_ttest,-1.6890278975508461,0.1254802213866941,0.1557206071502464,-0.5341175187826206,-17.704999999999995,2.4024999999999976,10,none
grid_3_moderate_single_peak,total_stops,signal_and_routing_vs_signal_only,signal_and_routing,signal_only,wilcoxon_signed_rank,13.0,0.16015625,0.1955040871934605,-0.5341175187826206,-17.704999999999995,2.4024999999999976,10,none
grid_3_moderate_single_peak,total_stops,signal_and_routing_vs_routing_only,signal_and_routing,routing_only,paired_ttest,21.48086417564381,4.831487681203441e-09,3.3820413768424085e-08,6.792845690374967,256.2975,307.7,10,none
grid_3_moderate_single_peak,total_stops,signal_and_routing_vs_routing_only,signal_and_routing,routing_only,wilcoxon_signed_rank,0.0,0.001953125,0.003125,6.792845690374967,256.2975,307.7,10,none
grid_3_moderate_single_peak,total_stops,signal_and_routing_vs_combined,signal_and_routing,combined,paired_ttest,-1.1234935523792569,0.2903015801124116,0.3449737609823883,-0.35527985620321373,-50.402499999999996,15.802499999999998,10,none
grid_3_moderate_single_peak,total_stops,signal_and_routing_vs_combined,signal_and_routing,combined,wilcoxon_signed_rank,18.0,0.375,0.43298969072164945,-0.35527985620321373,-50.402499999999996,15.802499999999998,10,none
grid_3_moderate_single_peak,total_stops,signal_only_vs_vsl_only,signal_only,vsl_only,paired_ttest,11.882104376525199,8.375109143438841e-07,3.949525153958526e-06,3.7574513225674564,132.79500000000002,186.0075,10,none
grid_3_moderate_single_peak,total_stops,signal_only_vs_vsl_only,signal_only,vsl_only,wilcoxon_signed_rank,0.0,0.001953125,0.003125,3.7574513225674564,132.79500000000002,186.0075,10,none
grid_3_moderate_single_peak,total_stops,signal_only_vs_routing_only,signal_only,routing_only,paired_ttest,21.981508945610585,3.940586268718072e-09,2.9423044139761607e-08,6.9511634675495735,264.57000000000005,317.6025,10,none
grid_3_moderate_single_peak,total_stops,signal_only_vs_routing_only,signal_only,routing_only,wilcoxon_signed_rank,0.0,0.001953125,0.003125,6.9511634675495735,264.57000000000005,317.6025,10,none
grid_3_moderate_single_peak,total_stops,vsl_only_vs_routing_only,vsl_only,routing_only,paired_ttest,15.702166713541594,7.577422871742013e-08,4.0899824657113517e-07,4.965461101447212,117.1975,149.305,10,none
grid_3_moderate_single_peak,total_stops,vsl_only_vs_routing_only,vsl_only,routing_only,wilcoxon_signed_rank,0.0,0.001953125,0.003125,4.965461101447212,117.1975,149.305,10,none
grid_3_moderate_single_peak,total_stops,combined_vs_signal_only,combined,signal_only,paired_ttest,0.6667009595035108,0.5216860134516179,0.5887036121569895,0.21082935502507755,-21.204999999999995,39.80749999999999,10,none
grid_3_moderate_single_peak,total_stops,combined_vs_signal_only,combined,signal_only,wilcoxon_signed_rank,22.0,0.625,0.6930693069306931,0.21082935502507755,-21.204999999999995,39.80749999999999,10,none
grid_3_moderate_single_peak,total_stops,combined_vs_vsl_only,combined,vsl_only,paired_ttest,12.32637617482387,6.124502958328245e-07,2.918912048224525e-06,3.897942400847729,145.4925,199.105,10,none
grid_3_moderate_single_peak,total_stops,combined_vs_vsl_only,combined,vsl_only,wilcoxon_signed_rank,0.0,0.001953125,0.003125,3.897942400847729,145.4925,199.105,10,none
grid_3_moderate_single_peak,total_stops,combined_vs_routing_only,combined,routing_only,paired_ttest,23.396310598179237,2.2676044005795435e-09,2.0260412605996758e-08,7.398563033498291,280.195,329.1025,10,none
grid_3_moderate_single_peak,total_stops,combined_vs_routing_only,combined,routing_only,wilcoxon_signed_rank,0.0,0.001953125,0.003125,7.398563033498291,280.195,329.1025,10,none
grid_3_moderate_single_peak,predicted_congestion,signal_only_vs_baseline,signal_only,baseline,paired_ttest,12.805446811214402,4.4192910233570786e-07,2.1288627725419047e-06,4.049437837957771,0.07871143834065807,0.10640407898372646,10,none
grid_3_moderate_single_peak,predicted_congestion,signal_only_vs_baseline,signal_only,baseline,wilcoxon_signed_rank,0.0,0.001953125,0.003125,4.049437837957771,0.07871143834065807,0.10640407898372646,10,none
grid_3_moderate_single_peak,predicted_congestion,vsl_only_vs_baseline,vsl_only,baseline,paired_ttest,18.42324633075529,1.8709858078337033e-08,1.1327049214993232e-07,5.825942029952652,0.1303386089985432,0.1613068581037898,10,none
grid_3_moderate_single_peak,predicted_congestion,vsl_only_vs_baseline,vsl_only,baseline,wilcoxon_signed_rank,0.0,0.001953125,0.003125,5.825942029952652,0.1303386089985432,0.1613068581037898,10,none
grid_3_moderate_single_peak,predicted_congestion,routing_only_vs_baseline,routing_only,baseline,paired_ttest,0.4555289764870769,0.6595196905692918,0.7277458654557702,0.14405091059044503,-0.004261756602066871,0.0065168439932856564,10,none
grid_3_moderate_single_peak,predicted_congestion,routing_only_vs_baseline,routing_only,baseline,wilcoxon_signed_rank,25.0,0.845703125,0.9063995215311005,0.14405091059044503,-0.004261756602066871,0.0065168439932856564,10,none
grid_3_moderate_single_peak,predicted_congestion,signal_and_routing_vs_baseline,signal_and_routing,baseline,paired_ttest,13.63930475073077,2.56905890768088e-07,1.269510462917035e-06,4.3131268713464355,0.08049823194753374,0.10661670487325083,10,none
grid_3_moderate_single_peak,predicted_congestion,signal_and_routing_vs_baseline,signal_and_routing,baseline,wilcoxon_signed_rank,0.0,0.001953125,0.003125,4.3131268713464355,0.08049823194753374,0.10661670487325083,10,none
grid_3_moderate_single_peak,predicted_congestion,signal_and_vsl_vs_baseline,signal_and_vsl,baseline,paired_ttest,26.41949578406953,7.705236106481226e-10,7.344565480220402e-09,8.354578131087575,0.1611906897952661,0.1856621864243472,10,none
grid_3_moderate_single_peak,predicted_congestion,signal_and_vsl_vs_baseline,signal_and_vsl,baseline,wilcoxon_signed_rank,0.0,0.001953125,0.003125,8.354578131087575,0.1611906897952661,0.1856621864243472,10,none
grid_3_moderate_single_peak,predicted_congestion,vsl_and_routing_vs_baseline,vsl_and_routing,baseline,paired_ttest,20.00948524888213,9.041630053917729e-09,5.786643234507347e-08,6.327554819400868,0.13369877476843234,0.16313645929797715,10,none
grid_3_moderate_single_peak,predicted_congestion,vsl_and_routing_vs_baseline,vsl_and_routing,baseline,wilcoxon_signed_rank,0.0,0.001953125,0.003125,6.327554819400868,0.13369877476843234,0.16313645929797715,10,none
grid_3_moderate_single_peak,predicted_congestion,combined_vs_baseline,combined,baseline,paired_ttest,27.61175680156485,5.202027948514836e-10,5.684167124230846e-09,8.731604169159082,0.16018538938218876,0.18341121260292084,10,none
grid_3_moderate_single_peak,predicted_congestion,combined_vs_baseline,combined,baseline,wilcoxon_signed_rank,0.0,0.001953125,0.003125,8.731604169159082,0.16018538938218876,0.18341121260292084,10,none
grid_3_moderate_single_peak,predicted_congestion,signal_and_routing_vs_signal_only,signal_and_routing,signal_only,paired_ttest,0.41615177889582033,0.6870472576749027,0.7562584064824482,0.13159874736415833,-0.004849942535558167,0.007026259867311346,10,none
grid_3_moderate_single_peak,predicted_congestion,signal_and_routing_vs_signal_only,signal_and_routing,signal_only,wilcoxon_signed_rank,21.0,0.556640625,0.6218827930174563,0.13159874736415833,-0.004849942535558167,0.007026259867311346,10,none
grid_3_moderate_single_peak,predicted_congestion,signal_and_routing_vs_routing_only,signal_and_routing,routing_only,paired_ttest,14.18230748307769,1.8338114045615358e-07,9.242821532287781e-07,4.484839412337541,0.08057816204448143,0.1048991329519581,10,none
grid_3_moderate_single_peak,predicted_congestion,signal_and_routing_vs_routing_only,signal_and_routing,routing_only,wilcoxon_signed_rank,0.0,0.001953125,0.003125,4.484839412337541,0.08057816204448143,0.1048991329519581,10,none
grid_3_moderate_single_peak,predicted_congestion,signal_and_routing_vs_combined,signal_and_routing,combined,paired_ttest,-11.752482228435918,9.193953150080817e-07,4.290511470037715e-06,-3.7164612002508797,-0.08887271077527951,-0.06385111662376658,10,none
grid_3_moderate_single_peak,predicted_congestion,signal_and_routing_vs_combined,signal_and_routing,combined,wilcoxon_signed_rank,0.0,0.001953125,0.003125,-3.7164612002508797,-0.08887271077527951,-0.06385111662376658,10,none
grid_3_moderate_single_peak,predicted_congestion,signal_only_vs_vsl_only,signal_only,vsl_only,paired_ttest,-5.808780879146742,0.0002566368698224081,0.0008580098334361106,-1.836897800693898,-0.070559531143621,-0.03475327500942279,10,none
grid_3_moderate_single_peak,predicted_congestion,signal_only_vs_vsl_only,signal_only,vsl_only,wilcoxon_signed_rank,0.0,0.001953125,0.003125,-1.836897800693898,-0.070559531143621,-0.03475327500942279,10,none
grid_3_moderate_single_peak,predicted_congestion,signal_only_vs_routing_only,signal_only,routing_only,paired_ttest,13.181233600384513,3.447527273308487e-07,1.6787958896110893e-06,4.1682720547956755,0.07792266911948856,0.10437504410049536,10,none
grid_3_moderate_single_peak,predicted_congestion,signal_only_vs_routing_only,signal_only,routing_only,wilcoxon_signed_rank,0.0,0.001953125,0.003125,4.1682720547956755,0.07792266911948856,0.10437504410049536,10,none
grid_3_moderate_single_peak,predicted_congestion,vsl_only_vs_routing_only,vsl_only,routing_only,paired_ttest,17.880072168134443,2.4333971061667994e-08,1.4344235573193765e-07,5.654175277948995,0.12851205973632474,0.1600719785874941,10,none
grid_3_moderate_single_peak,predicted_congestion,vsl_only_vs_routing_only,vsl_only,routing_only,wilcoxon_signed_rank,0.0,0.001953125,0.003125,5.654175277948995,0.12851205973632474,0.1600719785874941,10,none
grid_3_moderate_single_peak,predicted_congestion,combined_vs_signal_only,combined,signal_only,paired_ttest,14.180186191696983,1.8361855276196708e-07,9.242821532287781e-07,4.48416860110315,0.0673618987895342,0.0881137758571299,10,none
grid_3_moderate_single_peak,predicted_congestion,combined_vs_signal_only,combined,signal_only,wilcoxon_signed_rank,0.0,0.001953125,0.003125,4.48416860110315,0.0673618987895342,0.0881137758571299,10,none
grid_3_moderate_single_peak,predicted_congestion,combined_vs_vsl_only,combined,vsl_only,paired_ttest,4.489198976917706,0.0015122605451030214,0.003125,1.4196093636757605,0.015702728477902887,0.036720574301319406,10,none
grid_3_moderate_single_peak,predicted_congestion,combined_vs_vsl_only,combined,vsl_only,wilcoxon_signed_rank,0.0,0.001953125,0.003125,1.4196093636757605,0.015702728477902887,0.036720574301319406,10,none
grid_3_moderate_single_peak,predicted_congestion,combined_vs_routing_only,combined,routing_only,paired_ttest,31.100603588209644,1.800924327929193e-10,2.0170352472806963e-09,9.83487439447479,0.1599339634725772,0.18070338349129408,10,none
grid_3_moderate_single_peak,predicted_congestion,combined_vs_routing_only,combined,routing_only,wilcoxon_signed_rank,0.0,0.001953125,0.003125,9.83487439447479,0.1599339634725772,0.18070338349129408,10,none
grid_3_moderate_single_peak,vsl_activations,signal_only_vs_baseline,signal_only,baseline,paired_ttest,0.0,1.0,1.0,0.0,0.0,0.0,10,none
grid_3_moderate_single_peak,vsl_activations,signal_only_vs_baseline,signal_only,baseline,wilcoxon_signed_rank,0.0,1.0,1.0,0.0,0.0,0.0,10,none
grid_3_moderate_single_peak,vsl_activations,vsl_only_vs_baseline,vsl_only,baseline,paired_ttest,153.36008969565702,1.0833777471200736e-16,1.2842975989053849e-14,48.49671856059951,285.3975,292.1025,10,none
grid_3_moderate_single_peak,vsl_activations,vsl_only_vs_baseline,vsl_only,baseline,wilcoxon_signed_rank,0.0,0.001953125,0.003125,48.49671856059951,285.3975,292.1025,10,none
grid_3_moderate_single_peak,vsl_activations,routing_only_vs_baseline,routing_only,baseline,paired_ttest,0.0,1.0,1.0,0.0,0.0,0.0,10,none
grid_3_moderate_single_peak,vsl_activations,routing_only_vs_baseline,routing_only,baseline,wilcoxon_signed_rank,0.0,1.0,1.0,0.0,0.0,0.0,10,none
grid_3_moderate_single_peak,vsl_activations,signal_and_routing_vs_baseline,signal_and_routing,baseline,paired_ttest,0.0,1.0,1.0,0.0,0.0,0.0,10,none
grid_3_moderate_single_peak,vsl_activations,signal_and_routing_vs_baseline,signal_and_routing,baseline,wilcoxon_signed_rank,0.0,1.0,1.0,0.0,0.0,0.0,10,none
grid_3_moderate_single_peak,vsl_activations,signal_and_vsl_vs_baseline,signal_and_vsl,baseline,paired_ttest,69.06674134402738,1.412866785661072e-13,4.868956307508925e-12,21.840821321284558,289.7,305.4,10,none
grid_3_moderate_single_peak,vsl_activations,signal_and_vsl_vs_baseline,signal_and_vsl,baseline,wilcoxon_signed_rank,0.0,0.001953125,0.003125,21.840821321284558,289.7,305.4,10,none
grid_3_moderate_single_peak,vsl_activations,vsl_and_routing_vs_baseline,vsl_and_routing,baseline,paired_ttest,152.39493558653683,1.1466942847369509e-16,1.2842975989053849e-14,48.191510032810456,285.0,292.0,10,none
grid_3_moderate_single_peak,vsl_activations,vsl_and_routing_vs_baseline,vsl_and_routing,baseline,wilcoxon_signed_rank,0.0,0.001953125,0.003125,48.191510032810456,285.0,292.0,10,none
grid_3_moderate_single_peak,vsl_activations,combined_vs_baseline,combined,baseline,paired_ttest,74.82845174046555,6.877277576750546e-14,2.8009275948947678e-12,23.66283412838619,291.3975,306.0,10,none
grid_3_moderate_single_peak,vsl_activations,combined_vs_baseline,combined,baseline,wilcoxon_signed_rank,0.0,0.001953125,0.003125,23.66283412838619,291.3975,306.0,10,none
grid_3_moderate_single_peak,vsl_activations,signal_and_routing_vs_signal_only,signal_and_routing,signal_only,paired_ttest,0.0,1.0,1.0,0.0,0.0,0.0,10,none
grid_3_moderate_single_peak,vsl_activations,signal_and_routing_vs_signal_only,signal_and_routing,signal_only,wilcoxon_signed_rank,0.0,1.0,1.0,0.0,0.0,0.0,10,none
grid_3_moderate_single_peak,vsl_activations,signal_and_routing_vs_routing_only,signal_and_routing,routing_only,paired_ttest,0.0,1.0,1.0,0.0,0.0,0.0,10,none
grid_3_moderate_single_peak,vsl_activations,signal_and_routing_vs_routing_only,signal_and_routing,routing_only,wilcoxon_signed_rank,0.0,1.0,1.0,0.0,0.0,0.0,10,none
grid_3_moderate_single_peak,vsl_activations,signal_and_routing_vs_combined,signal_and_routing,combined,paired_ttest,-74.82845174046555,6.877277576750546e-14,2.8009275948947678e-12,-23.66283412838619,-306.0,-291.3975,10,none
grid_3_moderate_single_peak,vsl_activations,signal_and_routing_vs_combined,signal_and_routing,combined,wilcoxon_signed_rank,0.0,0.001953125,0.003125,-23.66283412838619,-306.0,-291.3975,10,none
grid_3_moderate_single_peak,vsl_activations,signal_only_vs_vsl_only,signal_only,vsl_only,paired_ttest,-153.36008969565702,1.0833777471200736e-16,1.2842975989053849e-14,-48.49671856059951,-292.1025,-285.3975,10,none
grid_3_moderate_single_peak,vsl_activations,signal_only_vs_vsl_only,signal_only,vsl_only,wilcoxon_signed_rank,0.0,0.001953125,0.003125,-48.49671856059951,-292.1025,-285.3975,10,none
grid_3_moderate_single_peak,vsl_activations,signal_only_vs_routing_only,signal_only,routing_only,paired_ttest,0.0,1.0,1.0,0.0,0.0,0.0,10,none
grid_3_moderate_single_peak,vsl_activations,signal_only_vs_routing_only,signal_only,routing_only,wilcoxon_signed_rank,0.0,1.0,1.0,0.0,0.0,0.0,10,none
grid_3_moderate_single_peak,vsl_activations,vsl_only_vs_routing_only,vsl_only,routing_only,paired_ttest,153.36008969565702,1.0833777471200736e-16,1.2842975989053849e-14,48.49671856059951,285.3975,292.1025,10,none
grid_3_moderate_single_peak,vsl_activations,vsl_only_vs_routing_only,vsl_only,routing_only,wilcoxon_signed_rank,0.0,0.001953125,0.003125,48.49671856059951,285.3975,292.1025,10,none
grid_3_moderate_single_peak,vsl_activations,combined_vs_signal_only,combined,signal_only,paired_ttest,74.82845174046555,6.877277576750546e-14,2.8009275948947678e-12,23.66283412838619,291.3975,306.0,10,none
grid_3_moderate_single_peak,vsl_activations,combined_vs_signal_only,combined,signal_only,wilcoxon_signed_rank,0.0,0.001953125,0.003125,23.66283412838619,291.3975,306.0,10,none
grid_3_moderate_single_peak,vsl_activations,combined_vs_vsl_only,combined,vsl_only,paired_ttest,2.2005847945822175,0.05528782135080682,0.07076841132903273,0.6958860135213568,1.2925000000000069,17.9,10,none
grid_3_moderate_single_peak,vsl_activations,combined_vs_vsl_only,combined,vsl_only,wilcoxon_signed_rank,8.0,0.048828125,0.06340579710144927,0.6958860135213568,1.2925000000000069,17.9,10,none
grid_3_moderate_single_peak,vsl_activations,combined_vs_routing_only,combined,routing_only,paired_ttest,74.82845174046555,6.877277576750546e-14,2.8009275948947678e-12,23.66283412838619,291.3975,306.0,10,none
grid_3_moderate_single_peak,vsl_activations,combined_vs_routing_only,combined,routing_only,wilcoxon_signed_rank,0.0,0.001953125,0.003125,23.66283412838619,291.3975,306.0,10,none
grid_3_moderate_single_peak,routing_reroutes,signal_only_vs_baseline,signal_only,baseline,paired_ttest,0.0,1.0,1.0,0.0,0.0,0.0,10,none
grid_3_moderate_single_peak,routing_reroutes,signal_only_vs_baseline,signal_only,baseline,wilcoxon_signed_rank,0.0,1.0,1.0,0.0,0.0,0.0,10,none
grid_3_moderate_single_peak,routing_reroutes,vsl_only_vs_baseline,vsl_only,baseline,paired_ttest,0.0,1.0,1.0,0.0,0.0,0.0,10,none
grid_3_moderate_single_peak,routing_reroutes,vsl_only_vs_baseline,vsl_only,baseline,wilcoxon_signed_rank,0.0,1.0,1.0,0.0,0.0,0.0,10,none
grid_3_moderate_single_peak,routing_reroutes,routing_only_vs_baseline,routing_only,baseline,paired_ttest,2.8823067684915684,0.01810982166325051,0.025513207877786884,0.9114654303752999,0.5,2.1,10,none
grid_3_moderate_single_peak,routing_reroutes,routing_only_vs_baseline,routing_only,baseline,wilcoxon_signed_rank,0.0,0.014058605323737277,0.020186715336648398,0.9114654303752999,0.5,2.1,10,none
grid_3_moderate_single_peak,routing_reroutes,signal_and_routing_vs_baseline,signal_and_routing,baseline,paired_ttest,9.011670910344858,8.448003122140395e-06,3.5043568506656454e-05,2.849740560057279,1159.98,1809.2525,10,none
grid_3_moderate_single_peak,routing_reroutes,signal_and_routing_vs_baseline,signal_and_routing,baseline,wilcoxon_signed_rank,0.0,0.001953125,0.003125,2.849740560057279,1159.98,1809.2525,10,none
grid_3_moderate_single_peak,routing_reroutes,signal_and_vsl_vs_baseline,signal_and_vsl,baseline,paired_ttest,0.0,1.0,1.0,0.0,0.0,0.0,10,none
grid_3_moderate_single_peak,routing_reroutes,signal_and_vsl_vs_baseline,signal_and_vsl,baseline,wilcoxon_signed_rank,0.0,1.0,1.0,0.0,0.0,0.0,10,none
grid_3_moderate_single_peak,routing_reroutes,vsl_and_routing_vs_baseline,vsl_and_routing,baseline,paired_ttest,17.369745334870196,3.1368666549833346e-08,1.7566453267906674e-07,5.492795763527395,561.1525,707.5175,10,none
grid_3_moderate_single_peak,routing_reroutes,vsl_and_routing_vs_baseline,vsl_and_routing,baseline,wilcoxon_signed_rank,0.0,0.001953125,0.003125,5.492795763527395,561.1525,707.5175,10,none
grid_3_moderate_single_peak,routing_reroutes,combined_vs_baseline,combined,baseline,paired_ttest,8.4467621182755,1.4302650756009612e-05,5.523782360941643e-05,2.671100714737915,60.295,94.005,10,none
grid_3_moderate_single_peak,routing_reroutes,combined_vs_baseline,combined,baseline,wilcoxon_signed_rank,0.0,0.001953125,0.003125,2.671100714737915,60.295,94.005,10,none
grid_3_moderate_single_peak,routing_reroutes,signal_and_routing_vs_signal_only,signal_and_routing,signal_only,paired_ttest,9.011670910344858,8.448003122140395e-06,3.5043568506656454e-05,2.849740560057279,1159.98,1809.2525,10,none
grid_3_moderate_single_peak,routing_reroutes,signal_and_routing_vs_signal_only,signal_and_routing,signal_only,wilcoxon_signed_rank,0.0,0.001953125,0.003125,2.849740560057279,1159.98,1809.2525,10,none
grid_3_moderate_single_peak,routing_reroutes,signal_and_routing_vs_routing_only,signal_and_routing,routing_only,paired_ttest,8.989000589725967,8.623885678715376e-06,3.544496132169255e-05,2.842571575213081,1158.3700000000001,1808.6374999999998,10,none
grid_3_moderate_single_peak,routing_reroutes,signal_and_routing_vs_routing_only,signal_and_routing,routing_only,wilcoxon_signed_rank,0.0,0.001953125,0.003125,2.842571575213081,1158.3700000000001,1808.6374999999998,10,none
grid_3_moderate_single_peak,routing_reroutes,signal_and_routing_vs_combined,signal_and_routing,combined,paired_ttest,8.493309795782015,1.3680960636932448e-05,5.4239560755272003e-05,2.685820382809072,1080.43,1729.405,10,none
grid_3_moderate_single_peak,routing_reroutes,signal_and_routing_vs_combined,signal_and_routing,combined,wilcoxon_signed_rank,1.0,0.00390625,0.006118881118881119,2.685820382809072,1080.43,1729.405,10,none
grid_3_moderate_single_peak,routing_reroutes,signal_only_vs_vsl_only,signal_only,vsl_only,paired_ttest,0.0,1.0,1.0,0.0,0.0,0.0,10,none
grid_3_moderate_single_peak,routing_reroutes,signal_only_vs_vsl_only,signal_only,vsl_only,wilcoxon_signed_rank,0.0,1.0,1.0,0.0,0.0,0.0,10,none
grid_3_moderate_single_peak,routing_reroutes,signal_only_vs_routing_only,signal_only,routing_only,paired_ttest,-2.8823067684915684,0.01810982166325051,0.025513207877786884,-0.9114654303752999,-2.1,-0.5,10,none
grid_3_moderate_single_peak,routing_reroutes,signal_only_vs_routing_only,signal_only,routing_only,wilcoxon_signed_rank,0.0,0.014058605323737277,0.020186715336648398,-0.9114654303752999,-2.1,-0.5,10,none
grid_3_moderate_single_peak,routing_reroutes,vsl_only_vs_routing_only,vsl_only,routing_only,paired_ttest,-2.8823067684915684,0.01810982166325051,0.025513207877786884,-0.9114654303752999,-2.1,-0.5,10,none
grid_3_moderate_single_peak,routing_reroutes,vsl_only_vs_routing_only,vsl_only,routing_only,wilcoxon_signed_rank,0.0,0.014058605323737277,0.020186715336648398,-0.9114654303752999,-2.1,-0.5,10,none
grid_3_moderate_single_peak,routing_reroutes,combined_vs_signal_only,combined,signal_only,paired_ttest,8.4467621182755,1.4302650756009612e-05,5.523782360941643e-05,2.671100714737915,60.295,94.005,10,none
grid_3_moderate_single_peak,routing_reroutes,combined_vs_signal_only,combined,signal_only,wilcoxon_signed_rank,0.0,0.001953125,0.003125,2.671100714737915,60.295,94.005,10,none
grid_3_moderate_single_peak,routing_reroutes,combined_vs_vsl_only,combined,vsl_only,paired_ttest,8.4467621182755,1.4302650756009612e-05,5.523782360941643e-05,2.671100714737915,60.295,94.005,10,none
grid_3_moderate_single_peak,routing_reroutes,combined_vs_vsl_only,combined,vsl_only,wilcoxon_signed_rank,0.0,0.001953125,0.003125,2.671100714737915,60.295,94.005,10,none
grid_3_moderate_single_peak,routing_reroutes,combined_vs_routing_only,combined,routing_only,paired_ttest,8.53065459091979,1.3203634125737577e-05,5.281453650295031e-05,2.6976298439478477,59.4975,92.60499999999999,10,none
grid_3_moderate_single_peak,routing_reroutes,combined_vs_routing_only,combined,routing_only,wilcoxon_signed_rank,0.0,0.001953125,0.003125,2.6976298439478477,59.4975,92.60499999999999,10,none
grid_3_moderate_single_peak,max_predicted_congestion_observed,signal_only_vs_baseline,signal_only,baseline,paired_ttest,16.934043753200836,3.918407748382704e-08,2.1672181126857424e-07,5.355014825706092,0.10643603035817387,0.13061400941412138,10,none
grid_3_moderate_single_peak,max_predicted_congestion_observed,signal_only_vs_baseline,signal_only,baseline,wilcoxon_signed_rank,0.0,0.001953125,0.003125,5.355014825706092,0.10643603035817387,0.13061400941412138,10,none
grid_3_moderate_single_peak,max_predicted_congestion_observed,vsl_only_vs_baseline,vsl_only,baseline,paired_ttest,9.778994228972781,4.3084400854839164e-06,1.8739622896085384e-05,3.092389498919613,0.06153518952994043,0.08838844132826724,10,none
grid_3_moderate_single_peak,max_predicted_congestion_observed,vsl_only_vs_baseline,vsl_only,baseline,wilcoxon_signed_rank,0.0,0.001953125,0.003125,3.092389498919613,0.06153518952994043,0.08838844132826724,10,none
grid_3_moderate_single_peak,max_predicted_congestion_observed,routing_only_vs_baseline,routing_only,baseline,paired_ttest,-0.58309119602747,0.5741498911105416,0.6398486348694593,-0.18438962630385297,-0.02003278181663594,0.00895219661315876,10,none
grid_3_moderate_single_peak,max_predicted_congestion_observed,routing_only_vs_baseline,routing_only,baseline,wilcoxon_signed_rank,25.0,0.845703125,0.9063995215311005,-0.18438962630385297,-0.02003278181663594,0.00895219661315876,10,none
grid_3_moderate_single_peak,max_predicted_congestion_observed,signal_and_routing_vs_baseline,signal_and_routing,baseline,paired_ttest,21.69134896049061,4.43225074578562e-09,3.2026586034063834e-08,6.859406823667605,0.11269189187919594,0.13294942629583548,10,none
grid_3_moderate_single_peak,max_predicted_congestion_observed,signal_and_routing_vs_baseline,signal_and_routing,baseline,wilcoxon_signed_rank,0.0,0.001953125,0.003125,6.859406823667605,0.11269189187919594,0.13294942629583548,10,none
grid_3_moderate_single_peak,max_predicted_congestion_observed,signal_and_vsl_vs_baseline,signal_and_vsl,baseline,paired_ttest,19.65022180658271,1.0607711887714076e-08,6.693316796754797e-08,6.213945743631004,0.09290977928953469,0.11088492096637599,10,none
grid_3_moderate_single_peak,max_predicted_congestion_observed,signal_and_vsl_vs_baseline,signal_and_vsl,baseline,wilcoxon_signed_rank,0.0,0.001953125,0.003125,6.213945743631004,0.09290977928953469,0.11088492096637599,10,none
grid_3_moderate_single_peak,max_predicted_congestion_observed,vsl_and_routing_vs_baseline,vsl_and_routing,baseline,paired_ttest,8.374590289068134,1.5328841818729314e-05,5.819763673551469e-05,2.648277978418321,0.051825833876007255,0.07955776018735689,10,none
grid_3_moderate_single_peak,max_predicted_congestion_observed,vsl_and_routing_vs_baseline,vsl_and_routing,baseline,wilcoxon_signed_rank,0.0,0.001953125,0.003125,2.648277978418321,0.051825833876007255,0.07955776018735689,10,none
grid_3_moderate_single_peak,max_predicted_congestion_observed,combined_vs_baseline,combined,baseline,paired_ttest,18.17695128601539,2.1058352410369743e-08,1.2578855839794193e-07,5.748056698173537,0.09009123509492885,0.10942604756777848,10,none
grid_3_moderate_single_peak,max_predicted_congestion_observed,combined_vs_baseline,combined,baseline,wilcoxon_signed_rank,0.0,0.001953125,0.003125,5.748056698173537,0.09009123509492885,0.10942604756777848,10,none
grid_3_moderate_single_peak,max_predicted_congestion_observed,signal_and_routing_vs_signal_only,signal_and_routing,signal_only,paired_ttest,1.6665689297709287,0.1299506326958941,0.16082288245237722,0.5270153695745332,0.0005035508653923491,0.009528308222746645,10,none
grid_3_moderate_single_peak,max_predicted_congestion_observed,signal_and_routing_vs_signal_only,signal_and_routing,signal_only,wilcoxon_signed_rank,1.0,0.046399461870904594,0.06131846288544324,0.5270153695745332,0.0005035508653923491,0.009528308222746645,10,none
grid_3_moderate_single_peak,max_predicted_congestion_observed,signal_and_routing_vs_routing_only,signal_and_routing,routing_only,paired_ttest,20.246368002382436,8.149950854749747e-09,5.369379386658657e-08,6.402463723348187,0.11549975259463802,0.13926250264623893,10,none
grid_3_moderate_single_peak,max_predicted_congestion_observed,signal_and_routing_vs_routing_only,signal_and_routing,routing_only,wilcoxon_signed_rank,0.0,0.001953125,0.003125,6.402463723348187,0.11549975259463802,0.13926250264623893,10,none
grid_3_moderate_single_peak,max_predicted_congestion_observed,signal_and_routing_vs_combined,signal_and_routing,combined,paired_ttest,5.752380031334391,0.00027546948748972787,0.0009141505955214673,1.819062286588743,0.01684632732560352,0.03266881861346618,10,none
grid_3_moderate_single_peak,max_predicted_congestion_observed,signal_and_routing_vs_combined,signal_and_routing,combined,wilcoxon_signed_rank,0.0,0.001953125,0.003125,1.819062286588743,0.01684632732560352,0.03266881861346618,10,none
grid_3_moderate_single_peak,max_predicted_congestion_observed,signal_only_vs_vsl_only,signal_only,vsl_only,paired_ttest,9.01764639773792,8.402303479742167e-06,3.5043568506656454e-05,2.8516301750864486,0.034604381522175744,0.050810050207567035,10,none
grid_3_moderate_single_peak,max_predicted_congestion_observed,signal_only_vs_vsl_only,signal_only,vsl_only,wilcoxon_signed_rank,0.0,0.001953125,0.003125,2.8516301750864486,0.034604381522175744,0.050810050207567035,10,none
grid_3_moderate_single_peak,max_predicted_congestion_observed,signal_only_vs_routing_only,signal_only,routing_only,paired_ttest,16.64047859823012,4.566034984538041e-08,2.4946142354549296e-07,5.262181372569314,0.10899607136191625,0.13689191502679987,10,none
grid_3_moderate_single_peak,max_predicted_congestion_observed,signal_only_vs_routing_only,signal_only,routing_only,wilcoxon_signed_rank,0.0,0.001953125,0.003125,5.262181372569314,0.10899607136191625,0.13689191502679987,10,none
grid_3_moderate_single_peak,max_predicted_congestion_observed,vsl_only_vs_routing_only,vsl_only,routing_only,paired_ttest,8.852044081211831,9.776004725759009e-06,3.945630736162194e-05,2.79926212448419,0.06288756207620841,0.09605074420421916,10,none
grid_3_moderate_single_peak,max_predicted_congestion_observed,vsl_only_vs_routing_only,vsl_only,routing_only,wilcoxon_signed_rank,0.0,0.001953125,0.003125,2.79926212448419,0.06288756207620841,0.09605074420421916,10,none
grid_3_moderate_single_peak,max_predicted_congestion_observed,combined_vs_signal_only,combined,signal_only,paired_ttest,-3.776430055054525,0.004372965971398933,0.006802391511065007,-1.1942120398287366,-0.030332771770124223,-0.010370772444494183,10,none
grid_3_moderate_single_peak,max_predicted_congestion_observed,combined_vs_signal_only,combined,signal_only,wilcoxon_signed_rank,2.0,0.005859375,0.009051724137931035,-1.1942120398287366,-0.030332771770124223,-0.010370772444494183,10,none
grid_3_moderate_single_peak,max_predicted_congestion_observed,combined_vs_vsl_only,combined,vsl_only,paired_ttest,3.742222771614632,0.00460965260419067,0.007145759054247129,1.1833947470050346,0.012069174279220015,0.03532438075486051,10,none
grid_3_moderate_single_peak,max_predicted_congestion_observed,combined_vs_vsl_only,combined,vsl_only,wilcoxon_signed_rank,3.0,0.009765625,0.014583333333333334,1.1833947470050346,0.012069174279220015,0.03532438075486051,10,none
grid_3_moderate_single_peak,max_predicted_congestion_observed,combined_vs_routing_only,combined,routing_only,paired_ttest,14.617763454395485,1.411310824381715e-07,7.351944759569864e-07,4.622542681346061,0.0912281394243937,0.11771924435857826,10,none
grid_3_moderate_single_peak,max_predicted_congestion_observed,combined_vs_routing_only,combined,routing_only,wilcoxon_signed_rank,0.0,0.001953125,0.003125,4.622542681346061,0.0912281394243937,0.11771924435857826,10,none
grid_3_moderate_two_peak,total_vehicles,signal_only_vs_baseline,signal_only,baseline,paired_ttest,43.720588235294116,8.557581664586322e-12,1.533518634293869e-10,13.825663946589106,190.4,207.2,10,none
grid_3_moderate_two_peak,total_vehicles,signal_only_vs_baseline,signal_only,baseline,wilcoxon_signed_rank,0.0,0.001953125,0.003048780487804878,13.825663946589106,190.4,207.2,10,none
grid_3_moderate_two_peak,total_vehicles,vsl_only_vs_baseline,vsl_only,baseline,paired_ttest,19.423607489317195,1.1749245009441522e-08,7.628495310477975e-08,6.142284004334699,185.9975,226.4025,10,none
grid_3_moderate_two_peak,total_vehicles,vsl_only_vs_baseline,vsl_only,baseline,wilcoxon_signed_rank,0.0,0.001953125,0.003048780487804878,6.142284004334699,185.9975,226.4025,10,none
grid_3_moderate_two_peak,total_vehicles,routing_only_vs_baseline,routing_only,baseline,paired_ttest,2.3333333333333335,0.044503537305576386,0.061917964946888886,0.7378647873726218,0.5,3.6,10,none
grid_3_moderate_two_peak,total_vehicles,routing_only_vs_baseline,routing_only,baseline,wilcoxon_signed_rank,9.0,0.064453125,0.08568249258160238,0.7378647873726218,0.5,3.6,10,none
grid_3_moderate_two_peak,total_vehicles,signal_and_routing_vs_baseline,signal_and_routing,baseline,paired_ttest,45.049464153432616,6.543384002384691e-12,1.395921920508734e-10,14.24589140949562,194.4975,210.8,10,none
grid_3_moderate_two_peak,total_vehicles,signal_and_routing_vs_baseline,signal_and_routing,baseline,wilcoxon_signed_rank,0.0,0.001953125,0.003048780487804878,14.24589140949562,194.4975,210.8,10,none
grid_3_moderate_two_peak,total_vehicles,signal_and_vsl_vs_baseline,signal_and_vsl,baseline,paired_ttest,44.276656040160155,7.64116434527328e-12,1.4883659246445348e-10,14.00150802627578,265.5975,289.0025,10,none
grid_3_moderate_two_peak,total_vehicles,signal_and_vsl_vs_baseline,signal_and_vsl,baseline,wilcoxon_signed_rank,0.0,0.001953125,0.003048780487804878,14.00150802627578,265.5975,289.0025,10,none
grid_3_moderate_two_peak,total_vehicles,vsl_and_routing_vs_baseline,vsl_and_routing,baseline,paired_ttest,18.11001161045012,2.175184998550416e-08,1.2655621809747876e-07,5.726888514111638,180.8975,224.305,10,none
grid_3_moderate_two_peak,total_vehicles,vsl_and_routing_vs_baseline,vsl_and_routing,baseline,wilcoxon_signed_rank,0.0,0.001953125,0.003048780487804878,5.726888514111638,180.8975,224.305,10,none
grid_3_moderate_two_peak,total_vehicles,combined_vs_baseline,combined,baseline,paired_ttest,40.376734756763845,1.7454547253370536e-11,2.6964266101758624e-10,12.768244631185846,264.6975,289.9025,10,none
grid_3_moderate_two_peak,total_vehicles,combined_vs_baseline,combined,baseline,wilcoxon_signed_rank,0.0,0.001953125,0.003048780487804878,12.768244631185846,264.6975,289.9025,10,none
grid_3_moderate_two_peak,total_vehicles,signal_and_routing_vs_signal_only,signal_and_routing,signal_only,paired_ttest,1.5138801408443334,0.1643534219191161,0.20740938878806764,0.4787309349564596,-0.2,9.704999999999995,10,none
grid_3_moderate_two_peak,total_vehicles,signal_and_routing_vs_signal_only,signal_and_routing,signal_only,wilcoxon_signed_rank,13.0,0.16015625,0.20325779036827196,0.4787309349564596,-0.2,9.704999999999995,10,none
grid_3_moderate_two_peak,total_vehicles,signal_and_routing_vs_routing_only,signal_and_routing,routing_only,paired_ttest,49.92005743770296,2.606093940372812e-12,7.297063033043873e-11,15.786108242957043,193.1975,207.7025,10,none
grid_3_moderate_two_peak,total_vehicles,signal_and_routing_vs_routing_only,signal_and_routing,routing_only,wilcoxon_signed_rank,0.0,0.001953125,0.003048780487804878,15.786108242957043,193.1975,207.7025,10,none
grid_3_moderate_two_peak,total_vehicles,signal_and_routing_vs_combined,signal_and_routing,combined,paired_ttest,-10.443359493592652,2.4908911071062495e-06,1.0729992461380766e-05,-3.3024802423695405,-88.10249999999999,-61.597500000000004,10,none
grid_3_moderate_two_peak,total_vehicles,signal_and_routing_vs_combined,signal_and_routing,combined,wilcoxon_signed_rank,0.0,0.001953125,0.003048780487804878,-3.3024802423695405,-88.10249999999999,-61.597500000000004,10,none
grid_3_moderate_two_peak,total_vehicles,signal_only_vs_vsl_only,signal_only,vsl_only,paired_ttest,-0.7607196811703927,0.4662864925940894,0.5261872762774611,-0.2405606853415545,-29.0,13.402499999999998,10,none
grid_3_moderate_two_peak,total_vehicles,signal_only_vs_vsl_only,signal_only,vsl_only,wilcoxon_signed_rank,22.0,0.625,0.6779661016949152,-0.2405606853415545,-29.0,13.402499999999998,10,none
grid_3_moderate_two_peak,total_vehicles,signal_only_vs_routing_only,signal_only,routing_only,paired_ttest,46.612735683286886,4.819313433136389e-12,1.1363433779184748e-10,14.740241273059159,188.9975,204.3,10,none
grid_3_moderate_two_peak,total_vehicles,signal_only_vs_routing_only,signal_only,routing_only,wilcoxon_signed_rank,0.0,0.001953125,0.003048780487804878,14.740241273059159,188.9975,204.3,10,none
grid_3_moderate_two_peak,total_vehicles,vsl_only_vs_routing_only,vsl_only,routing_only,paired_ttest,18.985361609808926,1.4364033355913228e-08,8.815187593765926e-08,6.003698488891714,183.5,224.8075,10,none
grid_3_moderate_two_peak,total_vehicles,vsl_only_vs_routing_only,vsl_only,routing_only,wilcoxon_signed_rank,0.0,0.001953125,0.003048780487804878,6.003698488891714,183.5,224.8075,10,none
grid_3_moderate_two_peak,total_vehicles,combined_vs_signal_only,combined,signal_only,paired_ttest,10.204008163531798,3.023817910739554e-06,1.2543244666771482e-05,3.2267907059712377,65.39500000000001,93.405,10,none
grid_3_moderate_two_peak,total_vehicles,combined_vs_signal_only,combined,signal_only,wilcoxon_signed_rank,0.0,0.001953125,0.003048780487804878,3.2267907059712377,65.39500000000001,93.405,10,none
grid_3_moderate_two_peak,total_vehicles,combined_vs_vsl_only,combined,vsl_only,paired_ttest,7.0312554309253725,6.110577321140151e-05,0.0002073892908993021,2.22347819721529,52.292500000000004,89.10749999999999,10,none
grid_3_moderate_two_peak,total_vehicles,combined_vs_vsl_only,combined,vsl_only,wilcoxon_signed_rank,0.0,0.001953125,0.003048780487804878,2.22347819721529,52.292500000000004,89.10749999999999,10,none
grid_3_moderate_two_peak,total_vehicles,combined_vs_routing_only,combined,routing_only,paired_ttest,38.06251159963082,2.960673360615686e-11,4.2786505340510555e-10,12.036423012141233,261.4975,288.005,10,none
grid_3_moderate_two_peak,total_vehicles,combined_vs_routing_only,combined,routing_only,wilcoxon_signed_rank,0.0,0.001953125,0.003048780487804878,12.036423012141233,261.4975,288.005,10,none
grid_3_moderate_two_peak,avg_speed,signal_only_vs_baseline,signal_only,baseline,paired_ttest,-56.83789475595695,8.131790073342141e-13,2.8023399637363682e-11,-17.973720483776415,-5.2395926411729805,-4.914541196736574,10,none
grid_3_moderate_two_peak,avg_speed,signal_only_vs_baseline,signal_only,baseline,wilcoxon_signed_rank,0.0,0.001953125,0.003048780487804878,-17.973720483776415,-5.2395926411729805,-4.914541196736574,10,none
grid_3_moderate_two_peak,avg_speed,vsl_only_vs_baseline,vsl_only,baseline,paired_ttest,-35.9482442731628,4.936742783343684e-11,6.504884608641089e-10,-11.36783297872986,-5.15852249381167,-4.656718148411088,10,none
grid_3_moderate_two_peak,avg_speed,vsl_only_vs_baseline,vsl_only,baseline,wilcoxon_signed_rank,0.0,0.001953125,0.003048780487804878,-11.36783297872986,-5.15852249381167,-4.656718148411088,10,none
grid_3_moderate_two_peak,avg_speed,routing_only_vs_baseline,routing_only,baseline,paired_ttest,-0.03127330660539821,0.9757341254868748,1.0,-0.009889487883784699,-0.1200830444662185,0.10607969161204482,10,none
grid_3_moderate_two_peak,avg_speed,routing_only_vs_baseline,routing_only,baseline,wilcoxon_signed_rank,27.0,1.0,1.0,-0.009889487883784699,-0.1200830444662185,0.10607969161204482,10,none
grid_3_moderate_two_peak,avg_speed,signal_and_routing_vs_baseline,signal_and_routing,baseline,paired_ttest,-48.72921753143093,3.2362683479239626e-12,8.528518940411383e-11,-15.409531599712938,-5.288901429428636,-4.905425056427444,10,none
grid_3_moderate_two_peak,avg_speed,signal_and_routing_vs_baseline,signal_and_routing,baseline,wilcoxon_signed_rank,0.0,0.001953125,0.003048780487804878,-15.409531599712938,-5.288901429428636,-4.905425056427444,10,none
grid_3_moderate_two_peak,avg_speed,signal_and_vsl_vs_baseline,signal_and_vsl,baseline,paired_ttest,-83.79939707160007,2.4855769554704174e-14,1.1135384760507468e-12,-26.49969612951004,-5.701319973699366,-5.462955022655964,10,none
grid_3_moderate_two_peak,avg_speed,signal_and_vsl_vs_baseline,signal_and_vsl,baseline,wilcoxon_signed_rank,0.0,0.001953125,0.003048780487804878,-26.49969612951004,-5.701319973699366,-5.462955022655964,10,none
grid_3_moderate_two_peak,avg_speed,vsl_and_routing_vs_baseline,vsl_and_routing,baseline,paired_ttest,-32.291333031739306,1.2877372839330646e-10,1.2541441373956804e-09,-10.21141610633265,-5.2048496444032715,-4.621399076488194,10,none
grid_3_moderate_two_peak,avg_speed,vsl_and_routing_vs_baseline,vsl_and_routing,baseline,wilcoxon_signed_rank,0.0,0.001953125,0.003048780487804878,-10.21141610633265,-5.2048496444032715,-4.621399076488194,10,none
grid_3_moderate_two_peak,avg_speed,combined_vs_baseline,combined,baseline,paired_ttest,-81.09871250521665,3.3366883491573934e-14,1.3589421640204657e-12,-25.64566468236646,-5.65262805746962,-5.410539928488106,10,none
grid_3_moderate_two_peak,avg_speed,combined_vs_baseline,combined,baseline,wilcoxon_signed_rank,0.0,0.001953125,0.003048780487804878,-25.64566468236646,-5.65262805746962,-5.410539928488106,10,none
grid_3_moderate_two_peak,avg_speed,signal_and_routing_vs_signal_only,signal_and_routing,signal_only,paired_ttest,-0.047456085295478026,0.9631861173196238,1.0,-0.01500693183689353,-0.2732142490733462,0.2033192356746514,10,none
grid_3_moderate_two_peak,avg_speed,signal_and_routing_vs_signal_only,signal_and_routing,signal_only,wilcoxon_signed_rank,22.0,0.625,0.6779661016949152,-0.01500693183689353,-0.2732142490733462,0.2033192356746514,10,none
grid_3_moderate_two_peak,avg_speed,signal_and_routing_vs_routing_only,signal_and_routing,routing_only,paired_ttest,-37.11969882471415,3.7056401457811016e-11,5.187896204093542e-10,-11.7382794345572,-5.350324841420488,-4.843708086583072,10,none
grid_3_moderate_two_peak,avg_speed,signal_and_routing_vs_routing_only,signal_and_routing,routing_only,wilcoxon_signed_rank,0.0,0.001953125,0.003048780487804878,-11.7382794345572,-5.350324841420488,-4.843708086583072,10,none
grid_3_moderate_two_peak,avg_speed,signal_and_routing_vs_combined,signal_and_routing,combined,paired_ttest,2.996815508073021,0.015033800101556602,0.02222819288943022,0.9476762732825468,0.17803785800202934,0.7080040132447177,10,none
grid_3_moderate_two_peak,avg_speed,signal_and_routing_vs_combined,signal_and_routing,combined,wilcoxon_signed_rank,5.0,0.01953125,0.02840909090909091,0.9476762732825468,0.17803785800202934,0.7080040132447177,10,none
grid_3_moderate_two_peak,avg_speed,signal_only_vs_vsl_only,signal_only,vsl_only,paired_ttest,-0.8925543874235676,0.395333651512889,0.4552942824621447,-0.28225047998348207,-0.5572217430121599,0.2072165277508872,10,none
grid_3_moderate_two_peak,avg_speed,signal_only_vs_vsl_only,signal_only,vsl_only,wilcoxon_signed_rank,17.0,0.322265625,0.37794502617801046,-0.28225047998348207,-0.5572217430121599,0.2072165277508872,10,none
grid_3_moderate_two_peak,avg_speed,signal_only_vs_routing_only,signal_only,routing_only,paired_ttest,-54.816151135754104,1.1255904000927085e-12,3.601889280296667e-11,-17.334389015300875,-5.25560462327773,-4.8990148868735375,10,none
grid_3_moderate_two_peak,avg_speed,signal_only_vs_routing_only,signal_only,routing_only,wilcoxon_signed_rank,0.0,0.001953125,0.003048780487804878,-17.334389015300875,-5.25560462327773,-4.8990148868735375,10,none
grid_3_moderate_two_peak,avg_speed,vsl_only_vs_routing_only,vsl_only,routing_only,paired_ttest,-30.849827730607178,1.9358546738444605e-10,1.8452401997496132e-09,-9.755572105254204,-5.21315091928339,-4.610310955764384,10,none
grid_3_moderate_two_peak,avg_speed,vsl_only_vs_routing_only,vsl_only,routing_only,wilcoxon_signed_rank,0.0,0.001953125,0.003048780487804878,-9.755572105254204,-5.21315091928339,-4.610310955764384,10,none
grid_3_moderate_two_peak,avg_speed,combined_vs_signal_only,combined,signal_only,paired_ttest,-3.633876597032699,0.005452608739647684,0.008308737127082183,-1.1491326782605198,-0.6832717247961269,-0.22174157067965647,10,none
grid_3_moderate_two_peak,avg_speed,combined_vs_signal_only,combined,signal_only,wilcoxon_signed_rank,3.0,0.009765625,0.014534883720930232,-1.1491326782605198,-0.6832717247961269,-0.22174157067965647,10,none
grid_3_moderate_two_peak,avg_speed,combined_vs_vsl_only,combined,vsl_only,paired_ttest,-4.7575113865298,0.0010332638352987394,0.003048780487804878,-1.5044571975619878,-0.8716000244120831,-0.38244963792222036,10,none
grid_3_moderate_two_peak,avg_speed,combined_vs_vsl_only,combined,vsl_only,wilcoxon_signed_rank,0.0,0.001953125,0.003048780487804878,-1.5044571975619878,-0.8716000244120831,-0.38244963792222036,10,none
grid_3_moderate_two_peak,avg_speed,combined_vs_routing_only,combined,routing_only,paired_ttest,-58.78689161765627,6.00793787817101e-13,2.242963474517177e-11,-18.59004740732542,-5.703076241806848,-5.36872838126253,10,none
grid_3_moderate_two_peak,avg_speed,combined_vs_routing_only,combined,routing_only,wilcoxon_signed_rank,0.0,0.001953125,0.003048780487804878,-18.59004740732542,-5.703076241806848,-5.36872838126253,10,none
grid_3_moderate_two_peak,avg_waiting_time,signal_only_vs_baseline,signal_only,baseline,paired_ttest,20.33967411816943,7.825872203456161e-09,5.3938319186897855e-08,6.431969707899216,56.84363288191411,68.27180915097074,10,none
grid_3_moderate_two_peak,avg_waiting_time,signal_only_vs_baseline,signal_only,baseline,wilcoxon_signed_rank,0.0,0.001953125,0.003048780487804878,6.431969707899216,56.84363288191411,68.27180915097074,10,none
grid_3_moderate_two_peak,avg_waiting_time,vsl_only_vs_baseline,vsl_only,baseline,paired_ttest,11.993140441580723,7.737480464609783e-07,3.466391248145183e-06,3.7925640093672652,7.74405552512521,10.464420203384439,10,none
grid_3_moderate_two_peak,avg_waiting_time,vsl_only_vs_baseline,vsl_only,baseline,wilcoxon_signed_rank,0.0,0.001953125,0.003048780487804878,3.7925640093672652,7.74405552512521,10.464420203384439,10,none
grid_3_moderate_two_peak,avg_waiting_time,routing_only_vs_baseline,routing_only,baseline,paired_ttest,1.1342072442410873,0.2860132166646713,0.3407817049621615,0.3586678230464731,-0.06243376111736504,0.3003101251649351,10,none
grid_3_moderate_two_peak,avg_waiting_time,routing_only_vs_baseline,routing_only,baseline,wilcoxon_signed_rank,20.0,0.4921875,0.5498753117206983,0.3586678230464731,-0.06243376111736504,0.3003101251649351,10,none
grid_3_moderate_two_peak,avg_waiting_time,signal_and_routing_vs_baseline,signal_and_routing,baseline,paired_ttest,21.915951165999267,4.04613851859555e-09,2.8772540576679467e-08,6.930432277358063,56.049324058731294,66.62101467754032,10,none
grid_3_moderate_two_peak,avg_waiting_time,signal_and_routing_vs_baseline,signal_and_routing,baseline,wilcoxon_signed_rank,0.0,0.001953125,0.003048780487804878,6.930432277358063,56.049324058731294,66.62101467754032,10,none
grid_3_moderate_two_peak,avg_waiting_time,signal_and_vsl_vs_baseline,signal_and_vsl,baseline,paired_ttest,16.710679245296635,4.401024666352912e-08,2.4645738131576306e-07,5.2843807663640945,35.142101300537064,43.87332714534972,10,none
grid_3_moderate_two_peak,avg_waiting_time,signal_and_vsl_vs_baseline,signal_and_vsl,baseline,wilcoxon_signed_rank,0.0,0.001953125,0.003048780487804878,5.2843807663640945,35.142101300537064,43.87332714534972,10,none
grid_3_moderate_two_peak,avg_waiting_time,vsl_and_routing_vs_baseline,vsl_and_routing,baseline,paired_ttest,9.034541316912529,8.274558683553605e-06,3.309823473421442e-05,2.8569728176340705,6.372435776570506,9.539540778887565,10,none
grid_3_moderate_two_peak,avg_waiting_time,vsl_and_routing_vs_baseline,vsl_and_routing,baseline,wilcoxon_signed_rank,0.0,0.001953125,0.003048780487804878,2.8569728176340705,6.372435776570506,9.539540778887565,10,none
grid_3_moderate_two_peak,avg_waiting_time,combined_vs_baseline,combined,baseline,paired_ttest,12.173514644124154,6.812941432539586e-07,3.1465956306986947e-06,3.8496033404846437,32.33209831911313,44.459307753235535,10,none
grid_3_moderate_two_peak,avg_waiting_time,combined_vs_baseline,combined,baseline,wilcoxon_signed_rank,0.0,0.001953125,0.003048780487804878,3.8496033404846437,32.33209831911313,44.459307753235535,10,none
grid_3_moderate_two_peak,avg_waiting_time,signal_and_routing_vs_signal_only,signal_and_routing,signal_only,paired_ttest,-0.5811279063828919,0.5754164643840607,0.6359306521807816,-0.18376877960550406,-5.857957870765842,3.1311262085296865,10,none
grid_3_moderate_two_peak,avg_waiting_time,signal_and_routing_vs_signal_only,signal_and_routing,signal_only,wilcoxon_signed_rank,22.0,0.625,0.6779661016949152,-0.18376877960550406,-5.857957870765842,3.1311262085296865,10,none
grid_3_moderate_two_peak,avg_waiting_time,signal_and_routing_vs_routing_only,signal_and_routing,routing_only,paired_ttest,21.54722166771437,4.701475785352636e-09,3.291033049746845e-08,6.813829771850922,55.776145204115565,66.64770451582523,10,none
grid_3_moderate_two_peak,avg_waiting_time,signal_and_routing_vs_routing_only,signal_and_routing,routing_only,wilcoxon_signed_rank,0.0,0.001953125,0.003048780487804878,6.813829771850922,55.776145204115565,66.64770451582523,10,none
grid_3_moderate_two_peak,avg_waiting_time,signal_and_routing_vs_combined,signal_and_routing,combined,paired_ttest,5.757795443387869,0.00027359772496827616,0.0008882013100419401,1.8207747902444749,15.174501675454025,29.48360503300611,10,none
grid_3_moderate_two_peak,avg_waiting_time,signal_and_routing_vs_combined,signal_and_routing,combined,wilcoxon_signed_rank,0.0,0.001953125,0.003048780487804878,1.8207747902444749,15.174501675454025,29.48360503300611,10,none
grid_3_moderate_two_peak,avg_waiting_time,signal_only_vs_vsl_only,signal_only,vsl_only,paired_ttest,16.462793954007644,5.015171114846584e-08,2.739995926160085e-07,5.205992554471344,47.62501587817252,59.62449278519143,10,none
grid_3_moderate_two_peak,avg_waiting_time,signal_only_vs_vsl_only,signal_only,vsl_only,wilcoxon_signed_rank,0.0,0.001953125,0.003048780487804878,5.205992554471344,47.62501587817252,59.62449278519143,10,none
grid_3_moderate_two_peak,avg_waiting_time,signal_only_vs_routing_only,signal_only,routing_only,paired_ttest,20.041446852767947,8.915236391922315e-09,6.05155439936545e-08,6.337661965995996,56.68060488818117,68.22218696581677,10,none
grid_3_moderate_two_peak,avg_waiting_time,signal_only_vs_routing_only,signal_only,routing_only,wilcoxon_signed_rank,0.0,0.001953125,0.003048780487804878,6.337661965995996,56.68060488818117,68.22218696581677,10,none
grid_3_moderate_two_peak,avg_waiting_time,vsl_only_vs_routing_only,vsl_only,routing_only,paired_ttest,12.485611695753947,5.488113140293262e-07,2.588078617738296e-06,3.9482970939019744,7.690420646751904,10.30584537730258,10,none
grid_3_moderate_two_peak,avg_waiting_time,vsl_only_vs_routing_only,vsl_only,routing_only,wilcoxon_signed_rank,0.0,0.001953125,0.003048780487804878,3.9482970939019744,7.690420646751904,10.30584537730258,10,none
grid_3_moderate_two_peak,avg_waiting_time,combined_vs_signal_only,combined,signal_only,paired_ttest,-7.814552371278293,2.6683339235592567e-05,9.640432239956024e-05,-2.4711784387909184,-28.78071953942453,-17.101243090641677,10,none
grid_3_moderate_two_peak,avg_waiting_time,combined_vs_signal_only,combined,signal_only,wilcoxon_signed_rank,0.0,0.001953125,0.003048780487804878,-2.4711784387909184,-28.78071953942453,-17.101243090641677,10,none
grid_3_moderate_two_peak,avg_waiting_time,combined_vs_vsl_only,combined,vsl_only,paired_ttest,10.401889584388085,2.5752755259918427e-06,1.0884325529877171e-05,3.2893663056248585,23.866293223464883,34.68351021426594,10,none
grid_3_moderate_two_peak,avg_waiting_time,combined_vs_vsl_only,combined,vsl_only,wilcoxon_signed_rank,0.0,0.001953125,0.003048780487804878,3.2893663056248585,23.866293223464883,34.68351021426594,10,none
grid_3_moderate_two_peak,avg_waiting_time,combined_vs_routing_only,combined,routing_only,paired_ttest,12.122302618886994,7.062372432686816e-07,3.1959018685289833e-06,3.8334086761506985,32.189418236544306,44.21757986117619,10,none
grid_3_moderate_two_peak,avg_waiting_time,combined_vs_routing_only,combined,routing_only,wilcoxon_signed_rank,0.0,0.001953125,0.003048780487804878,3.8334086761506985,32.189418236544306,44.21757986117619,10,none
grid_3_moderate_two_peak,total_travel_time,signal_only_vs_baseline,signal_only,baseline,paired_ttest,43.72058823529412,8.557581664586261e-12,1.533518634293869e-10,13.825663946589104,95200.0,103600.0,10,none
grid_3_moderate_two_peak,total_travel_time,signal_only_vs_baseline,signal_only,baseline,wilcoxon_signed_rank,0.0,0.001953125,0.003048780487804878,13.825663946589104,95200.0,103600.0,10,none
grid_3_moderate_two_peak,total_travel_time,vsl_only_vs_baseline,vsl_only,baseline,paired_ttest,19.423607489317195,1.1749245009441522e-08,7.628495310477975e-08,6.142284004334699,92998.75,113201.25,10,none
grid_3_moderate_two_peak,total_travel_time,vsl_only_vs_baseline,vsl_only,baseline,wilcoxon_signed_rank,0.0,0.001953125,0.003048780487804878,6.142284004334699,92998.75,113201.25,10,none
grid_3_moderate_two_peak,total_travel_time,routing_only_vs_baseline,routing_only,baseline,paired_ttest,2.3333333333333335,0.044503537305576386,0.061917964946888886,0.7378647873726218,250.0,1800.0,10,none
grid_3_moderate_two_peak,total_travel_time,routing_only_vs_baseline,routing_only,baseline,wilcoxon_signed_rank,9.0,0.064453125,0.08568249258160238,0.7378647873726218,250.0,1800.0,10,none
grid_3_moderate_two_peak,total_travel_time,signal_and_routing_vs_baseline,signal_and_routing,baseline,paired_ttest,45.049464153432616,6.543384002384691e-12,1.395921920508734e-10,14.245891409495618,97248.75,105400.0,10,none
grid_3_moderate_two_peak,total_travel_time,signal_and_routing_vs_baseline,signal_and_routing,baseline,wilcoxon_signed_rank,0.0,0.001953125,0.003048780487804878,14.245891409495618,97248.75,105400.0,10,none
grid_3_moderate_two_peak,total_travel_time,signal_and_vsl_vs_baseline,signal_and_vsl,baseline,paired_ttest,44.276656040160155,7.64116434527328e-12,1.4883659246445348e-10,14.00150802627578,132798.75,144501.25,10,none
grid_3_moderate_two_peak,total_travel_time,signal_and_vsl_vs_baseline,signal_and_vsl,baseline,wilcoxon_signed_rank,0.0,0.001953125,0.003048780487804878,14.00150802627578,132798.75,144501.25,10,none
grid_3_moderate_two_peak,total_travel_time,vsl_and_routing_vs_baseline,vsl_and_routing,baseline,paired_ttest,18.110011610450115,2.175184998550416e-08,1.2655621809747876e-07,5.7268885141116375,90448.75,112152.5,10,none
grid_3_moderate_two_peak,total_travel_time,vsl_and_routing_vs_baseline,vsl_and_routing,baseline,wilcoxon_signed_rank,0.0,0.001953125,0.003048780487804878,5.7268885141116375,90448.75,112152.5,10,none
grid_3_moderate_two_peak,total_travel_time,combined_vs_baseline,combined,baseline,paired_ttest,40.376734756763845,1.7454547253370536e-11,2.6964266101758624e-10,12.768244631185844,132348.75,144951.25,10,none
grid_3_moderate_two_peak,total_travel_time,combined_vs_baseline,combined,baseline,wilcoxon_signed_rank,0.0,0.001953125,0.003048780487804878,12.768244631185844,132348.75,144951.25,10,none
grid_3_moderate_two_peak,total_travel_time,signal_and_routing_vs_signal_only,signal_and_routing,signal_only,paired_ttest,1.5138801408443334,0.1643534219191161,0.20740938878806764,0.4787309349564595,-100.0,4852.499999999998,10,none
grid_3_moderate_two_peak,total_travel_time,signal_and_routing_vs_signal_only,signal_and_routing,signal_only,wilcoxon_signed_rank,13.0,0.16015625,0.20325779036827196,0.4787309349564595,-100.0,4852.499999999998,10,none
grid_3_moderate_two_peak,total_travel_time,signal_and_routing_vs_routing_only,signal_and_routing,routing_only,paired_ttest,49.920057437702965,2.606093940372812e-12,7.297063033043873e-11,15.786108242957045,96598.75,103851.25,10,none
grid_3_moderate_two_peak,total_travel_time,signal_and_routing_vs_routing_only,signal_and_routing,routing_only,wilcoxon_signed_rank,0.0,0.001953125,0.003048780487804878,15.786108242957045,96598.75,103851.25,10,none
grid_3_moderate_two_peak,total_travel_time,signal_and_routing_vs_combined,signal_and_routing,combined,paired_ttest,-10.443359493592652,2.4908911071062495e-06,1.0729992461380766e-05,-3.3024802423695405,-44051.25,-30798.75,10,none
grid_3_moderate_two_peak,total_travel_time,signal_and_routing_vs_combined,signal_and_routing,combined,wilcoxon_signed_rank,0.0,0.001953125,0.003048780487804878,-3.3024802423695405,-44051.25,-30798.75,10,none
grid_3_moderate_two_peak,total_travel_time,signal_only_vs_vsl_only,signal_only,vsl_only,paired_ttest,-0.7607196811703928,0.4662864925940894,0.5261872762774611,-0.2405606853415545,-14500.0,6701.249999999999,10,none
grid_3_moderate_two_peak,total_travel_time,signal_only_vs_vsl_only,signal_only,vsl_only,wilcoxon_signed_rank,22.0,0.625,0.6779661016949152,-0.2405606853415545,-14500.0,6701.249999999999,10,none
grid_3_moderate_two_peak,total_travel_time,signal_only_vs_routing_only,signal_only,routing_only,paired_ttest,46.61273568328689,4.819313433136389e-12,1.1363433779184748e-10,14.74024127305916,94498.75,102150.0,10,none
grid_3_moderate_two_peak,total_travel_time,signal_only_vs_routing_only,signal_only,routing_only,wilcoxon_signed_rank,0.0,0.001953125,0.003048780487804878,14.74024127305916,94498.75,102150.0,10,none
grid_3_moderate_two_peak,total_travel_time,vsl_only_vs_routing_only,vsl_only,routing_only,paired_ttest,18.985361609808923,1.4364033355913228e-08,8.815187593765926e-08,6.003698488891715,91750.0,112403.75,10,none
grid_3_moderate_two_peak,total_travel_time,vsl_only_vs_routing_only,vsl_only,routing_only,wilcoxon_signed_rank,0.0,0.001953125,0.003048780487804878,6.003698488891715,91750.0,112403.75,10,none
grid_3_moderate_two_peak,total_travel_time,combined_vs_signal_only,combined,signal_only,paired_ttest,10.204008163531798,3.023817910739554e-06,1.2543244666771482e-05,3.226790705971237,32697.500000000004,46702.5,10,none
grid_3_moderate_two_peak,total_travel_time,combined_vs_signal_only,combined,signal_only,wilcoxon_signed_rank,0.0,0.001953125,0.003048780487804878,3.226790705971237,32697.500000000004,46702.5,10,none
grid_3_moderate_two_peak,total_travel_time,combined_vs_vsl_only,combined,vsl_only,paired_ttest,7.031255430925372,6.110577321140151e-05,0.0002073892908993021,2.2234781972152895,26146.250000000004,44553.75,10,none
grid_3_moderate_two_peak,total_travel_time,combined_vs_vsl_only,combined,vsl_only,wilcoxon_signed_rank,0.0,0.001953125,0.003048780487804878,2.2234781972152895,26146.250000000004,44553.75,10,none
grid_3_moderate_two_peak,total_travel_time,combined_vs_routing_only,combined,routing_only,paired_ttest,38.062511599630824,2.960673360615675e-11,4.2786505340510555e-10,12.036423012141233,130748.75,144002.5,10,none
grid_3_moderate_two_peak,total_travel_time,combined_vs_routing_only,combined,routing_only,wilcoxon_signed_rank,0.0,0.001953125,0.003048780487804878,12.036423012141233,130748.75,144002.5,10,none
grid_3_moderate_two_peak,system_congestion,signal_only_vs_baseline,signal_only,baseline,paired_ttest,-7.203947715221087,5.061537558544611e-05,0.0001744283712483066,-2.2780882924864683,-0.10680768488741313,-0.06298766716131474,10,none
grid_3_moderate_two_peak,system_congestion,signal_only_vs_baseline,signal_only,baseline,wilcoxon_signed_rank,0.0,0.0075792819433897285,0.011432721584641746,-2.2780882924864683,-0.10680768488741313,-0.06298766716131474,10,none
grid_3_moderate_two_peak,system_congestion,vsl_only_vs_baseline,vsl_only,baseline,paired_ttest,3.815189394491969,0.004120195452017386,0.006364991594840652,1.206468819151328,0.0034038424437066056,0.010834316101883002,10,none
grid_3_moderate_two_peak,system_congestion,vsl_only_vs_baseline,vsl_only,baseline,wilcoxon_signed_rank,1.0,0.009449242473215543,0.014110868760001878,1.206468819151328,0.0034038424437066056,0.010834316101883002,10,none
grid_3_moderate_two_peak,system_congestion,routing_only_vs_baseline,routing_only,baseline,paired_ttest,1.7650452162436667,0.11137324638262583,0.14337705281441715,0.5581563056514414,3.302913498259866e-17,0.010834316101883002,10,none
grid_3_moderate_two_peak,system_congestion,routing_only_vs_baseline,routing_only,baseline,wilcoxon_signed_rank,4.0,0.04771488023735121,0.0661803911651187,0.5581563056514414,3.302913498259866e-17,0.010834316101883002,10,none
grid_3_moderate_two_peak,system_congestion,signal_and_routing_vs_baseline,signal_and_routing,baseline,paired_ttest,-6.680903829389304,9.048538056918557e-05,0.00029806948893378775,-2.112687292941117,-0.08889052683647161,-0.05192318331063172,10,none
grid_3_moderate_two_peak,system_congestion,signal_and_routing_vs_baseline,signal_and_routing,baseline,wilcoxon_signed_rank,0.0,0.007526315166457887,0.011391179711395721,-2.112687292941117,-0.08889052683647161,-0.05192318331063172,10,none
grid_3_moderate_two_peak,system_congestion,signal_and_vsl_vs_baseline,signal_and_vsl,baseline,paired_ttest,1.176696810829107,0.26949945378301116,0.32368835199675333,0.37210420376762626,-0.0027085790254707367,0.00902859675156915,10,none
grid_3_moderate_two_peak,system_congestion,signal_and_vsl_vs_baseline,signal_and_vsl,baseline,wilcoxon_signed_rank,5.5,0.2877873901541501,0.3419860763635524,0.37210420376762626,-0.0027085790254707367,0.00902859675156915,10,none
grid_3_moderate_two_peak,system_congestion,vsl_and_routing_vs_baseline,vsl_and_routing,baseline,paired_ttest,3.674234614174767,0.005121072764272635,0.007830172690764985,1.1618950038622249,0.0054171580509415175,0.016251474152824498,10,none
grid_3_moderate_two_peak,system_congestion,vsl_and_routing_vs_baseline,vsl_and_routing,baseline,wilcoxon_signed_rank,0.0,0.010515245935858907,0.015598775428029107,1.1618950038622249,0.0054171580509415175,0.016251474152824498,10,none
grid_3_moderate_two_peak,system_congestion,combined_vs_baseline,combined,baseline,paired_ttest,0.8955334711889946,0.3938228146915592,0.4547232499531405,0.28319254898740004,-0.003611438700627634,0.008125737076412254,10,none
grid_3_moderate_two_peak,system_congestion,combined_vs_baseline,combined,baseline,wilcoxon_signed_rank,4.5,0.40762594770278093,0.4682472424893483,0.28319254898740004,-0.003611438700627634,0.008125737076412254,10,none
grid_3_moderate_two_peak,system_congestion,signal_and_routing_vs_signal_only,signal_and_routing,signal_only,paired_ttest,0.7896405286838393,0.4500399949611933,0.5104251082091509,0.24970626034204535,-0.018076264108712266,0.047986684392765086,10,none
grid_3_moderate_two_peak,system_congestion,signal_and_routing_vs_signal_only,signal_and_routing,signal_only,wilcoxon_signed_rank,9.0,0.10849745672608375,0.14048225610776163,0.24970626034204535,-0.018076264108712266,0.047986684392765086,10,none
grid_3_moderate_two_peak,system_congestion,signal_and_routing_vs_routing_only,signal_and_routing,routing_only,paired_ttest,-6.158924484413114,0.00016691402332443862,0.0005458210397762664,-1.9476229307723643,-0.0977115273311197,-0.05319624618678548,10,none
grid_3_moderate_two_peak,system_congestion,signal_and_routing_vs_routing_only,signal_and_routing,routing_only,wilcoxon_signed_rank,0.0,0.007632441648205508,0.011474274692604253,-1.9476229307723643,-0.0977115273311197,-0.05319624618678548,10,none
grid_3_moderate_two_peak,system_congestion,signal_and_routing_vs_combined,signal_and_routing,combined,paired_ttest,-6.842658196661872,7.53514067845818e-05,0.00025005503881105664,-2.1638385151471886,-0.09284959724621719,-0.05554331280398734,10,none
grid_3_moderate_two_peak,system_congestion,signal_and_routing_vs_combined,signal_and_routing,combined,wilcoxon_signed_rank,0.0,0.001953125,0.003048780487804878,-2.1638385151471886,-0.09284959724621719,-0.05554331280398734,10,none
grid_3_moderate_two_peak,system_congestion,signal_only_vs_vsl_only,signal_only,vsl_only,paired_ttest,-7.731502776214014,2.9044898933787923e-05,0.00010409691777869592,-2.444915850875138,-0.11494211275655333,-0.07109952353857597,10,none
grid_3_moderate_two_peak,system_congestion,signal_only_vs_vsl_only,signal_only,vsl_only,wilcoxon_signed_rank,0.0,0.001953125,0.003048780487804878,-2.444915850875138,-0.11494211275655333,-0.07109952353857597,10,none
grid_3_moderate_two_peak,system_congestion,signal_only_vs_routing_only,signal_only,routing_only,paired_ttest,-7.476559288184516,3.7847967769530975e-05,0.0001324678871933584,-2.3642956411950293,-0.11222484293835464,-0.0686072315627543,10,none
grid_3_moderate_two_peak,system_congestion,signal_only_vs_routing_only,signal_only,routing_only,wilcoxon_signed_rank,0.0,0.001953125,0.003048780487804878,-2.3642956411950293,-0.11222484293835464,-0.0686072315627543,10,none
grid_3_moderate_two_peak,system_congestion,vsl_only_vs_routing_only,vsl_only,routing_only,paired_ttest,0.5444771062623905,0.5993419037925675,0.6597178695308851,0.17217877896066824,-0.005624754307862601,0.00902859675156913,10,none
grid_3_moderate_two_peak,system_congestion,vsl_only_vs_routing_only,vsl_only,routing_only,wilcoxon_signed_rank,8.5,0.6732899796599957,0.7268287009341641,0.17217877896066824,-0.005624754307862601,0.00902859675156913,10,none
grid_3_moderate_two_peak,system_congestion,combined_vs_signal_only,combined,signal_only,paired_ttest,8.212993312486493,1.7932570704137062e-05,6.866488611498636e-05,2.5971765275188337,0.06840482521225623,0.10772442526172105,10,none
grid_3_moderate_two_peak,system_congestion,combined_vs_signal_only,combined,signal_only,wilcoxon_signed_rank,0.0,0.001953125,0.003048780487804878,2.5971765275188337,0.06840482521225623,0.10772442526172105,10,none
grid_3_moderate_two_peak,system_congestion,combined_vs_vsl_only,combined,vsl_only,paired_ttest,-1.3915273998372537,0.19749706645624912,0.241745043093988,-0.4400396010017539,-0.011737175777039888,0.0014580876411959154,10,none
grid_3_moderate_two_peak,system_congestion,combined_vs_vsl_only,combined,vsl_only,wilcoxon_signed_rank,4.5,0.2071604489114608,0.25288250984287314,-0.4400396010017539,-0.011737175777039888,0.0014580876411959154,10,none
grid_3_moderate_two_peak,system_congestion,combined_vs_routing_only,combined,routing_only,paired_ttest,-0.5797409637607502,0.5763121535388334,0.6359306521807816,-0.18333018983851063,-0.011737175777039898,0.005417158050941484,10,none
grid_3_moderate_two_peak,system_congestion,combined_vs_routing_only,combined,routing_only,wilcoxon_signed_rank,12.5,0.4383887362031065,0.49847247162180636,-0.18333018983851063,-0.011737175777039898,0.005417158050941484,10,none
grid_3_moderate_two_peak,total_distance,signal_only_vs_baseline,signal_only,baseline,paired_ttest,19.297605246889344,1.2442447067064381e-08,7.963166122921205e-08,6.102438596698628,53219.754161022196,65177.92932189861,10,none
grid_3_moderate_two_peak,total_distance,signal_only_vs_baseline,signal_only,baseline,wilcoxon_signed_rank,0.0,0.001953125,0.003048780487804878,6.102438596698628,53219.754161022196,65177.92932189861,10,none
grid_3_moderate_two_peak,total_distance,vsl_only_vs_baseline,vsl_only,baseline,paired_ttest,41.17461441853604,1.4648660488498727e-11,2.430592555128678e-10,13.020556334178334,50139.94133348071,54886.27150601709,10,none
grid_3_moderate_two_peak,total_distance,vsl_only_vs_baseline,vsl_only,baseline,wilcoxon_signed_rank,0.0,0.001953125,0.003048780487804878,13.020556334178334,50139.94133348071,54886.27150601709,10,none
grid_3_moderate_two_peak,total_distance,routing_only_vs_baseline,routing_only,baseline,paired_ttest,2.168575652496714,0.05824844503314093,0.07836427439894035,0.6857638340275427,150.31610567571707,1912.3426924425908,10,none
grid_3_moderate_two_peak,total_distance,routing_only_vs_baseline,routing_only,baseline,wilcoxon_signed_rank,10.0,0.083984375,0.11033724340175953,0.6857638340275427,150.31610567571707,1912.3426924425908,10,none
grid_3_moderate_two_peak,total_distance,signal_and_routing_vs_baseline,signal_and_routing,baseline,paired_ttest,26.164810111187606,8.39858108933498e-10,6.72805698298566e-09,8.274039449715628,59248.329023712824,68483.70824904587,10,none
grid_3_moderate_two_peak,total_distance,signal_and_routing_vs_baseline,signal_and_routing,baseline,wilcoxon_signed_rank,0.0,0.001953125,0.003048780487804878,8.274039449715628,59248.329023712824,68483.70824904587,10,none
grid_3_moderate_two_peak,total_distance,signal_and_vsl_vs_baseline,signal_and_vsl,baseline,paired_ttest,25.54731144564186,1.0385552646471143e-09,7.754545976031786e-09,8.07876922619172,55770.83208010153,64693.37252558084,10,none
grid_3_moderate_two_peak,total_distance,signal_and_vsl_vs_baseline,signal_and_vsl,baseline,wilcoxon_signed_rank,0.0,0.001953125,0.003048780487804878,8.07876922619172,55770.83208010153,64693.37252558084,10,none
grid_3_moderate_two_peak,total_distance,vsl_and_routing_vs_baseline,vsl_and_routing,baseline,paired_ttest,41.1808757745342,1.4628723441219824e-11,2.430592555128678e-10,13.022536348797871,49223.813447963985,53917.46814956952,10,none
grid_3_moderate_two_peak,total_distance,vsl_and_routing_vs_baseline,vsl_and_routing,baseline,wilcoxon_signed_rank,0.0,0.001953125,0.003048780487804878,13.022536348797871,49223.813447963985,53917.46814956952,10,none
grid_3_moderate_two_peak,total_distance,combined_vs_baseline,combined,baseline,paired_ttest,25.86821915148381,9.29466476560714e-10,7.29257487156177e-09,8.18024915310771,55356.33719079082,63775.33273813508,10,none
grid_3_moderate_two_peak,total_distance,combined_vs_baseline,combined,baseline,wilcoxon_signed_rank,0.0,0.001953125,0.003048780487804878,8.18024915310771,55356.33719079082,63775.33273813508,10,none
grid_3_moderate_two_peak,total_distance,signal_and_routing_vs_signal_only,signal_and_routing,signal_only,paired_ttest,2.6499876023098876,0.026476736377852188,0.03814012185619865,0.8379996594507725,1589.9493750963518,8777.84540996032,10,none
grid_3_moderate_two_peak,total_distance,signal_and_routing_vs_signal_only,signal_and_routing,signal_only,wilcoxon_signed_rank,5.0,0.01953125,0.02840909090909091,0.8379996594507725,1589.9493750963518,8777.84540996032,10,none
grid_3_moderate_two_peak,total_distance,signal_and_routing_vs_routing_only,signal_and_routing,routing_only,paired_ttest,26.32960232031788,7.942427474858204e-10,6.72805698298566e-09,8.326151321865876,57948.60702714861,67067.92857998247,10,none
grid_3_moderate_two_peak,total_distance,signal_and_routing_vs_routing_only,signal_and_routing,routing_only,wilcoxon_signed_rank,0.0,0.001953125,0.003048780487804878,8.326151321865876,57948.60702714861,67067.92857998247,10,none
grid_3_moderate_two_peak,total_distance,signal_and_routing_vs_combined,signal_and_routing,combined,paired_ttest,1.068980557989145,0.31290972010273194,0.36987745278634276,0.33804133376834017,-2324.203346326879,11827.148039204563,10,none
grid_3_moderate_two_peak,total_distance,signal_and_routing_vs_combined,signal_and_routing,combined,wilcoxon_signed_rank,20.0,0.4921875,0.5498753117206983,0.33804133376834017,-2324.203346326879,11827.148039204563,10,none
grid_3_moderate_two_peak,total_distance,signal_only_vs_vsl_only,signal_only,vsl_only,paired_ttest,2.1846534251415277,0.05674257483692384,0.07703234402103601,0.6908480721535386,1105.1355649660495,11392.163350041883,10,none
grid_3_moderate_two_peak,total_distance,signal_only_vs_vsl_only,signal_only,vsl_only,wilcoxon_signed_rank,9.0,0.064453125,0.08568249258160238,0.6908480721535386,1105.1355649660495,11392.163350041883,10,none
grid_3_moderate_two_peak,total_distance,signal_only_vs_routing_only,signal_only,routing_only,paired_ttest,18.57900873149276,1.7375199951746428e-08,1.0519039970787027e-07,5.875198425967282,51878.339353144525,64029.417196332346,10,none
grid_3_moderate_two_peak,total_distance,signal_only_vs_routing_only,signal_only,routing_only,wilcoxon_signed_rank,0.0,0.001953125,0.003048780487804878,5.875198425967282,51878.339353144525,64029.417196332346,10,none
grid_3_moderate_two_peak,total_distance,vsl_only_vs_routing_only,vsl_only,routing_only,paired_ttest,32.84232181961029,1.1071394976413958e-10,1.1534848719612684e-09,10.385654059821414,48610.92102081387,54317.923605371216,10,none
grid_3_moderate_two_peak,total_distance,vsl_only_vs_routing_only,vsl_only,routing_only,wilcoxon_signed_rank,0.0,0.001953125,0.003048780487804878,10.385654059821414,48610.92102081387,54317.923605371216,10,none
grid_3_moderate_two_peak,total_distance,combined_vs_signal_only,combined,signal_only,paired_ttest,0.27130502277209334,0.7922766701440378,0.845095114820307,0.08579418126036643,-7325.172055039972,8129.414875717744,10,none
grid_3_moderate_two_peak,total_distance,combined_vs_signal_only,combined,signal_only,wilcoxon_signed_rank,22.0,0.625,0.6779661016949152,0.08579418126036643,-7325.172055039972,8129.414875717744,10,none
grid_3_moderate_two_peak,total_distance,combined_vs_vsl_only,combined,vsl_only,paired_ttest,2.5142630011493465,0.03307856779394749,0.046896197378760995,0.7950797720322483,1308.9808248904794,12276.220186955596,10,none
grid_3_moderate_two_peak,total_distance,combined_vs_vsl_only,combined,vsl_only,wilcoxon_signed_rank,8.0,0.048828125,0.0668960244648318,0.7950797720322483,1308.9808248904794,12276.220186955596,10,none
grid_3_moderate_two_peak,total_distance,combined_vs_routing_only,combined,routing_only,paired_ttest,25.627750532587783,1.009935281824846e-09,7.668661123009e-09,8.104206298957063,54281.54239322896,62605.283324453776,10,none
grid_3_moderate_two_peak,total_distance,combined_vs_routing_only,combined,routing_only,wilcoxon_signed_rank,0.0,0.001953125,0.003048780487804878,8.104206298957063,54281.54239322896,62605.283324453776,10,none
grid_3_moderate_two_peak,completed_trips,signal_only_vs_baseline,signal_only,baseline,paired_ttest,-2.23606797749979,0.052177242798819065,0.07126647796911872,-0.7071067811865475,-1.8,-0.2,10,none
grid_3_moderate_two_peak,completed_trips,signal_only_vs_baseline,signal_only,baseline,wilcoxon_signed_rank,1.5,0.05708503927106852,0.07726313472337976,-0.7071067811865475,-1.8,-0.2,10,none
grid_3_moderate_two_peak,completed_trips,vsl_only_vs_baseline,vsl_only,baseline,paired_ttest,-2.2119261854014094,0.05427441349738842,0.07390558433686933,-0.6994724762036337,-1.6,-0.2,10,none
grid_3_moderate_two_peak,completed_trips,vsl_only_vs_baseline,vsl_only,baseline,wilcoxon_signed_rank,7.0,0.057805611748857254,0.07800275320327725,-0.6994724762036337,-1.6,-0.2,10,none
grid_3_moderate_two_peak,completed_trips,routing_only_vs_baseline,routing_only,baseline,paired_ttest,-0.6666666666666667,0.5217069270814159,0.5785264933972136,-0.21081851067789198,-1.5,0.6,10,none
grid_3_moderate_two_peak,completed_trips,routing_only_vs_baseline,routing_only,baseline,wilcoxon_signed_rank,17.0,0.5090419233707015,0.565882832928224,-0.21081851067789198,-1.5,0.6,10,none
grid_3_moderate_two_peak,completed_trips,signal_and_routing_vs_baseline,signal_and_routing,baseline,paired_ttest,-1.8090680674665816,0.1038881310621017,0.13490400787194654,-0.5720775535473553,-1.6,0.1,10,none
grid_3_moderate_two_peak,completed_trips,signal_and_routing_vs_baseline,signal_and_routing,baseline,wilcoxon_signed_rank,5.0,0.12271259472816967,0.15752218463673356,-0.5720775535473553,-1.6,0.1,10,none
grid_3_moderate_two_peak,completed_trips,signal_and_vsl_vs_baseline,signal_and_vsl,baseline,paired_ttest,-2.9054879908745583,0.017438860908343328,0.025615113727664954,-0.9187959765430125,-1.8,-0.3975000000000023,10,none
grid_3_moderate_two_peak,completed_trips,signal_and_vsl_vs_baseline,signal_and_vsl,baseline,wilcoxon_signed_rank,2.5,0.027198399577616782,0.03901273885350318,-0.9187959765430125,-1.8,-0.3975000000000023,10,none
grid_3_moderate_two_peak,completed_trips,vsl_and_routing_vs_baseline,vsl_and_routing,baseline,paired_ttest,-2.8823067684915684,0.01810982166325051,0.026513725833778524,-0.9114654303752999,-2.0,-0.4,10,none
grid_3_moderate_two_peak,completed_trips,vsl_and_routing_vs_baseline,vsl_and_routing,baseline,wilcoxon_signed_rank,2.5,0.027589528525118492,0.03923844056905741,-0.9114654303752999,-2.0,-0.4,10,none
grid_3_moderate_two_peak,completed_trips,combined_vs_baseline,combined,baseline,paired_ttest,-3.674234614174767,0.005121072764272635,0.007830172690764985,-1.1618950038622249,-1.8,-0.6,10,none
grid_3_moderate_two_peak,completed_trips,combined_vs_baseline,combined,baseline,wilcoxon_signed_rank,0.0,0.016351221575805885,0.024096537059082355,-1.1618950038622249,-1.8,-0.6,10,none
grid_3_moderate_two_peak,completed_trips,signal_and_routing_vs_signal_only,signal_and_routing,signal_only,paired_ttest,0.6882472016116853,0.5086464915963445,0.565882832928224,0.2176428750330035,-0.3,0.8,10,none
grid_3_moderate_two_peak,completed_trips,signal_and_routing_vs_signal_only,signal_and_routing,signal_only,wilcoxon_signed_rank,5.0,0.4795001221869535,0.5397388310044099,0.2176428750330035,-0.3,0.8,10,none
grid_3_moderate_two_peak,completed_trips,signal_and_routing_vs_routing_only,signal_and_routing,routing_only,paired_ttest,-1.0,0.34343639613791355,0.3985997551030706,-0.31622776601683794,-1.2,0.3,10,none
grid_3_moderate_two_peak,completed_trips,signal_and_routing_vs_routing_only,signal_and_routing,routing_only,wilcoxon_signed_rank,4.0,0.33628879040286896,0.3933613005234603,-0.31622776601683794,-1.2,0.3,10,none
grid_3_moderate_two_peak,completed_trips,signal_and_routing_vs_combined,signal_and_routing,combined,paired_ttest,1.8090680674665816,0.1038881310621017,0.13490400787194654,0.5720775535473553,0.0,0.9,10,none
grid_3_moderate_two_peak,completed_trips,signal_and_routing_vs_combined,signal_and_routing,combined,wilcoxon_signed_rank,0.0,0.10247043485974937,0.13383893532701957,0.5720775535473553,0.0,0.9,10,none
grid_3_moderate_two_peak,completed_trips,signal_only_vs_vsl_only,signal_only,vsl_only,paired_ttest,-0.4285714285714286,0.6783097418055797,0.7304874142521627,-0.1355261854357877,-0.5,0.4,10,none
grid_3_moderate_two_peak,completed_trips,signal_only_vs_vsl_only,signal_only,vsl_only,wilcoxon_signed_rank,6.0,0.6547208460185769,0.7084901908606822,-0.1355261854357877,-0.5,0.4,10,none
grid_3_moderate_two_peak,completed_trips,signal_only_vs_routing_only,signal_only,routing_only,paired_ttest,-1.7650452162436563,0.11137324638262762,0.14337705281441715,-0.558156305651438,-1.2,0.0,10,none
grid_3_moderate_two_peak,completed_trips,signal_only_vs_routing_only,signal_only,routing_only,wilcoxon_signed_rank,1.5,0.09768995934615686,0.1279681338803458,-0.558156305651438,-1.2,0.0,10,none
grid_3_moderate_two_peak,completed_trips,vsl_only_vs_routing_only,vsl_only,routing_only,paired_ttest,-1.1677484162422846,0.2729122150940371,0.3269108886687931,-0.3692744729379982,-1.3,0.2,10,none
grid_3_moderate_two_peak,completed_trips,vsl_only_vs_routing_only,vsl_only,routing_only,wilcoxon_signed_rank,3.0,0.22067136191984693,0.2679153662333101,-0.3692744729379982,-1.3,0.2,10,none
grid_3_moderate_two_peak,completed_trips,combined_vs_signal_only,combined,signal_only,paired_ttest,-1.0,0.34343639613791355,0.3985997551030706,-0.31622776601683794,-0.6,0.10249999999999773,10,none
grid_3_moderate_two_peak,completed_trips,combined_vs_signal_only,combined,signal_only,wilcoxon_signed_rank,2.5,0.31731050786291415,0.3740923882173303,-0.31622776601683794,-0.6,0.10249999999999773,10,none
grid_3_moderate_two_peak,completed_trips,combined_vs_vsl_only,combined,vsl_only,paired_ttest,-1.4055638569974545,0.19342205960333228,0.23740570603367908,-0.44447831849231534,-0.7,0.1,10,none
grid_3_moderate_two_peak,completed_trips,combined_vs_vsl_only,combined,vsl_only,wilcoxon_signed_rank,3.0,0.17971249487899976,0.22364221584942193,-0.44447831849231534,-0.7,0.1,10,none
grid_3_moderate_two_peak,completed_trips,combined_vs_routing_only,combined,routing_only,paired_ttest,-2.057983021710106,0.06970737536955268,0.09239320759041303,-0.6507913734559685,-1.5,-0.1,10,none
grid_3_moderate_two_peak,completed_trips,combined_vs_routing_only,combined,routing_only,wilcoxon_signed_rank,2.0,0.07074986707637762,0.09349834941067013,-0.6507913734559685,-1.5,-0.1,10,none
grid_3_moderate_two_peak,avg_trip_duration,signal_only_vs_baseline,signal_only,baseline,paired_ttest,36.49435671907075,4.313932265092667e-11,5.856489862913682e-10,11.54052889749332,86.27244235544303,95.37581929075206,10,none
grid_3_moderate_two_peak,avg_trip_duration,signal_only_vs_baseline,signal_only,baseline,wilcoxon_signed_rank,0.0,0.001953125,0.003048780487804878,11.54052889749332,86.27244235544303,95.37581929075206,10,none
grid_3_moderate_two_peak,avg_trip_duration,vsl_only_vs_baseline,vsl_only,baseline,paired_ttest,13.216302659873374,3.369663741644054e-07,1.623235866942512e-06,4.17936186513415,69.7768158946481,94.17579285108695,10,none
grid_3_moderate_two_peak,avg_trip_duration,vsl_only_vs_baseline,vsl_only,baseline,wilcoxon_signed_rank,0.0,0.001953125,0.003048780487804878,4.17936186513415,69.7768158946481,94.17579285108695,10,none
grid_3_moderate_two_peak,avg_trip_duration,routing_only_vs_baseline,routing_only,baseline,paired_ttest,1.3303733043399952,0.21611871435342178,0.2631010435606874,0.4207009779998755,-0.36603309852687804,1.9663238091857542,10,none
grid_3_moderate_two_peak,avg_trip_duration,routing_only_vs_baseline,routing_only,baseline,wilcoxon_signed_rank,15.0,0.232421875,0.28066037735849053,0.4207009779998755,-0.36603309852687804,1.9663238091857542,10,none
grid_3_moderate_two_peak,avg_trip_duration,signal_and_routing_vs_baseline,signal_and_routing,baseline,paired_ttest,33.263600397400545,9.879929337384917e-11,1.0795630105240106e-09,10.518874043346777,86.79074518370642,96.99697042527363,10,none
grid_3_moderate_two_peak,avg_trip_duration,signal_and_routing_vs_baseline,signal_and_routing,baseline,wilcoxon_signed_rank,0.0,0.001953125,0.003048780487804878,10.518874043346777,86.79074518370642,96.99697042527363,10,none
grid_3_moderate_two_peak,avg_trip_duration,signal_and_vsl_vs_baseline,signal_and_vsl,baseline,paired_ttest,29.77579993278764,2.6555494697456334e-10,2.4279309437674362e-09,9.415934694109747,113.50706301846358,129.22105198897773,10,none
grid_3_moderate_two_peak,avg_trip_duration,signal_and_vsl_vs_baseline,signal_and_vsl,baseline,wilcoxon_signed_rank,0.0,0.001953125,0.003048780487804878,9.415934694109747,113.50706301846358,129.22105198897773,10,none
grid_3_moderate_two_peak,avg_trip_duration,vsl_and_routing_vs_baseline,vsl_and_routing,baseline,paired_ttest,12.98980813899348,3.9092167114823054e-07,1.863116049727737e-06,4.107738008781247,70.08482931282201,94.98037492242968,10,none
grid_3_moderate_two_peak,avg_trip_duration,vsl_and_routing_vs_baseline,vsl_and_routing,baseline,wilcoxon_signed_rank,0.0,0.001953125,0.003048780487804878,4.107738008781247,70.08482931282201,94.98037492242968,10,none
grid_3_moderate_two_peak,avg_trip_duration,combined_vs_baseline,combined,baseline,paired_ttest,29.778090928031943,2.6537280672136396e-10,2.4279309437674362e-09,9.41665917041781,112.49786250975738,128.14537538389857,10,none
grid_3_moderate_two_peak,avg_trip_duration,combined_vs_baseline,combined,baseline,wilcoxon_signed_rank,0.0,0.001953125,0.003048780487804878,9.41665917041781,112.49786250975738,128.14537538389857,10,none
grid_3_moderate_two_peak,avg_trip_duration,signal_and_routing_vs_signal_only,signal_and_routing,signal_only,paired_ttest,0.8463952292512598,0.4192674982556418,0.4803883355972571,0.2676536725134353,-0.8243332593856957,2.705365162188648,10,none
grid_3_moderate_two_peak,avg_trip_duration,signal_and_routing_vs_signal_only,signal_and_routing,signal_only,wilcoxon_signed_rank,23.0,0.6953125,0.7452153110047847,0.2676536725134353,-0.8243332593856957,2.705365162188648,10,none
grid_3_moderate_two_peak,avg_trip_duration,signal_and_routing_vs_routing_only,signal_and_routing,routing_only,paired_ttest,32.55538557515012,1.1974051332319957e-10,1.1920833326398535e-09,10.294916852246516,85.7240906668818,96.27781523356953,10,none
grid_3_moderate_two_peak,avg_trip_duration,signal_and_routing_vs_routing_only,signal_and_routing,routing_only,wilcoxon_signed_rank,0.0,0.001953125,0.003048780487804878,10.294916852246516,85.7240906668818,96.27781523356953,10,none
grid_3_moderate_two_peak,avg_trip_duration,signal_and_routing_vs_combined,signal_and_routing,combined,paired_ttest,-7.491264553512563,3.7267569001262964e-05,0.00013146355049264416,-2.3689458543984028,-36.0727608502527,-21.59718073091643,10,none
grid_3_moderate_two_peak,avg_trip_duration,signal_and_routing_vs_combined,signal_and_routing,combined,wilcoxon_signed_rank,0.0,0.001953125,0.003048780487804878,-2.3689458543984028,-36.0727608502527,-21.59718073091643,10,none
grid_3_moderate_two_peak,avg_trip_duration,signal_only_vs_vsl_only,signal_only,vsl_only,paired_ttest,1.5973074783368473,0.14466161375988557,0.18516686561265353,0.50511297551645,-1.8589489087749063,19.46213943379216,10,none
grid_3_moderate_two_peak,avg_trip_duration,signal_only_vs_vsl_only,signal_only,vsl_only,wilcoxon_signed_rank,14.0,0.193359375,0.23740570603367908,0.50511297551645,-1.8589489087749063,19.46213943379216,10,none
grid_3_moderate_two_peak,avg_trip_duration,signal_only_vs_routing_only,signal_only,routing_only,paired_ttest,34.897585073761846,6.436211834202921e-11,7.951207876300972e-10,11.035585367258259,85.07048191589038,94.73331811132729,10,none
grid_3_moderate_two_peak,avg_trip_duration,signal_only_vs_routing_only,signal_only,routing_only,wilcoxon_signed_rank,0.0,0.001953125,0.003048780487804878,11.035585367258259,85.07048191589038,94.73331811132729,10,none
grid_3_moderate_two_peak,avg_trip_duration,vsl_only_vs_routing_only,vsl_only,routing_only,paired_ttest,12.414781859517326,5.761683854798261e-07,2.6887857989058555e-06,3.9258987330215294,68.42283980174857,93.97532793850792,10,none
grid_3_moderate_two_peak,avg_trip_duration,vsl_only_vs_routing_only,vsl_only,routing_only,wilcoxon_signed_rank,0.0,0.001953125,0.003048780487804878,3.9258987330215294,68.42283980174857,93.97532793850792,10,none
grid_3_moderate_two_peak,avg_trip_duration,combined_vs_signal_only,combined,signal_only,paired_ttest,7.893359679746531,2.4635925407133173e-05,8.973085026337935e-05,2.496099497893629,22.484297643874488,36.77750947762998,10,none
grid_3_moderate_two_peak,avg_trip_duration,combined_vs_signal_only,combined,signal_only,wilcoxon_signed_rank,0.0,0.001953125,0.003048780487804878,2.496099497893629,22.484297643874488,36.77750947762998,10,none
grid_3_moderate_two_peak,avg_trip_duration,combined_vs_vsl_only,combined,vsl_only,paired_ttest,6.850886924744111,7.465920561433818e-05,0.00024960689638226495,2.166440667445795,27.92631075713203,48.75377574457299,10,none
grid_3_moderate_two_peak,avg_trip_duration,combined_vs_vsl_only,combined,vsl_only,wilcoxon_signed_rank,0.0,0.001953125,0.003048780487804878,2.166440667445795,27.92631075713203,48.75377574457299,10,none
grid_3_moderate_two_peak,avg_trip_duration,combined_vs_routing_only,combined,routing_only,paired_ttest,26.989321519107484,6.372712556984295e-10,5.597990638292087e-09,8.534772850297529,110.90334074121307,127.86901106061616,10,none
grid_3_moderate_two_peak,avg_trip_duration,combined_vs_routing_only,combined,routing_only,wilcoxon_signed_rank,0.0,0.001953125,0.003048780487804878,8.534772850297529,110.90334074121307,127.86901106061616,10,none
grid_3_moderate_two_peak,avg_acceleration,signal_only_vs_baseline,signal_only,baseline,paired_ttest,-7.000853900222264,6.318780192129264e-05,0.00021284312226119625,-2.2138643890775533,-0.2738072239851582,-0.15701784204192348,10,none
grid_3_moderate_two_peak,avg_acceleration,signal_only_vs_baseline,signal_only,baseline,wilcoxon_signed_rank,0.0,0.001953125,0.003048780487804878,-2.2138643890775533,-0.2738072239851582,-0.15701784204192348,10,none
grid_3_moderate_two_peak,avg_acceleration,vsl_only_vs_baseline,vsl_only,baseline,paired_ttest,-8.499144977796664,1.360514374538404e-05,5.3465828052035527e-05,-2.687665629381867,-0.28711056466471385,-0.18538828778195524,10,none
grid_3_moderate_two_peak,avg_acceleration,vsl_only_vs_baseline,vsl_only,baseline,wilcoxon_signed_rank,0.0,0.001953125,0.003048780487804878,-2.687665629381867,-0.28711056466471385,-0.18538828778195524,10,none
grid_3_moderate_two_peak,avg_acceleration,routing_only_vs_baseline,routing_only,baseline,paired_ttest,-2.496901288616534,0.03403443083042133,0.04809913253005917,-0.7895895164637704,-0.1469123410067406,-0.019795047040121975,10,none
grid_3_moderate_two_peak,avg_acceleration,routing_only_vs_baseline,routing_only,baseline,wilcoxon_signed_rank,8.0,0.048828125,0.0668960244648318,-0.7895895164637704,-0.1469123410067406,-0.019795047040121975,10,none
grid_3_moderate_two_peak,avg_acceleration,signal_and_routing_vs_baseline,signal_and_routing,baseline,paired_ttest,-9.580572723811791,5.105659369508861e-06,2.060662520306279e-05,-3.029643109612855,-0.28365233950230045,-0.19152685745958384,10,none
grid_3_moderate_two_peak,avg_acceleration,signal_and_routing_vs_baseline,signal_and_routing,baseline,wilcoxon_signed_rank,0.0,0.001953125,0.003048780487804878,-3.029643109612855,-0.28365233950230045,-0.19152685745958384,10,none
grid_3_moderate_two_peak,avg_acceleration,signal_and_vsl_vs_baseline,signal_and_vsl,baseline,paired_ttest,-8.200888470786833,1.814632766326149e-05,6.889453214526397e-05,-2.5933486404701624,-0.26225137461398207,-0.16772009544843783,10,none
grid_3_moderate_two_peak,avg_acceleration,signal_and_vsl_vs_baseline,signal_and_vsl,baseline,wilcoxon_signed_rank,0.0,0.001953125,0.003048780487804878,-2.5933486404701624,-0.26225137461398207,-0.16772009544843783,10,none
grid_3_moderate_two_peak,avg_acceleration,vsl_and_routing_vs_baseline,vsl_and_routing,baseline,paired_ttest,-8.430026582228347,1.4533703570555299e-05,5.6618253909641514e-05,-2.6658084735606296,-0.28676136304743466,-0.18403991971421801,10,none
grid_3_moderate_two_peak,avg_acceleration,vsl_and_routing_vs_baseline,vsl_and_routing,baseline,wilcoxon_signed_rank,0.0,0.001953125,0.003048780487804878,-2.6658084735606296,-0.28676136304743466,-0.18403991971421801,10,none
grid_3_moderate_two_peak,avg_acceleration,combined_vs_baseline,combined,baseline,paired_ttest,-7.689442770150925,3.032757019834935e-05,0.00010783136070524213,-2.431615309119153,-0.2620651077543924,-0.16110144318514347,10,none
grid_3_moderate_two_peak,avg_acceleration,combined_vs_baseline,combined,baseline,wilcoxon_signed_rank,0.0,0.001953125,0.003048780487804878,-2.431615309119153,-0.2620651077543924,-0.16110144318514347,10,none
grid_3_moderate_two_peak,avg_acceleration,signal_and_routing_vs_signal_only,signal_and_routing,signal_only,paired_ttest,-1.472566311469443,0.17495579366394526,0.22016908865575133,-0.4656663549876371,-0.04688842352164409,0.003500760691195955,10,none
grid_3_moderate_two_peak,avg_acceleration,signal_and_routing_vs_signal_only,signal_and_routing,signal_only,wilcoxon_signed_rank,15.0,0.232421875,0.28066037735849053,-0.4656663549876371,-0.04688842352164409,0.003500760691195955,10,none
grid_3_moderate_two_peak,avg_acceleration,signal_and_routing_vs_routing_only,signal_and_routing,routing_only,paired_ttest,-5.687565079602334,0.0002989831309708531,0.0009636290839923898,-1.7985659991980252,-0.2033697810653207,-0.10398541453176526,10,none
grid_3_moderate_two_peak,avg_acceleration,signal_and_routing_vs_routing_only,signal_and_routing,routing_only,wilcoxon_signed_rank,0.0,0.001953125,0.003048780487804878,-1.7985659991980252,-0.2033697810653207,-0.10398541453176526,10,none
grid_3_moderate_two_peak,avg_acceleration,signal_and_routing_vs_combined,signal_and_routing,combined,paired_ttest,-2.740797320692291,0.022817786445291904,0.03308209814721933,-0.8667162138274581,-0.04257875050448347,-0.008852484263330435,10,none
grid_3_moderate_two_peak,avg_acceleration,signal_and_routing_vs_combined,signal_and_routing,combined,wilcoxon_signed_rank,6.0,0.02734375,0.03901273885350318,-0.8667162138274581,-0.04257875050448347,-0.008852484263330435,10,none
grid_3_moderate_two_peak,avg_acceleration,signal_only_vs_vsl_only,signal_only,vsl_only,paired_ttest,1.2041311015223253,0.25925038932656486,0.31221552262984154,0.38077968822579916,-0.008194484736139086,0.05612355198080171,10,none
grid_3_moderate_two_peak,avg_acceleration,signal_only_vs_vsl_only,signal_only,vsl_only,wilcoxon_signed_rank,17.0,0.322265625,0.37794502617801046,0.38077968822579916,-0.008194484736139086,0.05612355198080171,10,none
grid_3_moderate_two_peak,avg_acceleration,signal_only_vs_routing_only,signal_only,routing_only,paired_ttest,-3.8930997202098565,0.0036576428609140696,0.0056896666725329975,-1.2311062274027398,-0.19958438273757256,-0.07110241184317619,10,none
grid_3_moderate_two_peak,avg_acceleration,signal_only_vs_routing_only,signal_only,routing_only,wilcoxon_signed_rank,0.0,0.001953125,0.003048780487804878,-1.2311062274027398,-0.19958438273757256,-0.07110241184317619,10,none
grid_3_moderate_two_peak,avg_acceleration,vsl_only_vs_routing_only,vsl_only,routing_only,paired_ttest,-5.094744492480502,0.0006497492504520105,0.0020499131281866245,-1.6110996692836979,-0.20677036783801525,-0.09869574098566118,10,none
grid_3_moderate_two_peak,avg_acceleration,vsl_only_vs_routing_only,vsl_only,routing_only,wilcoxon_signed_rank,0.0,0.001953125,0.003048780487804878,-1.6110996692836979,-0.20677036783801525,-0.09869574098566118,10,none
grid_3_moderate_two_peak,avg_acceleration,combined_vs_signal_only,combined,signal_only,paired_ttest,0.522485235352802,0.6139486358776887,0.6741396786107955,0.16522433875239836,-0.016516031475717584,0.027665917935019258,10,none
grid_3_moderate_two_peak,avg_acceleration,combined_vs_signal_only,combined,signal_only,wilcoxon_signed_rank,20.0,0.4921875,0.5498753117206983,0.16522433875239836,-0.016516031475717584,0.027665917935019258,10,none
grid_3_moderate_two_peak,avg_acceleration,combined_vs_vsl_only,combined,vsl_only,paired_ttest,2.3449950621003945,0.04366158756782731,0.06112622259495823,0.741552549808524,0.004253457792915941,0.046026777412046596,10,none
grid_3_moderate_two_peak,avg_acceleration,combined_vs_vsl_only,combined,vsl_only,wilcoxon_signed_rank,8.0,0.048828125,0.0668960244648318,0.741552549808524,0.004253457792915941,0.046026777412046596,10,none
grid_3_moderate_two_peak,avg_acceleration,combined_vs_routing_only,combined,routing_only,paired_ttest,-4.365184717041576,0.0018097389635274381,0.003048780487804878,-1.3803926113209004,-0.1798714025415045,-0.0748095469221263,10,none
grid_3_moderate_two_peak,avg_acceleration,combined_vs_routing_only,combined,routing_only,wilcoxon_signed_rank,0.0,0.001953125,0.003048780487804878,-1.3803926113209004,-0.1798714025415045,-0.0748095469221263,10,none
grid_3_moderate_two_peak,total_stops,signal_only_vs_baseline,signal_only,baseline,paired_ttest,34.66228870442993,6.83747932611085e-11,7.951207876300972e-10,10.961178122032555,246.3,272.8025,10,none
grid_3_moderate_two_peak,total_stops,signal_only_vs_baseline,signal_only,baseline,wilcoxon_signed_rank,0.0,0.001953125,0.003048780487804878,10.961178122032555,246.3,272.8025,10,none
grid_3_moderate_two_peak,total_stops,vsl_only_vs_baseline,vsl_only,baseline,paired_ttest,17.930873626239272,2.373551900847606e-08,1.3632708353586251e-07,5.670240109555882,84.0,102.80749999999999,10,none
grid_3_moderate_two_peak,total_stops,vsl_only_vs_baseline,vsl_only,baseline,wilcoxon_signed_rank,0.0,0.001953125,0.003048780487804878,5.670240109555882,84.0,102.80749999999999,10,none
grid_3_moderate_two_peak,total_stops,routing_only_vs_baseline,routing_only,baseline,paired_ttest,0.1142908976639189,0.9115162813505064,0.9631115425590256,0.036141955244320116,-1.6,1.8,10,none
grid_3_moderate_two_peak,total_stops,routing_only_vs_baseline,routing_only,baseline,wilcoxon_signed_rank,16.5,0.8330288937195214,0.8864535496112721,0.036141955244320116,-1.6,1.8,10,none
grid_3_moderate_two_peak,total_stops,signal_and_routing_vs_baseline,signal_and_routing,baseline,paired_ttest,33.70119665232147,8.791017777353467e-11,9.845939910635882e-10,10.657254129457757,247.8925,275.2025,10,none
grid_3_moderate_two_peak,total_stops,signal_and_routing_vs_baseline,signal_and_routing,baseline,wilcoxon_signed_rank,0.0,0.001953125,0.003048780487804878,10.657254129457757,247.8925,275.2025,10,none
grid_3_moderate_two_peak,total_stops,signal_and_vsl_vs_baseline,signal_and_vsl,baseline,paired_ttest,32.589142737595495,1.1863730100000018e-10,1.1920833326398535e-09,10.305591804313682,233.7975,261.0025,10,none
grid_3_moderate_two_peak,total_stops,signal_and_vsl_vs_baseline,signal_and_vsl,baseline,wilcoxon_signed_rank,0.0,0.001953125,0.003048780487804878,10.305591804313682,233.7975,261.0025,10,none
grid_3_moderate_two_peak,total_stops,vsl_and_routing_vs_baseline,vsl_and_routing,baseline,paired_ttest,13.595592113665868,2.641147707662643e-07,1.3002573330031476e-06,4.299303721780697,72.0,95.2,10,none
grid_3_moderate_two_peak,total_stops,vsl_and_routing_vs_baseline,vsl_and_routing,baseline,wilcoxon_signed_rank,0.0,0.001953125,0.003048780487804878,4.299303721780697,72.0,95.2,10,none
grid_3_moderate_two_peak,total_stops,combined_vs_baseline,combined,baseline,paired_ttest,25.822723928463542,9.441279967646935e-10,7.29257487156177e-09,8.165862300367571,221.395,256.8,10,none
grid_3_moderate_two_peak,total_stops,combined_vs_baseline,combined,baseline,wilcoxon_signed_rank,0.0,0.001953125,0.003048780487804878,8.165862300367571,221.395,256.8,10,none
grid_3_moderate_two_peak,total_stops,signal_and_routing_vs_signal_only,signal_and_routing,signal_only,paired_ttest,0.19583160212002532,0.8490921169275237,0.9014058492500726,0.061927390053913865,-9.802499999999998,14.1,10,none
grid_3_moderate_two_peak,total_stops,signal_and_routing_vs_signal_only,signal_and_routing,signal_only,wilcoxon_signed_rank,21.0,0.8589549227374824,0.909720580109674,0.061927390053913865,-9.802499999999998,14.1,10,none
grid_3_moderate_two_peak,total_stops,signal_and_routing_vs_routing_only,signal_and_routing,routing_only,paired_ttest,34.61478866666094,6.921810428029864e-11,7.951207876300972e-10,10.94615729120315,248.2,275.3,10,none
grid_3_moderate_two_peak,total_stops,signal_and_routing_vs_routing_only,signal_and_routing,routing_only,wilcoxon_signed_rank,0.0,0.001953125,0.003048780487804878,10.94615729120315,248.2,275.3,10,none
grid_3_moderate_two_peak,total_stops,signal_and_routing_vs_combined,signal_and_routing,combined,paired_ttest,1.580475587010893,0.14845588755311317,0.1894821584723496,0.49979026412460525,-2.617499999999984,46.709999999999994,10,none
grid_3_moderate_two_peak,total_stops,signal_and_routing_vs_combined,signal_and_routing,combined,wilcoxon_signed_rank,16.0,0.275390625,0.329,0.49979026412460525,-2.617499999999984,46.709999999999994,10,none
grid_3_moderate_two_peak,total_stops,signal_only_vs_vsl_only,signal_only,vsl_only,paired_ttest,18.46708525049884,1.8323079385097213e-08,1.0944986086031403e-07,5.839805113607746,150.29250000000002,182.61499999999998,10,none
grid_3_moderate_two_peak,total_stops,signal_only_vs_vsl_only,signal_only,vsl_only,wilcoxon_signed_rank,0.0,0.001953125,0.003048780487804878,5.839805113607746,150.29250000000002,182.61499999999998,10,none
grid_3_moderate_two_peak,total_stops,signal_only_vs_routing_only,signal_only,routing_only,paired_ttest,35.325631701684195,5.771560771571801e-11,7.387597787611906e-10,11.170945596157182,246.395,272.9025,10,none
grid_3_moderate_two_peak,total_stops,signal_only_vs_routing_only,signal_only,routing_only,wilcoxon_signed_rank,0.0,0.001953125,0.003048780487804878,11.170945596157182,246.395,272.9025,10,none
grid_3_moderate_two_peak,total_stops,vsl_only_vs_routing_only,vsl_only,routing_only,paired_ttest,19.154456797353422,1.3285531205486074e-08,8.382983070503888e-08,6.057171082293109,84.4,102.2,10,none
grid_3_moderate_two_peak,total_stops,vsl_only_vs_routing_only,vsl_only,routing_only,wilcoxon_signed_rank,0.0,0.001953125,0.003048780487804878,6.057171082293109,84.4,102.2,10,none
grid_3_moderate_two_peak,total_stops,combined_vs_signal_only,combined,signal_only,paired_ttest,-2.017083435570609,0.07447182888717073,0.09812758629838966,-0.637857788700062,-40.81749999999998,-2.6975000000000025,10,none
grid_3_moderate_two_peak,total_stops,combined_vs_signal_only,combined,signal_only,wilcoxon_signed_rank,9.0,0.064453125,0.08568249258160238,-0.637857788700062,-40.81749999999998,-2.6975000000000025,10,none
grid_3_moderate_two_peak,total_stops,combined_vs_vsl_only,combined,vsl_only,paired_ttest,13.223036935461273,3.354935405594108e-07,1.623235866942512e-06,4.1814914300590535,124.39500000000001,167.4025,10,none
grid_3_moderate_two_peak,total_stops,combined_vs_vsl_only,combined,vsl_only,wilcoxon_signed_rank,0.0,0.001953125,0.003048780487804878,4.1814914300590535,124.39500000000001,167.4025,10,none
grid_3_moderate_two_peak,total_stops,combined_vs_routing_only,combined,routing_only,paired_ttest,24.908757237730214,1.3005084292874885e-09,9.397222198722497e-09,7.876840655543169,220.395,257.8025,10,none
grid_3_moderate_two_peak,total_stops,combined_vs_routing_only,combined,routing_only,wilcoxon_signed_rank,0.0,0.001953125,0.003048780487804878,7.876840655543169,220.395,257.8025,10,none
grid_3_moderate_two_peak,predicted_congestion,signal_only_vs_baseline,signal_only,baseline,paired_ttest,14.503420993238556,1.510706035595661e-07,7.869724464498327e-07,4.586384420293537,0.06615796250145131,0.08622155002811101,10,none
grid_3_moderate_two_peak,predicted_congestion,signal_only_vs_baseline,signal_only,baseline,wilcoxon_signed_rank,0.0,0.001953125,0.003048780487804878,4.586384420293537,0.06615796250145131,0.08622155002811101,10,none
grid_3_moderate_two_peak,predicted_congestion,vsl_only_vs_baseline,vsl_only,baseline,paired_ttest,19.490547517175504,1.1398471466221278e-08,7.621664502786764e-08,6.163452299801437,0.10178577643329817,0.12412165011512345,10,none
grid_3_moderate_two_peak,predicted_congestion,vsl_only_vs_baseline,vsl_only,baseline,wilcoxon_signed_rank,0.0,0.001953125,0.003048780487804878,6.163452299801437,0.10178577643329817,0.12412165011512345,10,none
grid_3_moderate_two_peak,predicted_congestion,routing_only_vs_baseline,routing_only,baseline,paired_ttest,0.8112338818902181,0.43815801332590754,0.49847247162180636,0.256534678187311,-0.003181727630855444,0.007633227106445447,10,none
grid_3_moderate_two_peak,predicted_congestion,routing_only_vs_baseline,routing_only,baseline,wilcoxon_signed_rank,18.0,0.375,0.43410852713178294,0.256534678187311,-0.003181727630855444,0.007633227106445447,10,none
grid_3_moderate_two_peak,predicted_congestion,signal_and_routing_vs_baseline,signal_and_routing,baseline,paired_ttest,17.863343367410238,2.4534685069469053e-08,1.391334039382549e-07,5.648885166667838,0.07481517650763303,0.0923382008986349,10,none
grid_3_moderate_two_peak,predicted_congestion,signal_and_routing_vs_baseline,signal_and_routing,baseline,wilcoxon_signed_rank,0.0,0.001953125,0.003048780487804878,5.648885166667838,0.07481517650763303,0.0923382008986349,10,none
grid_3_moderate_two_peak,predicted_congestion,signal_and_vsl_vs_baseline,signal_and_vsl,baseline,paired_ttest,32.974010074986936,1.0682633566999868e-10,1.1394809138133192e-09,10.427297542629827,0.1425099686574812,0.16004483236890196,10,none
grid_3_moderate_two_peak,predicted_congestion,signal_and_vsl_vs_baseline,signal_and_vsl,baseline,wilcoxon_signed_rank,0.0,0.001953125,0.003048780487804878,10.427297542629827,0.1425099686574812,0.16004483236890196,10,none
grid_3_moderate_two_peak,predicted_congestion,vsl_and_routing_vs_baseline,vsl_and_routing,baseline,paired_ttest,16.614909582384286,4.627829753263674e-08,2.559589789459415e-07,5.254095739809136,0.099916189207069,0.12617253693146732,10,none
grid_3_moderate_two_peak,predicted_congestion,vsl_and_routing_vs_baseline,vsl_and_routing,baseline,wilcoxon_signed_rank,0.0,0.001953125,0.003048780487804878,5.254095739809136,0.099916189207069,0.12617253693146732,10,none
grid_3_moderate_two_peak,predicted_congestion,combined_vs_baseline,combined,baseline,paired_ttest,34.79413266404797,6.609322457767014e-11,7.951207876300972e-10,11.002870842845379,0.1402511287951362,0.15633339129749327,10,none
grid_3_moderate_two_peak,predicted_congestion,combined_vs_baseline,combined,baseline,wilcoxon_signed_rank,0.0,0.001953125,0.003048780487804878,11.002870842845379,0.1402511287951362,0.15633339129749327,10,none
grid_3_moderate_two_peak,predicted_congestion,signal_and_routing_vs_signal_only,signal_and_routing,signal_only,paired_ttest,1.0112651655616887,0.3383030600161578,0.3946869033521841,0.31979012415622055,-0.00412679701151157,0.019084661933204336,10,none
grid_3_moderate_two_peak,predicted_congestion,signal_and_routing_vs_signal_only,signal_and_routing,signal_only,wilcoxon_signed_rank,19.0,0.431640625,0.4933035714285714,0.31979012415622055,-0.00412679701151157,0.019084661933204336,10,none
grid_3_moderate_two_peak,predicted_congestion,signal_and_routing_vs_routing_only,signal_and_routing,routing_only,paired_ttest,15.67061313243424,7.711370061767944e-08,4.162281671894022e-07,4.955482982983804,0.07101770273312862,0.08998534616653375,10,none
grid_3_moderate_two_peak,predicted_congestion,signal_and_routing_vs_routing_only,signal_and_routing,routing_only,wilcoxon_signed_rank,0.0,0.001953125,0.003048780487804878,4.955482982983804,0.07101770273312862,0.08998534616653375,10,none
grid_3_moderate_two_peak,predicted_congestion,signal_and_routing_vs_combined,signal_and_routing,combined,paired_ttest,-13.882133663812242,2.2062030394792366e-07,1.1105381591985371e-06,-4.389916116054487,-0.07436262841497239,-0.05647550452545418,10,none
grid_3_moderate_two_peak,predicted_congestion,signal_and_routing_vs_combined,signal_and_routing,combined,wilcoxon_signed_rank,0.0,0.001953125,0.003048780487804878,-4.389916116054487,-0.07436262841497239,-0.05647550452545418,10,none
grid_3_moderate_two_peak,predicted_congestion,signal_only_vs_vsl_only,signal_only,vsl_only,paired_ttest,-3.6840195093764487,0.00504393048962097,0.007765226320791047,-1.1649892594125617,-0.05577423624170453,-0.017858637076021363,10,none
grid_3_moderate_two_peak,predicted_congestion,signal_only_vs_vsl_only,signal_only,vsl_only,wilcoxon_signed_rank,1.0,0.00390625,0.006055363321799308,-1.1649892594125617,-0.05577423624170453,-0.017858637076021363,10,none
grid_3_moderate_two_peak,predicted_congestion,signal_only_vs_routing_only,signal_only,routing_only,paired_ttest,14.436396140842092,1.5725562724557162e-07,8.097761035174263e-07,4.565189300952595,0.06418697254159615,0.0830285086287913,10,none
grid_3_moderate_two_peak,predicted_congestion,signal_only_vs_routing_only,signal_only,routing_only,wilcoxon_signed_rank,0.0,0.001953125,0.003048780487804878,4.565189300952595,0.06418697254159615,0.0830285086287913,10,none
grid_3_moderate_two_peak,predicted_congestion,vsl_only_vs_routing_only,vsl_only,routing_only,paired_ttest,14.897832455740184,1.1970747822752762e-07,6.384398838801473e-07,4.711108275971861,0.09697258501186011,0.12495254988682464,10,none
grid_3_moderate_two_peak,predicted_congestion,vsl_only_vs_routing_only,vsl_only,routing_only,wilcoxon_signed_rank,0.0,0.001953125,0.003048780487804878,4.711108275971861,0.09697258501186011,0.12495254988682464,10,none
grid_3_moderate_two_peak,predicted_congestion,combined_vs_signal_only,combined,signal_only,paired_ttest,12.122468346966205,7.061549145237733e-07,3.1959018685289833e-06,3.833461083970953,0.06161913013226028,0.08309378570436768,10,none
grid_3_moderate_two_peak,predicted_congestion,combined_vs_signal_only,combined,signal_only,wilcoxon_signed_rank,0.0,0.001953125,0.003048780487804878,3.833461083970953,0.06161913013226028,0.08309378570436768,10,none
grid_3_moderate_two_peak,predicted_congestion,combined_vs_vsl_only,combined,vsl_only,paired_ttest,5.215408367212264,0.0005525714195282506,0.0017556879145294772,1.6492569368290588,0.022588161696487058,0.047912164886911,10,none
grid_3_moderate_two_peak,predicted_congestion,combined_vs_vsl_only,combined,vsl_only,wilcoxon_signed_rank,0.0,0.001953125,0.003048780487804878,1.6492569368290588,0.022588161696487058,0.047912164886911,10,none
grid_3_moderate_two_peak,predicted_congestion,combined_vs_routing_only,combined,routing_only,paired_ttest,25.383459476515036,1.0996794375220232e-09,8.076334229669941e-09,8.026954684037284,0.13476582256402522,0.15637959221552578,10,none
grid_3_moderate_two_peak,predicted_congestion,combined_vs_routing_only,combined,routing_only,wilcoxon_signed_rank,0.0,0.001953125,0.003048780487804878,8.026954684037284,0.13476582256402522,0.15637959221552578,10,none
grid_3_moderate_two_peak,vsl_activations,signal_only_vs_baseline,signal_only,baseline,paired_ttest,0.0,1.0,1.0,0.0,0.0,0.0,10,none
grid_3_moderate_two_peak,vsl_activations,signal_only_vs_baseline,signal_only,baseline,wilcoxon_signed_rank,0.0,1.0,1.0,0.0,0.0,0.0,10,none
grid_3_moderate_two_peak,vsl_activations,vsl_only_vs_baseline,vsl_only,baseline,paired_ttest,121.48131590784988,8.814593144963498e-16,9.872344322359118e-14,38.41576514232512,247.1,254.6025,10,none
grid_3_moderate_two_peak,vsl_activations,vsl_only_vs_baseline,vsl_only,baseline,wilcoxon_signed_rank,0.0,0.001953125,0.003048780487804878,38.41576514232512,247.1,254.6025,10,none
grid_3_moderate_two_peak,vsl_activations,routing_only_vs_baseline,routing_only,baseline,paired_ttest,0.0,1.0,1.0,0.0,0.0,0.0,10,none
grid_3_moderate_two_peak,vsl_activations,routing_only_vs_baseline,routing_only,baseline,wilcoxon_signed_rank,0.0,1.0,1.0,0.0,0.0,0.0,10,none
grid_3_moderate_two_peak,vsl_activations,signal_and_routing_vs_baseline,signal_and_routing,baseline,paired_ttest,0.0,1.0,1.0,0.0,0.0,0.0,10,none
grid_3_moderate_two_peak,vsl_activations,signal_and_routing_vs_baseline,signal_and_routing,baseline,wilcoxon_signed_rank,0.0,1.0,1.0,0.0,0.0,0.0,10,none
grid_3_moderate_two_peak,vsl_activations,signal_and_vsl_vs_baseline,signal_and_vsl,baseline,paired_ttest,91.25525470359415,1.1551298005783539e-14,5.749979451767806e-13,28.857445332215118,260.7975,270.7,10,none
grid_3_moderate_two_peak,vsl_activations,signal_and_vsl_vs_baseline,signal_and_vsl,baseline,wilcoxon_signed_rank,0.0,0.001953125,0.003048780487804878,28.857445332215118,260.7975,270.7,10,none
grid_3_moderate_two_peak,vsl_activations,vsl_and_routing_vs_baseline,vsl_and_routing,baseline,paired_ttest,124.60486079849461,7.014979559649352e-16,9.872344322359118e-14,39.40351676514702,247.2975,254.6,10,none
grid_3_moderate_two_peak,vsl_activations,vsl_and_routing_vs_baseline,vsl_and_routing,baseline,wilcoxon_signed_rank,0.0,0.001953125,0.003048780487804878,39.40351676514702,247.2975,254.6,10,none
grid_3_moderate_two_peak,vsl_activations,combined_vs_baseline,combined,baseline,paired_ttest,105.23690176538224,3.2056426992996947e-15,1.795159911607829e-13,33.27883034780026,262.7,271.5,10,none
grid_3_moderate_two_peak,vsl_activations,combined_vs_baseline,combined,baseline,wilcoxon_signed_rank,0.0,0.001953125,0.003048780487804878,33.27883034780026,262.7,271.5,10,none
grid_3_moderate_two_peak,vsl_activations,signal_and_routing_vs_signal_only,signal_and_routing,signal_only,paired_ttest,0.0,1.0,1.0,0.0,0.0,0.0,10,none
grid_3_moderate_two_peak,vsl_activations,signal_and_routing_vs_signal_only,signal_and_routing,signal_only,wilcoxon_signed_rank,0.0,1.0,1.0,0.0,0.0,0.0,10,none
grid_3_moderate_two_peak,vsl_activations,signal_and_routing_vs_routing_only,signal_and_routing,routing_only,paired_ttest,0.0,1.0,1.0,0.0,0.0,0.0,10,none
grid_3_moderate_two_peak,vsl_activations,signal_and_routing_vs_routing_only,signal_and_routing,routing_only,wilcoxon_signed_rank,0.0,1.0,1.0,0.0,0.0,0.0,10,none
grid_3_moderate_two_peak,vsl_activations,signal_and_routing_vs_combined,signal_and_routing,combined,paired_ttest,-105.23690176538224,3.2056426992996947e-15,1.795159911607829e-13,-33.27883034780026,-271.5,-262.7,10,none
grid_3_moderate_two_peak,vsl_activations,signal_and_routing_vs_combined,signal_and_routing,combined,wilcoxon_signed_rank,0.0,0.001953125,0.003048780487804878,-33.27883034780026,-271.5,-262.7,10,none
grid_3_moderate_two_peak,vsl_activations,signal_only_vs_vsl_only,signal_only,vsl_only,paired_ttest,-121.48131590784988,8.814593144963498e-16,9.872344322359118e-14,-38.41576514232512,-254.6025,-247.1,10,none
grid_3_moderate_two_peak,vsl_activations,signal_only_vs_vsl_only,signal_only,vsl_only,wilcoxon_signed_rank,0.0,0.001953125,0.003048780487804878,-38.41576514232512,-254.6025,-247.1,10,none
grid_3_moderate_two_peak,vsl_activations,signal_only_vs_routing_only,signal_only,routing_only,paired_ttest,0.0,1.0,1.0,0.0,0.0,0.0,10,none
grid_3_moderate_two_peak,vsl_activations,signal_only_vs_routing_only,signal_only,routing_only,wilcoxon_signed_rank,0.0,1.0,1.0,0.0,0.0,0.0,10,none
grid_3_moderate_two_peak,vsl_activations,vsl_only_vs_routing_only,vsl_only,routing_only,paired_ttest,121.48131590784988,8.814593144963498e-16,9.872344322359118e-14,38.41576514232512,247.1,254.6025,10,none
grid_3_moderate_two_peak,vsl_activations,vsl_only_vs_routing_only,vsl_only,routing_only,wilcoxon_signed_rank,0.0,0.001953125,0.003048780487804878,38.41576514232512,247.1,254.6025,10,none
grid_3_moderate_two_peak,vsl_activations,combined_vs_signal_only,combined,signal_only,paired_ttest,105.23690176538224,3.2056426992996947e-15,1.795159911607829e-13,33.27883034780026,262.7,271.5,10,none
grid_3_moderate_two_peak,vsl_activations,combined_vs_signal_only,combined,signal_only,wilcoxon_signed_rank,0.0,0.001953125,0.003048780487804878,33.27883034780026,262.7,271.5,10,none
grid_3_moderate_two_peak,vsl_activations,combined_vs_vsl_only,combined,vsl_only,paired_ttest,4.9170653189071025,0.0008279451459672039,0.002593842135617534,1.5549125811568638,10.5,21.8,10,none
grid_3_moderate_two_peak,vsl_activations,combined_vs_vsl_only,combined,vsl_only,wilcoxon_signed_rank,0.0,0.007685794055213263,0.011515838584399805,1.5549125811568638,10.5,21.8,10,none
grid_3_moderate_two_peak,vsl_activations,combined_vs_routing_only,combined,routing_only,paired_ttest,105.23690176538224,3.2056426992996947e-15,1.795159911607829e-13,33.27883034780026,262.7,271.5,10,none
grid_3_moderate_two_peak,vsl_activations,combined_vs_routing_only,combined,routing_only,wilcoxon_signed_rank,0.0,0.001953125,0.003048780487804878,33.27883034780026,262.7,271.5,10,none
grid_3_moderate_two_peak,routing_reroutes,signal_only_vs_baseline,signal_only,baseline,paired_ttest,0.0,1.0,1.0,0.0,0.0,0.0,10,none
grid_3_moderate_two_peak,routing_reroutes,signal_only_vs_baseline,signal_only,baseline,wilcoxon_signed_rank,0.0,1.0,1.0,0.0,0.0,0.0,10,none
grid_3_moderate_two_peak,routing_reroutes,vsl_only_vs_baseline,vsl_only,baseline,paired_ttest,0.0,1.0,1.0,0.0,0.0,0.0,10,none
grid_3_moderate_two_peak,routing_reroutes,vsl_only_vs_baseline,vsl_only,baseline,wilcoxon_signed_rank,0.0,1.0,1.0,0.0,0.0,0.0,10,none
grid_3_moderate_two_peak,routing_reroutes,routing_only_vs_baseline,routing_only,baseline,paired_ttest,1.4055638569974545,0.19342205960333228,0.23740570603367908,0.44447831849231534,0.0,0.7,10,none
grid_3_moderate_two_peak,routing_reroutes,routing_only_vs_baseline,routing_only,baseline,wilcoxon_signed_rank,0.0,0.17971249487899976,0.22364221584942193,0.44447831849231534,0.0,0.7,10,none
grid_3_moderate_two_peak,routing_reroutes,signal_and_routing_vs_baseline,signal_and_routing,baseline,paired_ttest,26.207295348414668,8.278260280362113e-10,6.72805698298566e-09,8.287474461372637,1185.3725000000002,1369.74,10,none
grid_3_moderate_two_peak,routing_reroutes,signal_and_routing_vs_baseline,signal_and_routing,baseline,wilcoxon_signed_rank,0.0,0.001953125,0.003048780487804878,8.287474461372637,1185.3725000000002,1369.74,10,none
grid_3_moderate_two_peak,routing_reroutes,signal_and_vsl_vs_baseline,signal_and_vsl,baseline,paired_ttest,0.0,1.0,1.0,0.0,0.0,0.0,10,none
grid_3_moderate_two_peak,routing_reroutes,signal_and_vsl_vs_baseline,signal_and_vsl,baseline,wilcoxon_signed_rank,0.0,1.0,1.0,0.0,0.0,0.0,10,none
grid_3_moderate_two_peak,routing_reroutes,vsl_and_routing_vs_baseline,vsl_and_routing,baseline,paired_ttest,14.702317663397732,1.3424652465625502e-07,7.075581534823794e-07,4.649281069966161,341.3925,440.115,10,none
grid_3_moderate_two_peak,routing_reroutes,vsl_and_routing_vs_baseline,vsl_and_routing,baseline,wilcoxon_signed_rank,0.0,0.001953125,0.003048780487804878,4.649281069966161,341.3925,440.115,10,none
grid_3_moderate_two_peak,routing_reroutes,combined_vs_baseline,combined,baseline,paired_ttest,8.105436669984615,1.993330040615655e-05,7.380263290874491e-05,2.563164130740193,42.795,68.5025,10,none
grid_3_moderate_two_peak,routing_reroutes,combined_vs_baseline,combined,baseline,wilcoxon_signed_rank,0.0,0.001953125,0.003048780487804878,2.563164130740193,42.795,68.5025,10,none
grid_3_moderate_two_peak,routing_reroutes,signal_and_routing_vs_signal_only,signal_and_routing,signal_only,paired_ttest,26.207295348414668,8.278260280362113e-10,6.72805698298566e-09,8.287474461372637,1185.3725000000002,1369.74,10,none
grid_3_moderate_two_peak,routing_reroutes,signal_and_routing_vs_signal_only,signal_and_routing,signal_only,wilcoxon_signed_rank,0.0,0.001953125,0.003048780487804878,8.287474461372637,1185.3725000000002,1369.74,10,none
grid_3_moderate_two_peak,routing_reroutes,signal_and_routing_vs_routing_only,signal_and_routing,routing_only,paired_ttest,26.160788321231184,8.410071228732075e-10,6.72805698298566e-09,8.272767648062322,1185.16,1369.54,10,none
grid_3_moderate_two_peak,routing_reroutes,signal_and_routing_vs_routing_only,signal_and_routing,routing_only,wilcoxon_signed_rank,0.0,0.001953125,0.003048780487804878,8.272767648062322,1185.16,1369.54,10,none
grid_3_moderate_two_peak,routing_reroutes,signal_and_routing_vs_combined,signal_and_routing,combined,paired_ttest,27.46460230364976,5.455523927561254e-10,4.888149439094884e-09,8.685069831024066,1138.29,1306.2325,10,none
grid_3_moderate_two_peak,routing_reroutes,signal_and_routing_vs_combined,signal_and_routing,combined,wilcoxon_signed_rank,0.0,0.001953125,0.003048780487804878,8.685069831024066,1138.29,1306.2325,10,none
grid_3_moderate_two_peak,routing_reroutes,signal_only_vs_vsl_only,signal_only,vsl_only,paired_ttest,0.0,1.0,1.0,0.0,0.0,0.0,10,none
grid_3_moderate_two_peak,routing_reroutes,signal_only_vs_vsl_only,signal_only,vsl_only,wilcoxon_signed_rank,0.0,1.0,1.0,0.0,0.0,0.0,10,none
grid_3_moderate_two_peak,routing_reroutes,signal_only_vs_routing_only,signal_only,routing_only,paired_ttest,-1.4055638569974545,0.19342205960333228,0.23740570603367908,-0.44447831849231534,-0.7,0.0,10,none
grid_3_moderate_two_peak,routing_reroutes,signal_only_vs_routing_only,signal_only,routing_only,wilcoxon_signed_rank,0.0,0.17971249487899976,0.22364221584942193,-0.44447831849231534,-0.7,0.0,10,none
grid_3_moderate_two_peak,routing_reroutes,vsl_only_vs_routing_only,vsl_only,routing_only,paired_ttest,-1.4055638569974545,0.19342205960333228,0.23740570603367908,-0.44447831849231534,-0.7,0.0,10,none
grid_3_moderate_two_peak,routing_reroutes,vsl_only_vs_routing_only,vsl_only,routing_only,wilcoxon_signed_rank,0.0,0.17971249487899976,0.22364221584942193,-0.44447831849231534,-0.7,0.0,10,none
grid_3_moderate_two_peak,routing_reroutes,combined_vs_signal_only,combined,signal_only,paired_ttest,8.105436669984615,1.993330040615655e-05,7.380263290874491e-05,2.563164130740193,42.795,68.5025,10,none
grid_3_moderate_two_peak,routing_reroutes,combined_vs_signal_only,combined,signal_only,wilcoxon_signed_rank,0.0,0.001953125,0.003048780487804878,2.563164130740193,42.795,68.5025,10,none
grid_3_moderate_two_peak,routing_reroutes,combined_vs_vsl_only,combined,vsl_only,paired_ttest,8.105436669984615,1.993330040615655e-05,7.380263290874491e-05,2.563164130740193,42.795,68.5025,10,none
grid_3_moderate_two_peak,routing_reroutes,combined_vs_vsl_only,combined,vsl_only,wilcoxon_signed_rank,0.0,0.001953125,0.003048780487804878,2.563164130740193,42.795,68.5025,10,none
grid_3_moderate_two_peak,routing_reroutes,combined_vs_routing_only,combined,routing_only,paired_ttest,8.044115533325364,2.1182790273028066e-05,7.778598395341454e-05,2.543772684684825,42.3975,68.3025,10,none
grid_3_moderate_two_peak,routing_reroutes,combined_vs_routing_only,combined,routing_only,wilcoxon_signed_rank,0.0,0.001953125,0.003048780487804878,2.543772684684825,42.3975,68.3025,10,none
grid_3_moderate_two_peak,max_predicted_congestion_observed,signal_only_vs_baseline,signal_only,baseline,paired_ttest,10.191058383058937,3.0560422823958828e-06,1.2560614151498674e-05,3.222695625821896,0.06935533730820258,0.10143453427440037,10,none
grid_3_moderate_two_peak,max_predicted_congestion_observed,signal_only_vs_baseline,signal_only,baseline,wilcoxon_signed_rank,0.0,0.001953125,0.003048780487804878,3.222695625821896,0.06935533730820258,0.10143453427440037,10,none
grid_3_moderate_two_peak,max_predicted_congestion_observed,vsl_only_vs_baseline,vsl_only,baseline,paired_ttest,8.40353490237874,1.4907879426320408e-05,5.7575258474065024e-05,2.6574310688237546,0.03778855887151319,0.057076991487488404,10,none
grid_3_moderate_two_peak,max_predicted_congestion_observed,vsl_only_vs_baseline,vsl_only,baseline,wilcoxon_signed_rank,0.0,0.001953125,0.003048780487804878,2.6574310688237546,0.03778855887151319,0.057076991487488404,10,none
grid_3_moderate_two_peak,max_predicted_congestion_observed,routing_only_vs_baseline,routing_only,baseline,paired_ttest,-0.3062121812326438,0.7664083363308045,0.8194533047164688,-0.09683279399834208,-0.013009284902497935,0.009005808813397484,10,none
grid_3_moderate_two_peak,max_predicted_congestion_observed,routing_only_vs_baseline,routing_only,baseline,wilcoxon_signed_rank,27.0,1.0,1.0,-0.09683279399834208,-0.013009284902497935,0.009005808813397484,10,none
grid_3_moderate_two_peak,max_predicted_congestion_observed,signal_and_routing_vs_baseline,signal_and_routing,baseline,paired_ttest,9.996912927411763,3.587444956567373e-06,1.4610684914019845e-05,3.161301442100269,0.07107629478106041,0.10446482111559806,10,none
grid_3_moderate_two_peak,max_predicted_congestion_observed,signal_and_routing_vs_baseline,signal_and_routing,baseline,wilcoxon_signed_rank,0.0,0.001953125,0.003048780487804878,3.161301442100269,0.07107629478106041,0.10446482111559806,10,none
grid_3_moderate_two_peak,max_predicted_congestion_observed,signal_and_vsl_vs_baseline,signal_and_vsl,baseline,paired_ttest,13.629221934632469,2.585491778593001e-07,1.2870003520107382e-06,4.309938404936512,0.06237126235309369,0.0809858717853474,10,none
grid_3_moderate_two_peak,max_predicted_congestion_observed,signal_and_vsl_vs_baseline,signal_and_vsl,baseline,wilcoxon_signed_rank,0.0,0.001953125,0.003048780487804878,4.309938404936512,0.06237126235309369,0.0809858717853474,10,none
grid_3_moderate_two_peak,max_predicted_congestion_observed,vsl_and_routing_vs_baseline,vsl_and_routing,baseline,paired_ttest,7.306722299911499,4.5319025552744454e-05,0.00015738700346999625,2.3105884698064254,0.028121008571899638,0.04816942581641086,10,none
grid_3_moderate_two_peak,max_predicted_congestion_observed,vsl_and_routing_vs_baseline,vsl_and_routing,baseline,wilcoxon_signed_rank,0.0,0.001953125,0.003048780487804878,2.3105884698064254,0.028121008571899638,0.04816942581641086,10,none
grid_3_moderate_two_peak,max_predicted_congestion_observed,combined_vs_baseline,combined,baseline,paired_ttest,14.164711017369779,1.85360842222334e-07,9.436551967682458e-07,4.479274921296938,0.06218667397903364,0.08193720730327302,10,none
grid_3_moderate_two_peak,max_predicted_congestion_observed,combined_vs_baseline,combined,baseline,wilcoxon_signed_rank,0.0,0.001953125,0.003048780487804878,4.479274921296938,0.06218667397903364,0.08193720730327302,10,none
grid_3_moderate_two_peak,max_predicted_congestion_observed,signal_and_routing_vs_signal_only,signal_and_routing,signal_only,paired_ttest,1.1122787589199414,0.29484472250345817,0.3494455970411356,0.3517334271212341,-0.0014473287402117724,0.0072739126700575385,10,none
grid_3_moderate_two_peak,max_predicted_congestion_observed,signal_and_routing_vs_signal_only,signal_and_routing,signal_only,wilcoxon_signed_rank,23.0,0.6953125,0.7452153110047847,0.3517334271212341,-0.0014473287402117724,0.0072739126700575385,10,none
grid_3_moderate_two_peak,max_predicted_congestion_observed,signal_and_routing_vs_routing_only,signal_and_routing,routing_only,paired_ttest,10.52227270773058,2.338611258699256e-06,1.027154748918889e-05,3.3274347917855853,0.07370977926955885,0.10726945780559106,10,none
grid_3_moderate_two_peak,max_predicted_congestion_observed,signal_and_routing_vs_routing_only,signal_and_routing,routing_only,wilcoxon_signed_rank,0.0,0.001953125,0.003048780487804878,3.3274347917855853,0.07370977926955885,0.10726945780559106,10,none
grid_3_moderate_two_peak,max_predicted_congestion_observed,signal_and_routing_vs_combined,signal_and_routing,combined,paired_ttest,2.6811907495801903,0.02515694353496992,0.03635584097956943,0.8478669610047548,0.004415780059610552,0.02694686079066117,10,none
grid_3_moderate_two_peak,max_predicted_congestion_observed,signal_and_routing_vs_combined,signal_and_routing,combined,wilcoxon_signed_rank,7.0,0.037109375,0.05211598746081505,0.8478669610047548,0.004415780059610552,0.02694686079066117,10,none
grid_3_moderate_two_peak,max_predicted_congestion_observed,signal_only_vs_vsl_only,signal_only,vsl_only,paired_ttest,5.585120303120877,0.0003407061743499501,0.0010902597579198403,1.7661701163911998,0.026191933242057784,0.051286032920055034,10,none
grid_3_moderate_two_peak,max_predicted_congestion_observed,signal_only_vs_vsl_only,signal_only,vsl_only,wilcoxon_signed_rank,0.0,0.001953125,0.003048780487804878,1.7661701163911998,0.026191933242057784,0.051286032920055034,10,none
grid_3_moderate_two_peak,max_predicted_congestion_observed,signal_only_vs_routing_only,signal_only,routing_only,paired_ttest,10.401873352873446,2.575309165551295e-06,1.0884325529877171e-05,3.289361172769245,0.0725170423310015,0.10439573783226191,10,none
grid_3_moderate_two_peak,max_predicted_congestion_observed,signal_only_vs_routing_only,signal_only,routing_only,wilcoxon_signed_rank,0.0,0.001953125,0.003048780487804878,3.289361172769245,0.0725170423310015,0.10439573783226191,10,none
grid_3_moderate_two_peak,max_predicted_congestion_observed,vsl_only_vs_routing_only,vsl_only,routing_only,paired_ttest,8.889133767071081,9.44812878318014e-06,3.7458068096147806e-05,2.8109909129857273,0.03884591165849392,0.05924991561405443,10,none
grid_3_moderate_two_peak,max_predicted_congestion_observed,vsl_only_vs_routing_only,vsl_only,routing_only,wilcoxon_signed_rank,0.0,0.001953125,0.003048780487804878,2.8109909129857273,0.03884591165849392,0.05924991561405443,10,none
grid_3_moderate_two_peak,max_predicted_congestion_observed,combined_vs_signal_only,combined,signal_only,paired_ttest,-2.286648570138127,0.048037281280083555,0.06642191979468343,-0.7231017690003766,-0.02483809553524631,-0.002054126632429291,10,none
grid_3_moderate_two_peak,max_predicted_congestion_observed,combined_vs_signal_only,combined,signal_only,wilcoxon_signed_rank,7.0,0.037109375,0.05211598746081505,-0.7231017690003766,-0.02483809553524631,-0.002054126632429291,10,none
grid_3_moderate_two_peak,max_predicted_congestion_observed,combined_vs_vsl_only,combined,vsl_only,paired_ttest,3.505942617338058,0.006660973592509593,0.01011564803201457,1.10867640166404,0.010445795170088324,0.036440936455343804,10,none
grid_3_moderate_two_peak,max_predicted_congestion_observed,combined_vs_vsl_only,combined,vsl_only,wilcoxon_signed_rank,6.0,0.02734375,0.03901273885350318,1.10867640166404,0.010445795170088324,0.036440936455343804,10,none
grid_3_moderate_two_peak,max_predicted_congestion_observed,combined_vs_routing_only,combined,routing_only,paired_ttest,10.525803944568752,2.3320412618264944e-06,1.027154748918889e-05,3.3285514669221974,0.06100527745613424,0.08764326198126832,10,none
grid_3_moderate_two_peak,max_predicted_congestion_observed,combined_vs_routing_only,combined,routing_only,wilcoxon_signed_rank,0.0,0.001953125,0.003048780487804878,3.3285514669221974,0.06100527745613424,0.08764326198126832,10,none
grid_5_moderate,total_vehicles,signal_only_vs_baseline,signal_only,baseline,paired_ttest,19.260422408199148,1.2655584871885098e-08,1.0697550986046272e-07,6.090680350685463,207.895,253.70749999999998,10,none
grid_5_moderate,total_vehicles,signal_only_vs_baseline,signal_only,baseline,wilcoxon_signed_rank,0.0,0.001953125,0.002840909090909091,6.090680350685463,207.895,253.70749999999998,10,none
grid_5_moderate,total_vehicles,vsl_only_vs_baseline,vsl_only,baseline,paired_ttest,16.84884228490978,4.0952160904084395e-08,2.54813445625414e-07,5.328071755727054,193.7975,243.6075,10,none
grid_5_moderate,total_vehicles,vsl_only_vs_baseline,vsl_only,baseline,wilcoxon_signed_rank,0.0,0.001953125,0.002840909090909091,5.328071755727054,193.7975,243.6075,10,none
grid_5_moderate,total_vehicles,routing_only_vs_baseline,routing_only,baseline,paired_ttest,-1.1129977740066779,0.29455177933395066,0.3490984051365341,-0.3519607996558452,-3.7,1.0,10,none
grid_5_moderate,total_vehicles,routing_only_vs_baseline,routing_only,baseline,wilcoxon_signed_rank,16.5,0.322265625,0.375,-0.3519607996558452,-3.7,1.0,10,none
grid_5_moderate,total_vehicles,signal_and_routing_vs_baseline,signal_and_routing,baseline,paired_ttest,19.558464227529658,1.1054405772722496e-08,1.00027303312254e-07,6.184929449391944,211.895,258.705,10,none
grid_5_moderate,total_vehicles,signal_and_routing_vs_baseline,signal_and_routing,baseline,wilcoxon_signed_rank,0.0,0.001953125,0.002840909090909091,6.184929449391944,211.895,258.705,10,none
grid_5_moderate,total_vehicles,signal_and_vsl_vs_baseline,signal_and_vsl,baseline,paired_ttest,82.43905553507345,2.8795360570430884e-14,1.4333690595058976e-12,26.069518364394316,312.3,326.7,10,none
grid_5_moderate,total_vehicles,signal_and_vsl_vs_baseline,signal_and_vsl,baseline,wilcoxon_signed_rank,0.0,0.001953125,0.002840909090909091,26.069518364394316,312.3,326.7,10,none
grid_5_moderate,total_vehicles,vsl_and_routing_vs_baseline,vsl_and_routing,baseline,paired_ttest,18.105628522841503,2.1798134180529526e-08,1.525869392637067e-07,5.72550246010891,194.8975,241.6025,10,none
grid_5_moderate,total_vehicles,vsl_and_routing_vs_baseline,vsl_and_routing,baseline,wilcoxon_signed_rank,0.0,0.001953125,0.002840909090909091,5.72550246010891,194.8975,241.6025,10,none
grid_5_moderate,total_vehicles,combined_vs_baseline,combined,baseline,paired_ttest,83.74782761443419,2.4993697188032976e-14,1.4333690595058976e-12,26.483388435275774,312.2975,326.5025,10,none
grid_5_moderate,total_vehicles,combined_vs_baseline,combined,baseline,wilcoxon_signed_rank,0.0,0.001953125,0.002840909090909091,26.483388435275774,312.2975,326.5025,10,none
grid_5_moderate,total_vehicles,signal_and_routing_vs_signal_only,signal_and_routing,signal_only,paired_ttest,0.7145124000535578,0.49302524848057205,0.5521882782982408,0.2259486600602658,-5.702499999999998,13.102499999999997,10,none
grid_5_moderate,total_vehicles,signal_and_routing_vs_signal_only,signal_and_routing,signal_only,wilcoxon_signed_rank,23.5,0.76953125,0.8227923627684964,0.2259486600602658,-5.702499999999998,13.102499999999997,10,none
grid_5_moderate,total_vehicles,signal_and_routing_vs_routing_only,signal_and_routing,routing_only,paired_ttest,19.49276795877153,1.1387036760993158e-08,1.00027303312254e-07,6.164154465086919,213.495,260.605,10,none
grid_5_moderate,total_vehicles,signal_and_routing_vs_routing_only,signal_and_routing,routing_only,wilcoxon_signed_rank,0.0,0.001953125,0.002840909090909091,6.164154465086919,213.495,260.605,10,none
grid_5_moderate,total_vehicles,signal_and_routing_vs_combined,signal_and_routing,combined,paired_ttest,-9.103267633943014,7.77649794412574e-06,2.6440325013080496e-05,-2.8787059873351852,-101.7025,-66.39750000000001,10,none
grid_5_moderate,total_vehicles,signal_and_routing_vs_combined,signal_and_routing,combined,wilcoxon_signed_rank,0.0,0.001953125,0.002840909090909091,-2.8787059873351852,-101.7025,-66.39750000000001,10,none
grid_5_moderate,total_vehicles,signal_only_vs_vsl_only,signal_only,vsl_only,paired_ttest,1.0665946491015543,0.3139295810750865,0.36913504546361875,0.3372868431308977,-11.602499999999997,40.5,10,none
grid_5_moderate,total_vehicles,signal_only_vs_vsl_only,signal_only,vsl_only,wilcoxon_signed_rank,17.0,0.322265625,0.375,0.3372868431308977,-11.602499999999997,40.5,10,none
grid_5_moderate,total_vehicles,signal_only_vs_routing_only,signal_only,routing_only,paired_ttest,18.901694354449813,1.4933291322867058e-08,1.1339177140075326e-07,5.977240579640743,208.5,256.205,10,none
grid_5_moderate,total_vehicles,signal_only_vs_routing_only,signal_only,routing_only,wilcoxon_signed_rank,0.0,0.001953125,0.002840909090909091,5.977240579640743,208.5,256.205,10,none
grid_5_moderate,total_vehicles,vsl_only_vs_routing_only,vsl_only,routing_only,paired_ttest,17.650461585617368,2.7255731939803618e-08,1.8500860468230336e-07,5.581566036385795,196.3975,244.3025,10,none
grid_5_moderate,total_vehicles,vsl_only_vs_routing_only,vsl_only,routing_only,wilcoxon_signed_rank,0.0,0.001953125,0.002840909090909091,5.581566036385795,196.3975,244.3025,10,none
grid_5_moderate,total_vehicles,combined_vs_signal_only,combined,signal_only,paired_ttest,9.141094142901078,7.516512784646045e-06,2.610385835287929e-05,2.8906677797592097,70.0975,106.9025,10,none
grid_5_moderate,total_vehicles,combined_vs_signal_only,combined,signal_only,wilcoxon_signed_rank,0.0,0.001953125,0.002840909090909091,2.8906677797592097,70.0975,106.9025,10,none
grid_5_moderate,total_vehicles,combined_vs_vsl_only,combined,vsl_only,paired_ttest,9.026745739010355,8.333234627179318e-06,2.7450655242473046e-05,2.8545076394492557,80.4,123.3025,10,none
grid_5_moderate,total_vehicles,combined_vs_vsl_only,combined,vsl_only,wilcoxon_signed_rank,0.0,0.001953125,0.002840909090909091,2.8545076394492557,80.4,123.3025,10,none
grid_5_moderate,total_vehicles,combined_vs_routing_only,combined,routing_only,paired_ttest,79.56919040067453,3.959520463901624e-14,1.6126046980253887e-12,25.161987324173733,313.1,328.1025,10,none
grid_5_moderate,total_vehicles,combined_vs_routing_only,combined,routing_only,wilcoxon_signed_rank,0.0,0.001953125,0.002840909090909091,25.161987324173733,313.1,328.1025,10,none
grid_5_moderate,avg_speed,signal_only_vs_baseline,signal_only,baseline,paired_ttest,-17.026169262603336,3.7366896318705655e-08,2.391481364397162e-07,-5.384147469737607,-6.532620167006191,-5.23480469534076,10,none
grid_5_moderate,avg_speed,signal_only_vs_baseline,signal_only,baseline,wilcoxon_signed_rank,0.0,0.001953125,0.002840909090909091,-5.384147469737607,-6.532620167006191,-5.23480469534076,10,none
grid_5_moderate,avg_speed,vsl_only_vs_baseline,vsl_only,baseline,paired_ttest,-26.585643739717565,7.287254352531747e-10,9.892999848285523e-09,-8.407118727930419,-6.077032140492776,-5.260269026994821,10,none
grid_5_moderate,avg_speed,vsl_only_vs_baseline,vsl_only,baseline,wilcoxon_signed_rank,0.0,0.001953125,0.002840909090909091,-8.407118727930419,-6.077032140492776,-5.260269026994821,10,none
grid_5_moderate,avg_speed,routing_only_vs_baseline,routing_only,baseline,paired_ttest,-1.100669596179051,0.29960629636492786,0.3541520336978567,-0.3480622875223564,-0.500038368604303,0.11618686530682613,10,none
grid_5_moderate,avg_speed,routing_only_vs_baseline,routing_only,baseline,wilcoxon_signed_rank,19.0,0.431640625,0.48955696202531646,-0.3480622875223564,-0.500038368604303,0.11618686530682613,10,none
grid_5_moderate,avg_speed,signal_and_routing_vs_baseline,signal_and_routing,baseline,paired_ttest,-16.19842155104336,5.77676046593648e-08,3.3179342163327476e-07,-5.122390660085445,-6.312098013670689,-4.994595651467864,10,none
grid_5_moderate,avg_speed,signal_and_routing_vs_baseline,signal_and_routing,baseline,wilcoxon_signed_rank,0.0,0.001953125,0.002840909090909091,-5.122390660085445,-6.312098013670689,-4.994595651467864,10,none
grid_5_moderate,avg_speed,signal_and_vsl_vs_baseline,signal_and_vsl,baseline,paired_ttest,-51.5057737886244,1.9685668994298494e-12,4.199609385450345e-11,-16.287555782145304,-6.8918215934495075,-6.419436199011956,10,none
grid_5_moderate,avg_speed,signal_and_vsl_vs_baseline,signal_and_vsl,baseline,wilcoxon_signed_rank,0.0,0.001953125,0.002840909090909091,-16.287555782145304,-6.8918215934495075,-6.419436199011956,10,none
grid_5_moderate,avg_speed,vsl_and_routing_vs_baseline,vsl_and_routing,baseline,paired_ttest,-27.42072320284904,5.533743774094e-10,7.997152292884231e-09,-8.671194041003025,-6.070003846786383,-5.2690744670549154,10,none
grid_5_moderate,avg_speed,vsl_and_routing_vs_baseline,vsl_and_routing,baseline,wilcoxon_signed_rank,0.0,0.001953125,0.002840909090909091,-8.671194041003025,-6.070003846786383,-5.2690744670549154,10,none
grid_5_moderate,avg_speed,combined_vs_baseline,combined,baseline,paired_ttest,-53.63098781670523,1.3695503027715491e-12,3.0677926782082696e-11,-16.959607466552946,-6.8990719373860365,-6.440522338173794,10,none
grid_5_moderate,avg_speed,combined_vs_baseline,combined,baseline,wilcoxon_signed_rank,0.0,0.001953125,0.002840909090909091,-16.959607466552946,-6.8990719373860365,-6.440522338173794,10,none
grid_5_moderate,avg_speed,signal_and_routing_vs_signal_only,signal_and_routing,signal_only,paired_ttest,2.852827530198732,0.019001352079098362,0.02595306625437825,0.9021432767060784,0.08126493715926049,0.3713359069856142,10,none
grid_5_moderate,avg_speed,signal_and_routing_vs_signal_only,signal_and_routing,signal_only,wilcoxon_signed_rank,6.0,0.02734375,0.036676646706586824,0.9021432767060784,0.08126493715926049,0.3713359069856142,10,none
grid_5_moderate,avg_speed,signal_and_routing_vs_routing_only,signal_and_routing,routing_only,paired_ttest,-14.670305957818346,1.3680825737623427e-07,7.044839000523328e-07,-4.639158079824403,-6.181291106963107,-4.761918612537745,10,none
grid_5_moderate,avg_speed,signal_and_routing_vs_routing_only,signal_and_routing,routing_only,wilcoxon_signed_rank,0.0,0.001953125,0.002840909090909091,-4.639158079824403,-6.181291106963107,-4.761918612537745,10,none
grid_5_moderate,avg_speed,signal_and_routing_vs_combined,signal_and_routing,combined,paired_ttest,2.966016124387351,0.01580433454161872,0.021652421635000568,0.9379366529849315,0.36771172576805555,1.6849114158922962,10,none
grid_5_moderate,avg_speed,signal_and_routing_vs_combined,signal_and_routing,combined,wilcoxon_signed_rank,9.0,0.064453125,0.08297413793103448,0.9379366529849315,0.36771172576805555,1.6849114158922962,10,none
grid_5_moderate,avg_speed,signal_only_vs_vsl_only,signal_only,vsl_only,paired_ttest,-0.5725382101709571,0.5809760872778031,0.6442507106446926,-0.18105247916164058,-0.9410861931400686,0.4856522427668951,10,none
grid_5_moderate,avg_speed,signal_only_vs_vsl_only,signal_only,vsl_only,wilcoxon_signed_rank,20.0,0.4921875,0.5521882782982408,-0.18105247916164058,-0.9410861931400686,0.4856522427668951,10,none
grid_5_moderate,avg_speed,signal_only_vs_routing_only,signal_only,routing_only,paired_ttest,-15.403913025377683,8.954313452349875e-08,4.775633841253266e-07,-4.871145003932856,-6.385041456808868,-4.986185012221799,10,none
grid_5_moderate,avg_speed,signal_only_vs_routing_only,signal_only,routing_only,wilcoxon_signed_rank,0.0,0.001953125,0.002840909090909091,-4.871145003932856,-6.385041456808868,-4.986185012221799,10,none
grid_5_moderate,avg_speed,vsl_only_vs_routing_only,vsl_only,routing_only,paired_ttest,-35.82970174115616,5.084748429836732e-11,8.436915913210578e-10,-11.330346538655421,-5.794436922972889,-5.230739357566867,10,none
grid_5_moderate,avg_speed,vsl_only_vs_routing_only,vsl_only,routing_only,wilcoxon_signed_rank,0.0,0.001953125,0.002840909090909091,-11.330346538655421,-5.794436922972889,-5.230739357566867,10,none
grid_5_moderate,avg_speed,combined_vs_signal_only,combined,signal_only,paired_ttest,-2.282622673518825,0.04835463667278906,0.06279094849104203,-0.7218286687062401,-1.4577460093499743,-0.15038836854176063,10,none
grid_5_moderate,avg_speed,combined_vs_signal_only,combined,signal_only,wilcoxon_signed_rank,12.0,0.130859375,0.16284722222222223,-0.7218286687062401,-1.4577460093499743,-0.15038836854176063,10,none
grid_5_moderate,avg_speed,combined_vs_vsl_only,combined,vsl_only,paired_ttest,-5.951534898659708,0.0002149333146073078,0.0006419341662938261,-1.8820405853744073,-1.339995256839803,-0.679664525864801,10,none
grid_5_moderate,avg_speed,combined_vs_vsl_only,combined,vsl_only,wilcoxon_signed_rank,0.0,0.001953125,0.002840909090909091,-1.8820405853744073,-1.339995256839803,-0.679664525864801,10,none
grid_5_moderate,avg_speed,combined_vs_routing_only,combined,routing_only,paired_ttest,-61.81303099944006,3.8279866253124887e-13,9.025989516526288e-12,-19.54699670368248,-6.699914880789571,-6.288057831855075,10,none
grid_5_moderate,avg_speed,combined_vs_routing_only,combined,routing_only,wilcoxon_signed_rank,0.0,0.001953125,0.002840909090909091,-19.54699670368248,-6.699914880789571,-6.288057831855075,10,none
grid_5_moderate,avg_waiting_time,signal_only_vs_baseline,signal_only,baseline,paired_ttest,13.12311368692133,3.580989654754837e-07,1.7250358766991043e-06,4.149892924400122,42.6278435725075,56.775450465843676,10,none
grid_5_moderate,avg_waiting_time,signal_only_vs_baseline,signal_only,baseline,wilcoxon_signed_rank,0.0,0.001953125,0.002840909090909091,4.149892924400122,42.6278435725075,56.775450465843676,10,none
grid_5_moderate,avg_waiting_time,vsl_only_vs_baseline,vsl_only,baseline,paired_ttest,6.675689056435892,9.102556252034037e-05,0.0002793113151309074,2.1110382369397747,3.085054377244105,5.351459677012674,10,none
grid_5_moderate,avg_waiting_time,vsl_only_vs_baseline,vsl_only,baseline,wilcoxon_signed_rank,0.0,0.001953125,0.002840909090909091,2.1110382369397747,3.085054377244105,5.351459677012674,10,none
grid_5_moderate,avg_waiting_time,routing_only_vs_baseline,routing_only,baseline,paired_ttest,0.42901811686772173,0.6779964201115136,0.7462958137836808,0.13566744067783032,-0.055664972084390106,0.08999532904853041,10,none
grid_5_moderate,avg_waiting_time,routing_only_vs_baseline,routing_only,baseline,wilcoxon_signed_rank,23.0,0.6953125,0.7579075425790754,0.13566744067783032,-0.055664972084390106,0.08999532904853041,10,none
grid_5_moderate,avg_waiting_time,signal_and_routing_vs_baseline,signal_and_routing,baseline,paired_ttest,10.672303253614555,2.0766219958748262e-06,8.306487983499305e-06,3.374878616144762,33.31336167091055,46.957451800958076,10,none
grid_5_moderate,avg_waiting_time,signal_and_routing_vs_baseline,signal_and_routing,baseline,wilcoxon_signed_rank,0.0,0.001953125,0.002840909090909091,3.374878616144762,33.31336167091055,46.957451800958076,10,none
grid_5_moderate,avg_waiting_time,signal_and_vsl_vs_baseline,signal_and_vsl,baseline,paired_ttest,9.180727015354787,7.254332739326133e-06,2.5590087143449663e-05,2.9032007944760765,23.493367466380587,35.307013542154706,10,none
grid_5_moderate,avg_waiting_time,signal_and_vsl_vs_baseline,signal_and_vsl,baseline,wilcoxon_signed_rank,0.0,0.001953125,0.002840909090909091,2.9032007944760765,23.493367466380587,35.307013542154706,10,none
grid_5_moderate,avg_waiting_time,vsl_and_routing_vs_baseline,vsl_and_routing,baseline,paired_ttest,7.55828563849893,3.474301075826268e-05,0.00010961175225142027,2.390139782379666,2.8431596909643306,4.773720328476846,10,none
grid_5_moderate,avg_waiting_time,vsl_and_routing_vs_baseline,vsl_and_routing,baseline,wilcoxon_signed_rank,0.0,0.001953125,0.002840909090909091,2.390139782379666,2.8431596909643306,4.773720328476846,10,none
grid_5_moderate,avg_waiting_time,combined_vs_baseline,combined,baseline,paired_ttest,9.952709298113854,3.7221916418786317e-06,1.3557250858224609e-05,3.147323027157555,24.386188736497115,35.862306578968365,10,none
grid_5_moderate,avg_waiting_time,combined_vs_baseline,combined,baseline,wilcoxon_signed_rank,0.0,0.001953125,0.002840909090909091,3.147323027157555,24.386188736497115,35.862306578968365,10,none
grid_5_moderate,avg_waiting_time,signal_and_routing_vs_signal_only,signal_and_routing,signal_only,paired_ttest,-6.571450314445291,0.00010259627819400747,0.0003114967996098182,-2.0780750524276814,-12.260500894191452,-6.788790235763722,10,none
grid_5_moderate,avg_waiting_time,signal_and_routing_vs_signal_only,signal_and_routing,signal_only,wilcoxon_signed_rank,0.0,0.001953125,0.002840909090909091,-2.0780750524276814,-12.260500894191452,-6.788790235763722,10,none
grid_5_moderate,avg_waiting_time,signal_and_routing_vs_routing_only,signal_and_routing,routing_only,paired_ttest,10.59951082369745,2.1994507984393415e-06,8.719946528325884e-06,3.3518596286491387,33.24088620176984,47.01764582487662,10,none
grid_5_moderate,avg_waiting_time,signal_and_routing_vs_routing_only,signal_and_routing,routing_only,wilcoxon_signed_rank,0.0,0.001953125,0.002840909090909091,3.3518596286491387,33.24088620176984,47.01764582487662,10,none
grid_5_moderate,avg_waiting_time,signal_and_routing_vs_combined,signal_and_routing,combined,paired_ttest,4.225609796684783,0.00222096580638453,0.0032200410396772475,1.336255146064494,5.530580264928905,14.402261129842119,10,none
grid_5_moderate,avg_waiting_time,signal_and_routing_vs_combined,signal_and_routing,combined,wilcoxon_signed_rank,2.0,0.005859375,0.008177570093457943,1.336255146064494,5.530580264928905,14.402261129842119,10,none
grid_5_moderate,avg_waiting_time,signal_only_vs_vsl_only,signal_only,vsl_only,paired_ttest,12.001925124976642,7.689371755050282e-07,3.324706096562469e-06,3.7953419701727222,38.32060963524559,52.45531377231245,10,none
grid_5_moderate,avg_waiting_time,signal_only_vs_vsl_only,signal_only,vsl_only,wilcoxon_signed_rank,0.0,0.001953125,0.002840909090909091,3.7953419701727222,38.32060963524559,52.45531377231245,10,none
grid_5_moderate,avg_waiting_time,signal_only_vs_routing_only,signal_only,routing_only,paired_ttest,13.033517406764389,3.798066756640909e-07,1.807567941383923e-06,4.121560092882674,42.55972994190291,56.78590802054335,10,none
grid_5_moderate,avg_waiting_time,signal_only_vs_routing_only,signal_only,routing_only,wilcoxon_signed_rank,0.0,0.001953125,0.002840909090909091,4.121560092882674,42.55972994190291,56.78590802054335,10,none
grid_5_moderate,avg_waiting_time,vsl_only_vs_routing_only,vsl_only,routing_only,paired_ttest,6.8312039112491245,7.632664141771683e-05,0.00023582300244922165,2.160216352059796,3.094968694132675,5.3374144503938705,10,none
grid_5_moderate,avg_waiting_time,vsl_only_vs_routing_only,vsl_only,routing_only,wilcoxon_signed_rank,0.0,0.001953125,0.002840909090909091,2.160216352059796,3.094968694132675,5.3374144503938705,10,none
grid_5_moderate,avg_waiting_time,combined_vs_signal_only,combined,signal_only,paired_ttest,-7.753218042588142,2.840604255433292e-05,9.025466003078829e-05,-2.4517828210490893,-24.354051779233718,-14.900502859622568,10,none
grid_5_moderate,avg_waiting_time,combined_vs_signal_only,combined,signal_only,wilcoxon_signed_rank,0.0,0.001953125,0.002840909090909091,-2.4517828210490893,-24.354051779233718,-14.900502859622568,10,none
grid_5_moderate,avg_waiting_time,combined_vs_vsl_only,combined,vsl_only,paired_ttest,8.535660984309388,1.3141047726425873e-05,4.235388044200569e-05,2.699213004545242,20.090030219298825,31.503191263396953,10,none
grid_5_moderate,avg_waiting_time,combined_vs_vsl_only,combined,vsl_only,wilcoxon_signed_rank,0.0,0.001953125,0.002840909090909091,2.699213004545242,20.090030219298825,31.503191263396953,10,none
grid_5_moderate,avg_waiting_time,combined_vs_routing_only,combined,routing_only,paired_ttest,9.862017424124849,4.016458327299397e-06,1.4511075247017177e-05,3.1186437384501318,24.332710321251014,35.891032585424924,10,none
grid_5_moderate,avg_waiting_time,combined_vs_routing_only,combined,routing_only,wilcoxon_signed_rank,0.0,0.001953125,0.002840909090909091,3.1186437384501318,24.332710321251014,35.891032585424924,10,none
grid_5_moderate,total_travel_time,signal_only_vs_baseline,signal_only,baseline,paired_ttest,19.260422408199144,1.2655584871885098e-08,1.0697550986046272e-07,6.090680350685463,103947.5,126853.75,10,none
grid_5_moderate,total_travel_time,signal_only_vs_baseline,signal_only,baseline,wilcoxon_signed_rank,0.0,0.001953125,0.002840909090909091,6.090680350685463,103947.5,126853.75,10,none
grid_5_moderate,total_travel_time,vsl_only_vs_baseline,vsl_only,baseline,paired_ttest,16.848842284909775,4.0952160904084395e-08,2.54813445625414e-07,5.328071755727055,96898.75,121803.75,10,none
grid_5_moderate,total_travel_time,vsl_only_vs_baseline,vsl_only,baseline,wilcoxon_signed_rank,0.0,0.001953125,0.002840909090909091,5.328071755727055,96898.75,121803.75,10,none
grid_5_moderate,total_travel_time,routing_only_vs_baseline,routing_only,baseline,paired_ttest,-1.1129977740066779,0.29455177933395066,0.3490984051365341,-0.3519607996558452,-1850.0,500.0,10,none
grid_5_moderate,total_travel_time,routing_only_vs_baseline,routing_only,baseline,wilcoxon_signed_rank,16.5,0.322265625,0.375,-0.3519607996558452,-1850.0,500.0,10,none
grid_5_moderate,total_travel_time,signal_and_routing_vs_baseline,signal_and_routing,baseline,paired_ttest,19.558464227529658,1.1054405772722496e-08,1.00027303312254e-07,6.184929449391944,105947.5,129352.5,10,none
grid_5_moderate,total_travel_time,signal_and_routing_vs_baseline,signal_and_routing,baseline,wilcoxon_signed_rank,0.0,0.001953125,0.002840909090909091,6.184929449391944,105947.5,129352.5,10,none
grid_5_moderate,total_travel_time,signal_and_vsl_vs_baseline,signal_and_vsl,baseline,paired_ttest,82.43905553507344,2.879536057043098e-14,1.4333690595058976e-12,26.069518364394312,156150.0,163350.0,10,none
grid_5_moderate,total_travel_time,signal_and_vsl_vs_baseline,signal_and_vsl,baseline,wilcoxon_signed_rank,0.0,0.001953125,0.002840909090909091,26.069518364394312,156150.0,163350.0,10,none
grid_5_moderate,total_travel_time,vsl_and_routing_vs_baseline,vsl_and_routing,baseline,paired_ttest,18.1056285228415,2.1798134180529526e-08,1.525869392637067e-07,5.725502460108909,97448.75,120801.25,10,none
grid_5_moderate,total_travel_time,vsl_and_routing_vs_baseline,vsl_and_routing,baseline,wilcoxon_signed_rank,0.0,0.001953125,0.002840909090909091,5.725502460108909,97448.75,120801.25,10,none
grid_5_moderate,total_travel_time,combined_vs_baseline,combined,baseline,paired_ttest,83.7478276144342,2.4993697188032885e-14,1.4333690595058976e-12,26.483388435275774,156148.75,163251.25,10,none
grid_5_moderate,total_travel_time,combined_vs_baseline,combined,baseline,wilcoxon_signed_rank,0.0,0.001953125,0.002840909090909091,26.483388435275774,156148.75,163251.25,10,none
grid_5_moderate,total_travel_time,signal_and_routing_vs_signal_only,signal_and_routing,signal_only,paired_ttest,0.7145124000535578,0.49302524848057205,0.5521882782982408,0.22594866006026576,-2851.249999999999,6551.249999999999,10,none
grid_5_moderate,total_travel_time,signal_and_routing_vs_signal_only,signal_and_routing,signal_only,wilcoxon_signed_rank,23.5,0.76953125,0.8227923627684964,0.22594866006026576,-2851.249999999999,6551.249999999999,10,none
grid_5_moderate,total_travel_time,signal_and_routing_vs_routing_only,signal_and_routing,routing_only,paired_ttest,19.492767958771527,1.13870367609932e-08,1.00027303312254e-07,6.164154465086918,106747.5,130302.5,10,none
grid_5_moderate,total_travel_time,signal_and_routing_vs_routing_only,signal_and_routing,routing_only,wilcoxon_signed_rank,0.0,0.001953125,0.002840909090909091,6.164154465086918,106747.5,130302.5,10,none
grid_5_moderate,total_travel_time,signal_and_routing_vs_combined,signal_and_routing,combined,paired_ttest,-9.103267633943014,7.77649794412574e-06,2.6440325013080496e-05,-2.8787059873351852,-50851.25,-33198.75,10,none
grid_5_moderate,total_travel_time,signal_and_routing_vs_combined,signal_and_routing,combined,wilcoxon_signed_rank,0.0,0.001953125,0.002840909090909091,-2.8787059873351852,-50851.25,-33198.75,10,none
grid_5_moderate,total_travel_time,signal_only_vs_vsl_only,signal_only,vsl_only,paired_ttest,1.0665946491015543,0.3139295810750865,0.36913504546361875,0.33728684313089763,-5801.249999999999,20250.0,10,none
grid_5_moderate,total_travel_time,signal_only_vs_vsl_only,signal_only,vsl_only,wilcoxon_signed_rank,17.0,0.322265625,0.375,0.33728684313089763,-5801.249999999999,20250.0,10,none
grid_5_moderate,total_travel_time,signal_only_vs_routing_only,signal_only,routing_only,paired_ttest,18.901694354449816,1.4933291322867002e-08,1.1339177140075326e-07,5.9772405796407435,104250.0,128102.5,10,none
grid_5_moderate,total_travel_time,signal_only_vs_routing_only,signal_only,routing_only,wilcoxon_signed_rank,0.0,0.001953125,0.002840909090909091,5.9772405796407435,104250.0,128102.5,10,none
grid_5_moderate,total_travel_time,vsl_only_vs_routing_only,vsl_only,routing_only,paired_ttest,17.650461585617368,2.7255731939803618e-08,1.8500860468230336e-07,5.581566036385795,98198.75,122151.25,10,none
grid_5_moderate,total_travel_time,vsl_only_vs_routing_only,vsl_only,routing_only,wilcoxon_signed_rank,0.0,0.001953125,0.002840909090909091,5.581566036385795,98198.75,122151.25,10,none
grid_5_moderate,total_travel_time,combined_vs_signal_only,combined,signal_only,paired_ttest,9.141094142901078,7.516512784646045e-06,2.610385835287929e-05,2.8906677797592093,35048.75,53451.25,10,none
grid_5_moderate,total_travel_time,combined_vs_signal_only,combined,signal_only,wilcoxon_signed_rank,0.0,0.001953125,0.002840909090909091,2.8906677797592093,35048.75,53451.25,10,none
grid_5_moderate,total_travel_time,combined_vs_vsl_only,combined,vsl_only,paired_ttest,9.026745739010355,8.333234627179318e-06,2.7450655242473046e-05,2.8545076394492557,40200.0,61651.25,10,none
grid_5_moderate,total_travel_time,combined_vs_vsl_only,combined,vsl_only,wilcoxon_signed_rank,0.0,0.001953125,0.002840909090909091,2.8545076394492557,40200.0,61651.25,10,none
grid_5_moderate,total_travel_time,combined_vs_routing_only,combined,routing_only,paired_ttest,79.56919040067453,3.959520463901624e-14,1.6126046980253887e-12,25.161987324173733,156550.0,164051.25,10,none
grid_5_moderate,total_travel_time,combined_vs_routing_only,combined,routing_only,wilcoxon_signed_rank,0.0,0.001953125,0.002840909090909091,25.161987324173733,156550.0,164051.25,10,none
grid_5_moderate,system_congestion,signal_only_vs_baseline,signal_only,baseline,paired_ttest,4.506268883654372,0.0014755963187738613,0.002840909090909091,1.4250073421492122,0.03085795653588227,0.07277839430487433,10,none
grid_5_moderate,system_congestion,signal_only_vs_baseline,signal_only,baseline,wilcoxon_signed_rank,0.0,0.001953125,0.002840909090909091,1.4250073421492122,0.03085795653588227,0.07277839430487433,10,none
grid_5_moderate,system_congestion,vsl_only_vs_baseline,vsl_only,baseline,paired_ttest,24.580496643189246,1.4631296024066553e-09,1.680723235585081e-08,7.7730355410601195,0.21975383279734367,0.2559831406689934,10,none
grid_5_moderate,system_congestion,vsl_only_vs_baseline,vsl_only,baseline,wilcoxon_signed_rank,0.0,0.001953125,0.002840909090909091,7.7730355410601195,0.21975383279734367,0.2559831406689934,10,none
grid_5_moderate,system_congestion,routing_only_vs_baseline,routing_only,baseline,paired_ttest,0.3136694409180526,0.7609202078476132,0.8194525315281987,0.09919098656926631,-0.011855551654097372,0.019777500293742634,10,none
grid_5_moderate,system_congestion,routing_only_vs_baseline,routing_only,baseline,wilcoxon_signed_rank,25.5,0.921875,0.971764705882353,0.09919098656926631,-0.011855551654097372,0.019777500293742634,10,none
grid_5_moderate,system_congestion,signal_and_routing_vs_baseline,signal_and_routing,baseline,paired_ttest,5.935946898318653,0.00021910699144512028,0.0006500657759431383,1.877111226849886,0.051045299873146696,0.0976207807135117,10,none
grid_5_moderate,system_congestion,signal_and_routing_vs_baseline,signal_and_routing,baseline,wilcoxon_signed_rank,0.0,0.001953125,0.002840909090909091,1.877111226849886,0.051045299873146696,0.0976207807135117,10,none
grid_5_moderate,system_congestion,signal_and_vsl_vs_baseline,signal_and_vsl,baseline,paired_ttest,16.28391534401573,5.517299445417135e-08,3.2100651318790604e-07,5.149426171245403,0.21398213664036758,0.26613402891406607,10,none
grid_5_moderate,system_congestion,signal_and_vsl_vs_baseline,signal_and_vsl,baseline,wilcoxon_signed_rank,0.0,0.001953125,0.002840909090909091,5.149426171245403,0.21398213664036758,0.26613402891406607,10,none
grid_5_moderate,system_congestion,vsl_and_routing_vs_baseline,vsl_and_routing,baseline,paired_ttest,25.23185236573829,1.1598081509567928e-09,1.4433168100795643e-08,7.979012306084087,0.21502208346207238,0.24902540003394358,10,none
grid_5_moderate,system_congestion,vsl_and_routing_vs_baseline,vsl_and_routing,baseline,wilcoxon_signed_rank,0.0,0.001953125,0.002840909090909091,7.979012306084087,0.21502208346207238,0.24902540003394358,10,none
grid_5_moderate,system_congestion,combined_vs_baseline,combined,baseline,paired_ttest,18.314123258427184,1.971251695181585e-08,1.424388321679597e-07,5.7914342845694415,0.2229594269353287,0.26880476151362304,10,none
grid_5_moderate,system_congestion,combined_vs_baseline,combined,baseline,wilcoxon_signed_rank,0.0,0.001953125,0.002840909090909091,5.7914342845694415,0.2229594269353287,0.26880476151362304,10,none
grid_5_moderate,system_congestion,signal_and_routing_vs_signal_only,signal_and_routing,signal_only,paired_ttest,4.537562466613399,0.0014108292444991429,0.002840909090909091,1.434903241979008,0.014562573707641224,0.03258410409042055,10,none
grid_5_moderate,system_congestion,signal_and_routing_vs_signal_only,signal_and_routing,signal_only,wilcoxon_signed_rank,0.0,0.001953125,0.002840909090909091,1.434903241979008,0.014562573707641224,0.03258410409042055,10,none
grid_5_moderate,system_congestion,signal_and_routing_vs_routing_only,signal_and_routing,routing_only,paired_ttest,5.1965514832845825,0.0005666619576759418,0.0016701615594659335,1.643293866550569,0.045140293655594396,0.09559492034679033,10,none
grid_5_moderate,system_congestion,signal_and_routing_vs_routing_only,signal_and_routing,routing_only,wilcoxon_signed_rank,1.0,0.00390625,0.005555555555555556,1.643293866550569,0.045140293655594396,0.09559492034679033,10,none
grid_5_moderate,system_congestion,signal_and_routing_vs_combined,signal_and_routing,combined,paired_ttest,-10.205665564328594,3.019720730260709e-06,1.1562691343220492e-05,-3.227314822122603,-0.19829596296993382,-0.14026451034191637,10,none
grid_5_moderate,system_congestion,signal_and_routing_vs_combined,signal_and_routing,combined,wilcoxon_signed_rank,0.0,0.001953125,0.002840909090909091,-3.227314822122603,-0.19829596296993382,-0.14026451034191637,10,none
grid_5_moderate,system_congestion,signal_only_vs_vsl_only,signal_only,vsl_only,paired_ttest,-17.12479879945009,3.5524262972552806e-08,2.3065028712613996e-07,-5.4153368678379294,-0.20808902373549237,-0.16591383209562524,10,none
grid_5_moderate,system_congestion,signal_only_vs_vsl_only,signal_only,vsl_only,wilcoxon_signed_rank,0.0,0.001953125,0.002840909090909091,-5.4153368678379294,-0.20808902373549237,-0.16591383209562524,10,none
grid_5_moderate,system_congestion,signal_only_vs_routing_only,signal_only,routing_only,paired_ttest,3.610699163759561,0.005653141245165941,0.007914397743232316,1.141803330314551,0.02269063271074398,0.07077603579634714,10,none
grid_5_moderate,system_congestion,signal_only_vs_routing_only,signal_only,routing_only,wilcoxon_signed_rank,4.0,0.013671875,0.018846153846153846,1.141803330314551,0.02269063271074398,0.07077603579634714,10,none
grid_5_moderate,system_congestion,vsl_only_vs_routing_only,vsl_only,routing_only,paired_ttest,16.129339520414366,5.996301037595813e-08,3.4004340061302836e-07,5.1005450038677305,0.20490374434817424,0.25851111095094276,10,none
grid_5_moderate,system_congestion,vsl_only_vs_routing_only,vsl_only,routing_only,wilcoxon_signed_rank,0.0,0.001953125,0.002840909090909091,5.1005450038677305,0.20490374434817424,0.25851111095094276,10,none
grid_5_moderate,system_congestion,combined_vs_signal_only,combined,signal_only,paired_ttest,11.600008865689864,1.027229747517598e-06,4.261101174887813e-06,3.668244889372621,0.16328658428455176,0.2216786004142859,10,none
grid_5_moderate,system_congestion,combined_vs_signal_only,combined,signal_only,wilcoxon_signed_rank,0.0,0.001953125,0.002840909090909091,3.668244889372621,0.16328658428455176,0.2216786004142859,10,none
grid_5_moderate,system_congestion,combined_vs_vsl_only,combined,vsl_only,paired_ttest,0.37066935528781436,0.7194578309569861,0.7766677307680235,0.11721594215356712,-0.025479519747120226,0.03532683532026645,10,none
grid_5_moderate,system_congestion,combined_vs_vsl_only,combined,vsl_only,wilcoxon_signed_rank,25.0,0.845703125,0.8999406175771971,0.11721594215356712,-0.025479519747120226,0.03532683532026645,10,none
grid_5_moderate,system_congestion,combined_vs_routing_only,combined,routing_only,paired_ttest,17.366819475984226,3.141500691125565e-08,2.1005855367526164e-07,5.4918705257082046,0.21548335268045588,0.2636179248823941,10,none
grid_5_moderate,system_congestion,combined_vs_routing_only,combined,routing_only,wilcoxon_signed_rank,0.0,0.001953125,0.002840909090909091,5.4918705257082046,0.21548335268045588,0.2636179248823941,10,none
grid_5_moderate,total_distance,signal_only_vs_baseline,signal_only,baseline,paired_ttest,16.058444458705218,6.231255162830278e-08,3.489502891184955e-07,5.078126016881821,96204.41605031452,121525.72695757059,10,none
grid_5_moderate,total_distance,signal_only_vs_baseline,signal_only,baseline,wilcoxon_signed_rank,0.0,0.001953125,0.002840909090909091,5.078126016881821,96204.41605031452,121525.72695757059,10,none
grid_5_moderate,total_distance,vsl_only_vs_baseline,vsl_only,baseline,paired_ttest,34.0938759381182,7.926466511838766e-11,1.2682346418942025e-09,10.781430222766346,88290.72469590718,98606.9017277244,10,none
grid_5_moderate,total_distance,vsl_only_vs_baseline,vsl_only,baseline,wilcoxon_signed_rank,0.0,0.001953125,0.002840909090909091,10.781430222766346,88290.72469590718,98606.9017277244,10,none
grid_5_moderate,total_distance,routing_only_vs_baseline,routing_only,baseline,paired_ttest,-1.4596439682664952,0.17839286201596688,0.2195604455581131,-0.4615799512648661,-3527.6895429628507,535.9951668418083,10,none
grid_5_moderate,total_distance,routing_only_vs_baseline,routing_only,baseline,wilcoxon_signed_rank,12.0,0.130859375,0.16284722222222223,-0.4615799512648661,-3527.6895429628507,535.9951668418083,10,none
grid_5_moderate,total_distance,signal_and_routing_vs_baseline,signal_and_routing,baseline,paired_ttest,18.83025814755017,1.5439163010492937e-08,1.152790838116806e-07,5.954650467520151,104587.59976517604,128222.55924272175,10,none
grid_5_moderate,total_distance,signal_and_routing_vs_baseline,signal_and_routing,baseline,wilcoxon_signed_rank,0.0,0.001953125,0.002840909090909091,5.954650467520151,104587.59976517604,128222.55924272175,10,none
grid_5_moderate,total_distance,signal_and_vsl_vs_baseline,signal_and_vsl,baseline,paired_ttest,22.373170374565408,3.3702236334015005e-09,3.682585823814323e-08,7.075017686262921,84607.86116587497,100067.49933150939,10,none
grid_5_moderate,total_distance,signal_and_vsl_vs_baseline,signal_and_vsl,baseline,wilcoxon_signed_rank,0.0,0.001953125,0.002840909090909091,7.075017686262921,84607.86116587497,100067.49933150939,10,none
grid_5_moderate,total_distance,vsl_and_routing_vs_baseline,vsl_and_routing,baseline,paired_ttest,44.09743442821304,7.924042989665866e-12,1.6136232997137762e-10,13.944833176307808,89920.8952141085,97965.2556385761,10,none
grid_5_moderate,total_distance,vsl_and_routing_vs_baseline,vsl_and_routing,baseline,wilcoxon_signed_rank,0.0,0.001953125,0.002840909090909091,13.944833176307808,89920.8952141085,97965.2556385761,10,none
grid_5_moderate,total_distance,combined_vs_baseline,combined,baseline,paired_ttest,21.01287148475746,5.870124505216038e-09,5.8440350629706334e-08,6.644853407223768,85326.1224867662,101430.02332847936,10,none
grid_5_moderate,total_distance,combined_vs_baseline,combined,baseline,wilcoxon_signed_rank,0.0,0.001953125,0.002840909090909091,6.644853407223768,85326.1224867662,101430.02332847936,10,none
grid_5_moderate,total_distance,signal_and_routing_vs_signal_only,signal_and_routing,signal_only,paired_ttest,2.5657272492132237,0.030400142420714062,0.04065451881934298,0.8113541962272246,1905.9057550998189,12517.030196373462,10,none
grid_5_moderate,total_distance,signal_and_routing_vs_signal_only,signal_and_routing,signal_only,wilcoxon_signed_rank,7.0,0.037109375,0.049080101881508326,0.8113541962272246,1905.9057550998189,12517.030196373462,10,none
grid_5_moderate,total_distance,signal_and_routing_vs_routing_only,signal_and_routing,routing_only,paired_ttest,19.903047790154694,9.477084458709293e-09,9.033476250003751e-08,6.293896339606983,106635.74871372693,129184.37377450973,10,none
grid_5_moderate,total_distance,signal_and_routing_vs_routing_only,signal_and_routing,routing_only,wilcoxon_signed_rank,0.0,0.001953125,0.002840909090909091,6.293896339606983,106635.74871372693,129184.37377450973,10,none
grid_5_moderate,total_distance,signal_and_routing_vs_combined,signal_and_routing,combined,paired_ttest,2.6839235099566037,0.025044570710671517,0.03379508336861698,0.8487311357136472,6317.504235496756,39618.63875421709,10,none
grid_5_moderate,total_distance,signal_and_routing_vs_combined,signal_and_routing,combined,wilcoxon_signed_rank,8.0,0.048828125,0.06322254335260116,0.8487311357136472,6317.504235496756,39618.63875421709,10,none
grid_5_moderate,total_distance,signal_only_vs_vsl_only,signal_only,vsl_only,paired_ttest,2.4436969045608516,0.0371387378076592,0.049080101881508326,0.7727648129515401,2472.814256337415,26907.885194926523,10,none
grid_5_moderate,total_distance,signal_only_vs_vsl_only,signal_only,vsl_only,wilcoxon_signed_rank,7.0,0.037109375,0.049080101881508326,0.7727648129515401,2472.814256337415,26907.885194926523,10,none
grid_5_moderate,total_distance,signal_only_vs_routing_only,signal_only,routing_only,paired_ttest,16.396196504123342,5.195946157506141e-08,3.068994951363962e-07,5.184932591672013,97711.38797216375,123709.75950030485,10,none
grid_5_moderate,total_distance,signal_only_vs_routing_only,signal_only,routing_only,wilcoxon_signed_rank,0.0,0.001953125,0.002840909090909091,5.184932591672013,97711.38797216375,123709.75950030485,10,none
grid_5_moderate,total_distance,vsl_only_vs_routing_only,vsl_only,routing_only,paired_ttest,42.11664866265308,1.19617468139792e-11,2.329940248983775e-10,13.318453718706827,90877.21078590052,99176.03821738758,10,none
grid_5_moderate,total_distance,vsl_only_vs_routing_only,vsl_only,routing_only,wilcoxon_signed_rank,0.0,0.001953125,0.002840909090909091,13.318453718706827,90877.21078590052,99176.03821738758,10,none
grid_5_moderate,total_distance,combined_vs_signal_only,combined,signal_only,paired_ttest,-1.7584800601482484,0.11253135602863196,0.14082136173415397,-0.5560802210058354,-33180.16651930229,3058.615749646777,10,none
grid_5_moderate,total_distance,combined_vs_signal_only,combined,signal_only,wilcoxon_signed_rank,11.0,0.10546875,0.13423295454545453,-0.5560802210058354,-33180.16651930229,3058.615749646777,10,none
grid_5_moderate,total_distance,combined_vs_vsl_only,combined,vsl_only,paired_ttest,-0.10636365290106425,0.9176269253428415,0.971764705882353,-0.03363514034229391,-11637.386268902901,10348.39750961985,10,none
grid_5_moderate,total_distance,combined_vs_vsl_only,combined,vsl_only,wilcoxon_signed_rank,27.0,1.0,1.0,-0.03363514034229391,-11637.386268902901,10348.39750961985,10,none
grid_5_moderate,total_distance,combined_vs_routing_only,combined,routing_only,paired_ttest,20.441294692336356,7.489078784614891e-09,7.293711511972764e-08,6.464104955049373,86592.18364222572,103549.34495079312,10,none
grid_5_moderate,total_distance,combined_vs_routing_only,combined,routing_only,wilcoxon_signed_rank,0.0,0.001953125,0.002840909090909091,6.464104955049373,86592.18364222572,103549.34495079312,10,none
grid_5_moderate,completed_trips,signal_only_vs_baseline,signal_only,baseline,paired_ttest,-1.4126128673922558,0.19140305469903668,0.23428570629827442,-0.4467074113020928,-1.5,0.3,10,none
grid_5_moderate,completed_trips,signal_only_vs_baseline,signal_only,baseline,wilcoxon_signed_rank,7.0,0.2273683300441427,0.27235564668389284,-0.4467074113020928,-1.5,0.3,10,none
grid_5_moderate,completed_trips,vsl_only_vs_baseline,vsl_only,baseline,paired_ttest,-1.7685190342396895,0.1107649215697673,0.13899911726402173,-0.5592548233558727,-1.4,0.0024999999999977263,10,none
grid_5_moderate,completed_trips,vsl_only_vs_baseline,vsl_only,baseline,wilcoxon_signed_rank,4.0,0.08287906644281612,0.10608520504680463,-0.5592548233558727,-1.4,0.0024999999999977263,10,none
grid_5_moderate,completed_trips,routing_only_vs_baseline,routing_only,baseline,paired_ttest,-0.408248290463863,0.6926333242322504,0.7579075425790754,-0.12909944487358058,-1.2,0.7,10,none
grid_5_moderate,completed_trips,routing_only_vs_baseline,routing_only,baseline,wilcoxon_signed_rank,15.5,0.7192640278554812,0.7766677307680235,-0.12909944487358058,-1.2,0.7,10,none
grid_5_moderate,completed_trips,signal_and_routing_vs_baseline,signal_and_routing,baseline,paired_ttest,-2.3772174470791843,0.041416150486262744,0.0540945639004248,-0.751742162626101,-1.7,-0.2,10,none
grid_5_moderate,completed_trips,signal_and_routing_vs_baseline,signal_and_routing,baseline,wilcoxon_signed_rank,2.5,0.04734500208525525,0.06165860736684405,-0.751742162626101,-1.7,-0.2,10,none
grid_5_moderate,completed_trips,signal_and_vsl_vs_baseline,signal_and_vsl,baseline,paired_ttest,-2.7386127875258306,0.022899494551768276,0.031087798664218753,-0.8660254037844387,-1.7,-0.3,10,none
grid_5_moderate,completed_trips,signal_and_vsl_vs_baseline,signal_and_vsl,baseline,wilcoxon_signed_rank,0.0,0.039359508888249725,0.051558654917941156,-0.8660254037844387,-1.7,-0.3,10,none
grid_5_moderate,completed_trips,vsl_and_routing_vs_baseline,vsl_and_routing,baseline,paired_ttest,-1.7685190342396895,0.1107649215697673,0.13899911726402173,-0.5592548233558727,-1.4,0.0024999999999977263,10,none
grid_5_moderate,completed_trips,vsl_and_routing_vs_baseline,vsl_and_routing,baseline,wilcoxon_signed_rank,4.0,0.08287906644281612,0.10608520504680463,-0.5592548233558727,-1.4,0.0024999999999977263,10,none
grid_5_moderate,completed_trips,combined_vs_baseline,combined,baseline,paired_ttest,-2.9999999999999996,0.014956363910414203,0.020553530772593753,-0.9486832980505138,-1.7,-0.4,10,none
grid_5_moderate,completed_trips,combined_vs_baseline,combined,baseline,wilcoxon_signed_rank,0.0,0.025596805385948558,0.03443654298169656,-0.9486832980505138,-1.7,-0.4,10,none
grid_5_moderate,completed_trips,signal_and_routing_vs_signal_only,signal_and_routing,signal_only,paired_ttest,-0.5570860145311557,0.5910512317836045,0.6521944626577707,-0.17616606585441108,-1.0,0.4,10,none
grid_5_moderate,completed_trips,signal_and_routing_vs_signal_only,signal_and_routing,signal_only,wilcoxon_signed_rank,4.0,0.7054569861112734,0.7656215128213102,-0.17616606585441108,-1.0,0.4,10,none
grid_5_moderate,completed_trips,signal_and_routing_vs_routing_only,signal_and_routing,routing_only,paired_ttest,-2.688774478590815,0.02484634444065555,0.03362888915230721,-0.8502651466878618,-1.2,-0.2,10,none
grid_5_moderate,completed_trips,signal_and_routing_vs_routing_only,signal_and_routing,routing_only,wilcoxon_signed_rank,0.0,0.03843393023678171,0.050642355135524134,-0.8502651466878618,-1.2,-0.2,10,none
grid_5_moderate,completed_trips,signal_and_routing_vs_combined,signal_and_routing,combined,paired_ttest,0.5570860145311556,0.5910512317836047,0.6521944626577707,0.17616606585441108,-0.2,0.4,10,none
grid_5_moderate,completed_trips,signal_and_routing_vs_combined,signal_and_routing,combined,wilcoxon_signed_rank,2.0,0.5637028616507731,0.628206174177976,0.17616606585441108,-0.2,0.4,10,none
grid_5_moderate,completed_trips,signal_only_vs_vsl_only,signal_only,vsl_only,paired_ttest,0.0,1.0,1.0,0.0,-0.4,0.6,10,none
grid_5_moderate,completed_trips,signal_only_vs_vsl_only,signal_only,vsl_only,wilcoxon_signed_rank,3.0,1.0,1.0,0.0,-0.4,0.6,10,none
grid_5_moderate,completed_trips,signal_only_vs_routing_only,signal_only,routing_only,paired_ttest,-1.3416407864998738,0.21257989232273586,0.25532383850022966,-0.4242640687119285,-1.3,0.2,10,none
grid_5_moderate,completed_trips,signal_only_vs_routing_only,signal_only,routing_only,wilcoxon_signed_rank,7.0,0.2059032107320684,0.24863783937457318,-0.4242640687119285,-1.3,0.2,10,none
grid_5_moderate,completed_trips,vsl_only_vs_routing_only,vsl_only,routing_only,paired_ttest,-1.3416407864998738,0.21257989232273586,0.25532383850022966,-0.4242640687119285,-1.3,0.2,10,none
grid_5_moderate,completed_trips,vsl_only_vs_routing_only,vsl_only,routing_only,wilcoxon_signed_rank,7.0,0.2059032107320684,0.24863783937457318,-0.4242640687119285,-1.3,0.2,10,none
grid_5_moderate,completed_trips,combined_vs_signal_only,combined,signal_only,paired_ttest,-0.8955334711889901,0.39382281469156155,0.45355429558308374,-0.2831925489873986,-1.0,0.2,10,none
grid_5_moderate,completed_trips,combined_vs_signal_only,combined,signal_only,wilcoxon_signed_rank,1.5,0.4142161782425252,0.47338991799145735,-0.2831925489873986,-1.0,0.2,10,none
grid_5_moderate,completed_trips,combined_vs_vsl_only,combined,vsl_only,paired_ttest,-1.4055638569974545,0.19342205960333228,0.23547033343014365,-0.4444783184923153,-0.7,0.1,10,none
grid_5_moderate,completed_trips,combined_vs_vsl_only,combined,vsl_only,wilcoxon_signed_rank,3.0,0.17971249487899976,0.22057862385148466,-0.4444783184923153,-0.7,0.1,10,none
grid_5_moderate,completed_trips,combined_vs_routing_only,combined,routing_only,paired_ttest,-2.449489742783178,0.03678749787978613,0.04904999717304817,-0.7745966692414833,-1.5,-0.3,10,none
grid_5_moderate,completed_trips,combined_vs_routing_only,combined,routing_only,wilcoxon_signed_rank,0.0,0.039359508888249725,0.051558654917941156,-0.7745966692414833,-1.5,-0.3,10,none
grid_5_moderate,avg_trip_duration,signal_only_vs_baseline,signal_only,baseline,paired_ttest,25.75683205221643,9.658197905739568e-10,1.2726096064033314e-08,8.145025459543291,120.73750650403096,140.59771823308034,10,none
grid_5_moderate,avg_trip_duration,signal_only_vs_baseline,signal_only,baseline,wilcoxon_signed_rank,0.0,0.001953125,0.002840909090909091,8.145025459543291,120.73750650403096,140.59771823308034,10,none
grid_5_moderate,avg_trip_duration,vsl_only_vs_baseline,vsl_only,baseline,paired_ttest,15.737076454265209,7.432223062956099e-08,4.06053162463943e-07,4.976500530768468,94.29130508387472,121.14160861561338,10,none
grid_5_moderate,avg_trip_duration,vsl_only_vs_baseline,vsl_only,baseline,wilcoxon_signed_rank,0.0,0.001953125,0.002840909090909091,4.976500530768468,94.29130508387472,121.14160861561338,10,none
grid_5_moderate,avg_trip_duration,routing_only_vs_baseline,routing_only,baseline,paired_ttest,-0.8703455915327054,0.40672617813067236,0.4660187411829698,-0.27522744207299077,-1.6656019950152474,0.5348315704722686,10,none
grid_5_moderate,avg_trip_duration,routing_only_vs_baseline,routing_only,baseline,wilcoxon_signed_rank,21.0,0.556640625,0.6218827930174563,-0.27522744207299077,-1.6656019950152474,0.5348315704722686,10,none
grid_5_moderate,avg_trip_duration,signal_and_routing_vs_baseline,signal_and_routing,baseline,paired_ttest,25.1038247079881,1.2134336762815664e-09,1.4692386134436264e-08,7.938526405885375,119.47715918187723,139.6492722768611,10,none
grid_5_moderate,avg_trip_duration,signal_and_routing_vs_baseline,signal_and_routing,baseline,wilcoxon_signed_rank,0.0,0.001953125,0.002840909090909091,7.938526405885375,119.47715918187723,139.6492722768611,10,none
grid_5_moderate,avg_trip_duration,signal_and_vsl_vs_baseline,signal_and_vsl,baseline,paired_ttest,73.66199025384756,7.920185215916818e-14,2.7613087027881077e-12,23.293966618328305,156.0413834600513,164.22851750686343,10,none
grid_5_moderate,avg_trip_duration,signal_and_vsl_vs_baseline,signal_and_vsl,baseline,wilcoxon_signed_rank,0.0,0.001953125,0.002840909090909091,23.293966618328305,156.0413834600513,164.22851750686343,10,none
grid_5_moderate,avg_trip_duration,vsl_and_routing_vs_baseline,vsl_and_routing,baseline,paired_ttest,15.960645571342853,6.572279076084412e-08,3.63503830380965e-07,5.047199293212288,93.81067405467361,119.89339510116531,10,none
grid_5_moderate,avg_trip_duration,vsl_and_routing_vs_baseline,vsl_and_routing,baseline,wilcoxon_signed_rank,0.0,0.001953125,0.002840909090909091,5.047199293212288,93.81067405467361,119.89339510116531,10,none
grid_5_moderate,avg_trip_duration,combined_vs_baseline,combined,baseline,paired_ttest,72.70136911772373,8.91178725327654e-14,2.8517719210484928e-12,22.990191542463304,155.64552270059704,164.01695993716314,10,none
grid_5_moderate,avg_trip_duration,combined_vs_baseline,combined,baseline,wilcoxon_signed_rank,0.0,0.001953125,0.002840909090909091,22.990191542463304,155.64552270059704,164.01695993716314,10,none
grid_5_moderate,avg_trip_duration,signal_and_routing_vs_signal_only,signal_and_routing,signal_only,paired_ttest,-0.883700391557229,0.3998481751216786,0.4593127755243897,-0.2794506006503475,-4.706359150118226,1.5861381570259812,10,none
grid_5_moderate,avg_trip_duration,signal_and_routing_vs_signal_only,signal_and_routing,signal_only,wilcoxon_signed_rank,15.0,0.232421875,0.2776666666666667,-0.2794506006503475,-4.706359150118226,1.5861381570259812,10,none
grid_5_moderate,avg_trip_duration,signal_and_routing_vs_routing_only,signal_and_routing,routing_only,paired_ttest,24.694227824808188,1.4043628340879145e-09,1.655669867556278e-08,7.809000498549933,120.2072945861686,140.25221372994457,10,none
grid_5_moderate,avg_trip_duration,signal_and_routing_vs_routing_only,signal_and_routing,routing_only,wilcoxon_signed_rank,0.0,0.001953125,0.002840909090909091,7.809000498549933,120.2072945861686,140.25221372994457,10,none
grid_5_moderate,avg_trip_duration,signal_and_routing_vs_combined,signal_and_routing,combined,paired_ttest,-7.919844587019979,2.398704831639016e-05,7.675855461244852e-05,-2.5044747609538742,-38.08285254297788,-23.132698387358932,10,none
grid_5_moderate,avg_trip_duration,signal_and_routing_vs_combined,signal_and_routing,combined,wilcoxon_signed_rank,0.0,0.001953125,0.002840909090909091,-2.5044747609538742,-38.08285254297788,-23.132698387358932,10,none
grid_5_moderate,avg_trip_duration,signal_only_vs_vsl_only,signal_only,vsl_only,paired_ttest,3.477873183153307,0.006961845342634353,0.00968604569409997,1.0998000671984394,11.086682508286968,38.083277016853565,10,none
grid_5_moderate,avg_trip_duration,signal_only_vs_vsl_only,signal_only,vsl_only,wilcoxon_signed_rank,4.0,0.013671875,0.018846153846153846,1.0998000671984394,11.086682508286968,38.083277016853565,10,none
grid_5_moderate,avg_trip_duration,signal_only_vs_routing_only,signal_only,routing_only,paired_ttest,25.336387957588205,1.1179697671377804e-09,1.431001301936359e-08,8.012069362764032,120.9912670246951,141.63757362528304,10,none
grid_5_moderate,avg_trip_duration,signal_only_vs_routing_only,signal_only,routing_only,wilcoxon_signed_rank,0.0,0.001953125,0.002840909090909091,8.012069362764032,120.9912670246951,141.63757362528304,10,none
grid_5_moderate,avg_trip_duration,vsl_only_vs_routing_only,vsl_only,routing_only,paired_ttest,16.526691060768446,4.848254519211806e-08,2.9699837629682434e-07,5.226198593797251,95.512462773104,121.0085299320796,10,none
grid_5_moderate,avg_trip_duration,vsl_only_vs_routing_only,vsl_only,routing_only,wilcoxon_signed_rank,0.0,0.001953125,0.002840909090909091,5.226198593797251,95.512462773104,121.0085299320796,10,none
grid_5_moderate,avg_trip_duration,combined_vs_signal_only,combined,signal_only,paired_ttest,7.13364959177382,5.4626887864771066e-05,0.0001711387815623597,2.2558580739535627,21.30754646983667,36.718532907862844,10,none
grid_5_moderate,avg_trip_duration,combined_vs_signal_only,combined,signal_only,wilcoxon_signed_rank,0.0,0.001953125,0.002840909090909091,2.2558580739535627,21.30754646983667,36.718532907862844,10,none
grid_5_moderate,avg_trip_duration,combined_vs_vsl_only,combined,vsl_only,paired_ttest,8.904157469363152,9.31877599765455e-06,3.0473077714957944e-05,2.8157418247988506,41.63636149582998,64.49396519465091,10,none
grid_5_moderate,avg_trip_duration,combined_vs_vsl_only,combined,vsl_only,wilcoxon_signed_rank,0.0,0.001953125,0.002840909090909091,2.8157418247988506,41.63636149582998,64.49396519465091,10,none
grid_5_moderate,avg_trip_duration,combined_vs_routing_only,combined,routing_only,paired_ttest,73.56683144444519,8.012726146483349e-14,2.7613087027881077e-12,23.263874760614165,156.30734865672713,164.48520771960224,10,none
grid_5_moderate,avg_trip_duration,combined_vs_routing_only,combined,routing_only,wilcoxon_signed_rank,0.0,0.001953125,0.002840909090909091,23.263874760614165,156.30734865672713,164.48520771960224,10,none
grid_5_moderate,avg_acceleration,signal_only_vs_baseline,signal_only,baseline,paired_ttest,-10.459265140931226,2.4593387761498058e-06,9.580728449696635e-06,-3.3075100496944687,-0.6497086899175016,-0.45209198645532794,10,none
grid_5_moderate,avg_acceleration,signal_only_vs_baseline,signal_only,baseline,wilcoxon_signed_rank,0.0,0.001953125,0.002840909090909091,-3.3075100496944687,-0.6497086899175016,-0.45209198645532794,10,none
grid_5_moderate,avg_acceleration,vsl_only_vs_baseline,vsl_only,baseline,paired_ttest,-12.344037256552028,6.050049647941957e-07,2.737800244725249e-06,-3.903527325268065,-0.6551817593200866,-0.48259397922808894,10,none
grid_5_moderate,avg_acceleration,vsl_only_vs_baseline,vsl_only,baseline,wilcoxon_signed_rank,0.0,0.001953125,0.002840909090909091,-3.903527325268065,-0.6551817593200866,-0.48259397922808894,10,none
grid_5_moderate,avg_acceleration,routing_only_vs_baseline,routing_only,baseline,paired_ttest,-0.41225165024542026,0.6898013294771,0.7574289107983845,-0.13036541839386406,-0.1182018608425946,0.0659661364865853,10,none
grid_5_moderate,avg_acceleration,routing_only_vs_baseline,routing_only,baseline,wilcoxon_signed_rank,24.0,0.76953125,0.8227923627684964,-0.13036541839386406,-0.1182018608425946,0.0659661364865853,10,none
grid_5_moderate,avg_acceleration,signal_and_routing_vs_baseline,signal_and_routing,baseline,paired_ttest,-10.743274140031781,1.9641150675418043e-06,7.999305002352075e-06,-3.397321581008716,-0.6518343083377159,-0.46018141775100846,10,none
grid_5_moderate,avg_acceleration,signal_and_routing_vs_baseline,signal_and_routing,baseline,wilcoxon_signed_rank,0.0,0.001953125,0.002840909090909091,-3.397321581008716,-0.6518343083377159,-0.46018141775100846,10,none
grid_5_moderate,avg_acceleration,signal_and_vsl_vs_baseline,signal_and_vsl,baseline,paired_ttest,-12.052993905694501,7.416159996761556e-07,3.2895442361873044e-06,-3.8114913366123346,-0.6342074113467399,-0.4624956771532816,10,none
grid_5_moderate,avg_acceleration,signal_and_vsl_vs_baseline,signal_and_vsl,baseline,wilcoxon_signed_rank,0.0,0.001953125,0.002840909090909091,-3.8114913366123346,-0.6342074113467399,-0.4624956771532816,10,none
grid_5_moderate,avg_acceleration,vsl_and_routing_vs_baseline,vsl_and_routing,baseline,paired_ttest,-13.633226106982228,2.578951939903532e-07,1.2837449656408692e-06,-4.311204635413422,-0.652178432568717,-0.4941173937843862,10,none
grid_5_moderate,avg_acceleration,vsl_and_routing_vs_baseline,vsl_and_routing,baseline,wilcoxon_signed_rank,0.0,0.001953125,0.002840909090909091,-4.311204635413422,-0.652178432568717,-0.4941173937843862,10,none
grid_5_moderate,avg_acceleration,combined_vs_baseline,combined,baseline,paired_ttest,-12.032892072517498,7.522401061314588e-07,3.3039565445773876e-06,-3.8051345788139277,-0.6289055666872683,-0.45661585057295384,10,none
grid_5_moderate,avg_acceleration,combined_vs_baseline,combined,baseline,wilcoxon_signed_rank,0.0,0.001953125,0.002840909090909091,-3.8051345788139277,-0.6289055666872683,-0.45661585057295384,10,none
grid_5_moderate,avg_acceleration,signal_and_routing_vs_signal_only,signal_and_routing,signal_only,paired_ttest,-0.13315162281765033,0.8970031160301194,0.9522687108566197,-0.04210624022514219,-0.05860248523184269,0.039147427120693835,10,none
grid_5_moderate,avg_acceleration,signal_and_routing_vs_signal_only,signal_and_routing,signal_only,wilcoxon_signed_rank,25.0,0.845703125,0.8999406175771971,-0.04210624022514219,-0.05860248523184269,0.039147427120693835,10,none
grid_5_moderate,avg_acceleration,signal_and_routing_vs_routing_only,signal_and_routing,routing_only,paired_ttest,-15.244848083201656,9.800354069971671e-08,5.165363086290951e-07,-4.820844252616933,-0.5981177619642304,-0.47346819237314974,10,none
grid_5_moderate,avg_acceleration,signal_and_routing_vs_routing_only,signal_and_routing,routing_only,wilcoxon_signed_rank,0.0,0.001953125,0.002840909090909091,-4.820844252616933,-0.5981177619642304,-0.47346819237314974,10,none
grid_5_moderate,avg_acceleration,signal_and_routing_vs_combined,signal_and_routing,combined,paired_ttest,-0.8268844249268127,0.429679553343413,0.48955696202531646,-0.26148381444872376,-0.040276021722878544,0.01444483724373382,10,none
grid_5_moderate,avg_acceleration,signal_and_routing_vs_combined,signal_and_routing,combined,wilcoxon_signed_rank,20.0,0.4921875,0.5521882782982408,-0.26148381444872376,-0.040276021722878544,0.01444483724373382,10,none
grid_5_moderate,avg_acceleration,signal_only_vs_vsl_only,signal_only,vsl_only,paired_ttest,0.7422011777217562,0.47688786795857574,0.5395095071854594,0.2347046203660171,-0.02961591481554908,0.07551432863432762,10,none
grid_5_moderate,avg_acceleration,signal_only_vs_vsl_only,signal_only,vsl_only,wilcoxon_signed_rank,26.0,0.921875,0.971764705882353,0.2347046203660171,-0.02961591481554908,0.07551432863432762,10,none
grid_5_moderate,avg_acceleration,signal_only_vs_routing_only,signal_only,routing_only,paired_ttest,-15.59888034543887,8.025745519525707e-08,4.331968665960863e-07,-4.932799084002095,-0.5876339164320121,-0.4681179174708771,10,none
grid_5_moderate,avg_acceleration,signal_only_vs_routing_only,signal_only,routing_only,wilcoxon_signed_rank,0.0,0.001953125,0.002840909090909091,-4.932799084002095,-0.5876339164320121,-0.4681179174708771,10,none
grid_5_moderate,avg_acceleration,vsl_only_vs_routing_only,vsl_only,routing_only,paired_ttest,-21.910632587785948,4.054838346683964e-09,4.325160903129561e-08,-6.928750395251278,-0.5983695725917387,-0.5041984682282161,10,none
grid_5_moderate,avg_acceleration,vsl_only_vs_routing_only,vsl_only,routing_only,wilcoxon_signed_rank,0.0,0.001953125,0.002840909090909091,-6.928750395251278,-0.5983695725917387,-0.5041984682282161,10,none
grid_5_moderate,avg_acceleration,combined_vs_signal_only,combined,signal_only,paired_ttest,0.38971746958447506,0.7058073321321453,0.7656215128213102,0.12323948478443356,-0.040024457765013795,0.048999777393563995,10,none
grid_5_moderate,avg_acceleration,combined_vs_signal_only,combined,signal_only,wilcoxon_signed_rank,19.0,0.431640625,0.48955696202531646,0.12323948478443356,-0.040024457765013795,0.048999777393563995,10,none
grid_5_moderate,avg_acceleration,combined_vs_vsl_only,combined,vsl_only,paired_ttest,3.6860963534544133,0.005027714956525502,0.00710541419723478,1.1656460151757018,0.014421826728534707,0.04381300447462462,10,none
grid_5_moderate,avg_acceleration,combined_vs_vsl_only,combined,vsl_only,wilcoxon_signed_rank,3.0,0.009765625,0.013544891640866873,1.1656460151757018,0.014421826728534707,0.04381300447462462,10,none
grid_5_moderate,avg_acceleration,combined_vs_routing_only,combined,routing_only,paired_ttest,-22.424483192659252,3.3025392707983537e-09,3.682585823814323e-08,-7.091244224096765,-0.5641145217592647,-0.47917526735569066,10,none
grid_5_moderate,avg_acceleration,combined_vs_routing_only,combined,routing_only,wilcoxon_signed_rank,0.0,0.001953125,0.002840909090909091,-7.091244224096765,-0.5641145217592647,-0.47917526735569066,10,none
grid_5_moderate,total_stops,signal_only_vs_baseline,signal_only,baseline,paired_ttest,12.270167225467517,6.368283766848051e-07,2.852991127547927e-06,3.880167570362616,229.28500000000003,314.615,10,none
grid_5_moderate,total_stops,signal_only_vs_baseline,signal_only,baseline,wilcoxon_signed_rank,0.0,0.001953125,0.002840909090909091,3.880167570362616,229.28500000000003,314.615,10,none
grid_5_moderate,total_stops,vsl_only_vs_baseline,vsl_only,baseline,paired_ttest,11.955266766123495,7.948735155995301e-07,3.3914603332246616e-06,3.780587301586579,36.5,48.902499999999996,10,none
grid_5_moderate,total_stops,vsl_only_vs_baseline,vsl_only,baseline,wilcoxon_signed_rank,0.0,0.001953125,0.002840909090909091,3.780587301586579,36.5,48.902499999999996,10,none
grid_5_moderate,total_stops,routing_only_vs_baseline,routing_only,baseline,paired_ttest,0.9266376011236834,0.3782936867429465,0.43679271046608253,0.2930285385105442,-0.7024999999999977,2.8,10,none
grid_5_moderate,total_stops,routing_only_vs_baseline,routing_only,baseline,wilcoxon_signed_rank,15.0,0.3683117481993875,0.42747063003452224,0.2930285385105442,-0.7024999999999977,2.8,10,none
grid_5_moderate,total_stops,signal_and_routing_vs_baseline,signal_and_routing,baseline,paired_ttest,13.30734438817946,3.176450855941152e-07,1.5637911906171827e-06,4.208151787490696,225.9975,301.3025,10,none
grid_5_moderate,total_stops,signal_and_routing_vs_baseline,signal_and_routing,baseline,wilcoxon_signed_rank,0.0,0.001953125,0.002840909090909091,4.208151787490696,225.9975,301.3025,10,none
grid_5_moderate,total_stops,signal_and_vsl_vs_baseline,signal_and_vsl,baseline,paired_ttest,11.880709153711496,8.383481976958523e-07,3.510093388483568e-06,3.7570101143739834,169.4,233.9075,10,none
grid_5_moderate,total_stops,signal_and_vsl_vs_baseline,signal_and_vsl,baseline,wilcoxon_signed_rank,0.0,0.001953125,0.002840909090909091,3.7570101143739834,169.4,233.9075,10,none
grid_5_moderate,total_stops,vsl_and_routing_vs_baseline,vsl_and_routing,baseline,paired_ttest,12.625019740169403,4.990632602251737e-07,2.281432046743651e-06,3.9923817883522505,39.197500000000005,51.904999999999994,10,none
grid_5_moderate,total_stops,vsl_and_routing_vs_baseline,vsl_and_routing,baseline,wilcoxon_signed_rank,0.0,0.001953125,0.002840909090909091,3.9923817883522505,39.197500000000005,51.904999999999994,10,none
grid_5_moderate,total_stops,combined_vs_baseline,combined,baseline,paired_ttest,13.204918503555858,3.394724590341322e-07,1.6530832787749047e-06,4.1757618788138755,180.3925,239.9175,10,none
grid_5_moderate,total_stops,combined_vs_baseline,combined,baseline,wilcoxon_signed_rank,0.0,0.001953125,0.002840909090909091,4.1757618788138755,180.3925,239.9175,10,none
grid_5_moderate,total_stops,signal_and_routing_vs_signal_only,signal_and_routing,signal_only,paired_ttest,-1.3637769374590798,0.2057703579611247,0.24863783937457318,-0.4312641342779697,-19.1,2.9024999999999976,10,none
grid_5_moderate,total_stops,signal_and_routing_vs_signal_only,signal_and_routing,signal_only,wilcoxon_signed_rank,14.0,0.193359375,0.23547033343014365,-0.4312641342779697,-19.1,2.9024999999999976,10,none
grid_5_moderate,total_stops,signal_and_routing_vs_routing_only,signal_and_routing,routing_only,paired_ttest,12.942555728892362,4.033439139816371e-07,1.8822715985809732e-06,4.092795484696059,224.6875,301.105,10,none
grid_5_moderate,total_stops,signal_and_routing_vs_routing_only,signal_and_routing,routing_only,wilcoxon_signed_rank,0.0,0.001953125,0.002840909090909091,4.092795484696059,224.6875,301.105,10,none
grid_5_moderate,total_stops,signal_and_routing_vs_combined,signal_and_routing,combined,paired_ttest,3.7001553824262814,0.004919378363692466,0.006974308566247547,1.1700918704998415,28.1,85.10999999999999,10,none
grid_5_moderate,total_stops,signal_and_routing_vs_combined,signal_and_routing,combined,wilcoxon_signed_rank,1.0,0.00390625,0.005555555555555556,1.1700918704998415,28.1,85.10999999999999,10,none
grid_5_moderate,total_stops,signal_only_vs_vsl_only,signal_only,vsl_only,paired_ttest,10.027841106773897,3.4963651343364432e-06,1.2945219670931624e-05,3.171081791166925,186.47500000000002,273.4,10,none
grid_5_moderate,total_stops,signal_only_vs_vsl_only,signal_only,vsl_only,wilcoxon_signed_rank,0.0,0.001953125,0.002840909090909091,3.171081791166925,186.47500000000002,273.4,10,none
grid_5_moderate,total_stops,signal_only_vs_routing_only,signal_only,routing_only,paired_ttest,11.996677939040822,7.718067724162875e-07,3.324706096562469e-06,3.793682664286363,227.78500000000003,314.2025,10,none
grid_5_moderate,total_stops,signal_only_vs_routing_only,signal_only,routing_only,wilcoxon_signed_rank,0.0,0.001953125,0.002840909090909091,3.793682664286363,227.78500000000003,314.2025,10,none
grid_5_moderate,total_stops,vsl_only_vs_routing_only,vsl_only,routing_only,paired_ttest,11.91532967469937,8.178426021393946e-07,3.456542318475932e-06,3.767958084384318,35.697500000000005,48.2025,10,none
grid_5_moderate,total_stops,vsl_only_vs_routing_only,vsl_only,routing_only,wilcoxon_signed_rank,0.0,0.001953125,0.002840909090909091,3.767958084384318,35.697500000000005,48.2025,10,none
grid_5_moderate,total_stops,combined_vs_signal_only,combined,signal_only,paired_ttest,-3.62500354669795,0.005528481183887316,0.00776413658426808,-1.146326773375407,-100.60999999999999,-30.695000000000004,10,none
grid_5_moderate,total_stops,combined_vs_signal_only,combined,signal_only,wilcoxon_signed_rank,1.0,0.00390625,0.005555555555555556,-1.146326773375407,-100.60999999999999,-30.695000000000004,10,none
grid_5_moderate,total_stops,combined_vs_vsl_only,combined,vsl_only,paired_ttest,11.417102189002298,1.1754182712508652e-06,4.831076931379703e-06,3.6104047196141464,140.1975,193.61249999999998,10,none
grid_5_moderate,total_stops,combined_vs_vsl_only,combined,vsl_only,wilcoxon_signed_rank,0.0,0.001953125,0.002840909090909091,3.6104047196141464,140.1975,193.61249999999998,10,none
grid_5_moderate,total_stops,combined_vs_routing_only,combined,routing_only,paired_ttest,12.698213144902578,4.7495600256015333e-07,2.1936112283190584e-06,4.015527575218189,178.3975,240.6025,10,none
grid_5_moderate,total_stops,combined_vs_routing_only,combined,routing_only,wilcoxon_signed_rank,0.0,0.001953125,0.002840909090909091,4.015527575218189,178.3975,240.6025,10,none
grid_5_moderate,predicted_congestion,signal_only_vs_baseline,signal_only,baseline,paired_ttest,16.39244909277296,5.206330721063864e-08,3.068994951363962e-07,5.183747556152335,0.09837034590197809,0.12471060554349811,10,none
grid_5_moderate,predicted_congestion,signal_only_vs_baseline,signal_only,baseline,wilcoxon_signed_rank,0.0,0.001953125,0.002840909090909091,5.183747556152335,0.09837034590197809,0.12471060554349811,10,none
grid_5_moderate,predicted_congestion,vsl_only_vs_baseline,vsl_only,baseline,paired_ttest,30.626664801789715,2.0654117350488247e-10,3.084348191006245e-09,9.685001790816484,0.1641093905396725,0.18579709691751764,10,none
grid_5_moderate,predicted_congestion,vsl_only_vs_baseline,vsl_only,baseline,wilcoxon_signed_rank,0.0,0.001953125,0.002840909090909091,9.685001790816484,0.1641093905396725,0.18579709691751764,10,none
grid_5_moderate,predicted_congestion,routing_only_vs_baseline,routing_only,baseline,paired_ttest,0.5902459754287956,0.5695472930547165,0.6331443853312978,0.18665216621027747,-0.004276263289961488,0.009176291568387299,10,none
grid_5_moderate,predicted_congestion,routing_only_vs_baseline,routing_only,baseline,wilcoxon_signed_rank,23.0,0.6953125,0.7579075425790754,0.18665216621027747,-0.004276263289961488,0.009176291568387299,10,none
grid_5_moderate,predicted_congestion,signal_and_routing_vs_baseline,signal_and_routing,baseline,paired_ttest,16.50439949205666,4.9057767513314735e-08,2.9699837629682434e-07,5.219149380822512,0.10718758047346298,0.13509054162793976,10,none
grid_5_moderate,predicted_congestion,signal_and_routing_vs_baseline,signal_and_routing,baseline,wilcoxon_signed_rank,0.0,0.001953125,0.002840909090909091,5.219149380822512,0.10718758047346298,0.13509054162793976,10,none
grid_5_moderate,predicted_congestion,signal_and_vsl_vs_baseline,signal_and_vsl,baseline,paired_ttest,36.43002202737661,4.382557996512505e-11,7.551484547836932e-10,11.520184481661502,0.19392127085453442,0.21340770886794472,10,none
grid_5_moderate,predicted_congestion,signal_and_vsl_vs_baseline,signal_and_vsl,baseline,wilcoxon_signed_rank,0.0,0.001953125,0.002840909090909091,11.520184481661502,0.19392127085453442,0.21340770886794472,10,none
grid_5_moderate,predicted_congestion,vsl_and_routing_vs_baseline,vsl_and_routing,baseline,paired_ttest,31.533919131132592,1.5916971347488805e-10,2.4588976426465467e-09,9.971900800593687,0.1618417702827346,0.1825923870217543,10,none
grid_5_moderate,predicted_congestion,vsl_and_routing_vs_baseline,vsl_and_routing,baseline,wilcoxon_signed_rank,0.0,0.001953125,0.002840909090909091,9.971900800593687,0.1618417702827346,0.1825923870217543,10,none
grid_5_moderate,predicted_congestion,combined_vs_baseline,combined,baseline,paired_ttest,38.9668636935075,2.399450241396835e-11,4.478973783940759e-10,12.322404254480507,0.19796492072615807,0.216672142718593,10,none
grid_5_moderate,predicted_congestion,combined_vs_baseline,combined,baseline,wilcoxon_signed_rank,0.0,0.001953125,0.002840909090909091,12.322404254480507,0.19796492072615807,0.216672142718593,10,none
grid_5_moderate,predicted_congestion,signal_and_routing_vs_signal_only,signal_and_routing,signal_only,paired_ttest,3.882253612971067,0.0037186027291425464,0.005356701037478652,1.2276763871406384,0.005492087854609695,0.01486994139656874,10,none
grid_5_moderate,predicted_congestion,signal_and_routing_vs_signal_only,signal_and_routing,signal_only,wilcoxon_signed_rank,1.0,0.00390625,0.005555555555555556,1.2276763871406384,0.005492087854609695,0.01486994139656874,10,none
grid_5_moderate,predicted_congestion,signal_and_routing_vs_routing_only,signal_and_routing,routing_only,paired_ttest,14.778181132151973,1.2838498026799413e-07,6.687961762797834e-07,4.673271205212603,0.10284184596478171,0.1340477302010431,10,none
grid_5_moderate,predicted_congestion,signal_and_routing_vs_routing_only,signal_and_routing,routing_only,wilcoxon_signed_rank,0.0,0.001953125,0.002840909090909091,4.673271205212603,0.10284184596478171,0.1340477302010431,10,none
grid_5_moderate,predicted_congestion,signal_and_routing_vs_combined,signal_and_routing,combined,paired_ttest,-10.685899815398715,2.0545288816799125e-06,8.292152603536944e-06,-3.3791782265032757,-0.10091972950456499,-0.07189055718764732,10,none
grid_5_moderate,predicted_congestion,signal_and_routing_vs_combined,signal_and_routing,combined,wilcoxon_signed_rank,0.0,0.001953125,0.002840909090909091,-3.3791782265032757,-0.10091972950456499,-0.07189055718764732,10,none
grid_5_moderate,predicted_congestion,signal_only_vs_vsl_only,signal_only,vsl_only,paired_ttest,-8.571315941935502,1.2704631375269394e-05,4.1244020696526734e-05,-2.7104880921427728,-0.07711328984844984,-0.04885043396126413,10,none
grid_5_moderate,predicted_congestion,signal_only_vs_vsl_only,signal_only,vsl_only,wilcoxon_signed_rank,0.0,0.001953125,0.002840909090909091,-2.7104880921427728,-0.07711328984844984,-0.04885043396126413,10,none
grid_5_moderate,predicted_congestion,signal_only_vs_routing_only,signal_only,routing_only,paired_ttest,14.314376141338812,1.692481576501783e-07,8.616269844009077e-07,4.526603189100297,0.09353351701023854,0.12370405034888936,10,none
grid_5_moderate,predicted_congestion,signal_only_vs_routing_only,signal_only,routing_only,wilcoxon_signed_rank,0.0,0.001953125,0.002840909090909091,4.526603189100297,0.09353351701023854,0.12370405034888936,10,none
grid_5_moderate,predicted_congestion,vsl_only_vs_routing_only,vsl_only,routing_only,paired_ttest,26.661161980640806,7.105641468805855e-10,9.892999848285523e-09,8.430999692551097,0.15982624338653956,0.18392486270211367,10,none
grid_5_moderate,predicted_congestion,vsl_only_vs_routing_only,vsl_only,routing_only,wilcoxon_signed_rank,0.0,0.001953125,0.002840909090909091,8.430999692551097,0.15982624338653956,0.18392486270211367,10,none
grid_5_moderate,predicted_congestion,combined_vs_signal_only,combined,signal_only,paired_ttest,13.019624362046539,3.833012375702515e-07,1.807567941383923e-06,4.117166726388375,0.08336414223147873,0.10990643311122139,10,none
grid_5_moderate,predicted_congestion,combined_vs_signal_only,combined,signal_only,wilcoxon_signed_rank,0.0,0.001953125,0.002840909090909091,4.117166726388375,0.08336414223147873,0.10990643311122139,10,none
grid_5_moderate,predicted_congestion,combined_vs_vsl_only,combined,vsl_only,paired_ttest,4.0802016192450585,0.0027571797112295976,0.003984569389131805,1.2902730429521496,0.01794855476116377,0.04792302437882073,10,none
grid_5_moderate,predicted_congestion,combined_vs_vsl_only,combined,vsl_only,wilcoxon_signed_rank,0.0,0.001953125,0.002840909090909091,1.2902730429521496,0.01794855476116377,0.04792302437882073,10,none
grid_5_moderate,predicted_congestion,combined_vs_routing_only,combined,routing_only,paired_ttest,37.62547174346959,3.283020469173253e-11,5.88317268075847e-10,11.898218874767048,0.19556611025424817,0.2146518026730473,10,none
grid_5_moderate,predicted_congestion,combined_vs_routing_only,combined,routing_only,wilcoxon_signed_rank,0.0,0.001953125,0.002840909090909091,11.898218874767048,0.19556611025424817,0.2146518026730473,10,none
grid_5_moderate,vsl_activations,signal_only_vs_baseline,signal_only,baseline,paired_ttest,0.0,1.0,1.0,0.0,0.0,0.0,10,none
grid_5_moderate,vsl_activations,signal_only_vs_baseline,signal_only,baseline,wilcoxon_signed_rank,0.0,1.0,1.0,0.0,0.0,0.0,10,none
grid_5_moderate,vsl_activations,vsl_only_vs_baseline,vsl_only,baseline,paired_ttest,69.04621323167997,1.4166453257959177e-13,3.733277093862183e-12,21.8343297621764,596.6,630.4025,10,none
grid_5_moderate,vsl_activations,vsl_only_vs_baseline,vsl_only,baseline,wilcoxon_signed_rank,0.0,0.001953125,0.002840909090909091,21.8343297621764,596.6,630.4025,10,none
grid_5_moderate,vsl_activations,routing_only_vs_baseline,routing_only,baseline,paired_ttest,0.0,1.0,1.0,0.0,0.0,0.0,10,none
grid_5_moderate,vsl_activations,routing_only_vs_baseline,routing_only,baseline,wilcoxon_signed_rank,0.0,1.0,1.0,0.0,0.0,0.0,10,none
grid_5_moderate,vsl_activations,signal_and_routing_vs_baseline,signal_and_routing,baseline,paired_ttest,0.0,1.0,1.0,0.0,0.0,0.0,10,none
grid_5_moderate,vsl_activations,signal_and_routing_vs_baseline,signal_and_routing,baseline,wilcoxon_signed_rank,0.0,1.0,1.0,0.0,0.0,0.0,10,none
grid_5_moderate,vsl_activations,signal_and_vsl_vs_baseline,signal_and_vsl,baseline,paired_ttest,101.08626950285982,4.603383656626289e-15,5.741344952883774e-13,31.966285179865377,689.2,713.7025,10,none
grid_5_moderate,vsl_activations,signal_and_vsl_vs_baseline,signal_and_vsl,baseline,wilcoxon_signed_rank,0.0,0.001953125,0.002840909090909091,31.966285179865377,689.2,713.7025,10,none
grid_5_moderate,vsl_activations,vsl_and_routing_vs_baseline,vsl_and_routing,baseline,paired_ttest,66.26287169713956,2.0502202058014528e-13,5.102770289994727e-12,20.954159886646803,595.295,630.21,10,none
grid_5_moderate,vsl_activations,vsl_and_routing_vs_baseline,vsl_and_routing,baseline,wilcoxon_signed_rank,0.0,0.001953125,0.002840909090909091,20.954159886646803,595.295,630.21,10,none
grid_5_moderate,vsl_activations,combined_vs_baseline,combined,baseline,paired_ttest,97.43616744470394,6.407751063486355e-15,5.741344952883774e-13,30.81202156028128,687.9975,713.005,10,none
grid_5_moderate,vsl_activations,combined_vs_baseline,combined,baseline,wilcoxon_signed_rank,0.0,0.001953125,0.002840909090909091,30.81202156028128,687.9975,713.005,10,none
grid_5_moderate,vsl_activations,signal_and_routing_vs_signal_only,signal_and_routing,signal_only,paired_ttest,0.0,1.0,1.0,0.0,0.0,0.0,10,none
grid_5_moderate,vsl_activations,signal_and_routing_vs_signal_only,signal_and_routing,signal_only,wilcoxon_signed_rank,0.0,1.0,1.0,0.0,0.0,0.0,10,none
grid_5_moderate,vsl_activations,signal_and_routing_vs_routing_only,signal_and_routing,routing_only,paired_ttest,0.0,1.0,1.0,0.0,0.0,0.0,10,none
grid_5_moderate,vsl_activations,signal_and_routing_vs_routing_only,signal_and_routing,routing_only,wilcoxon_signed_rank,0.0,1.0,1.0,0.0,0.0,0.0,10,none
grid_5_moderate,vsl_activations,signal_and_routing_vs_combined,signal_and_routing,combined,paired_ttest,-97.43616744470394,6.407751063486355e-15,5.741344952883774e-13,-30.81202156028128,-713.005,-687.9975,10,none
grid_5_moderate,vsl_activations,signal_and_routing_vs_combined,signal_and_routing,combined,wilcoxon_signed_rank,0.0,0.001953125,0.002840909090909091,-30.81202156028128,-713.005,-687.9975,10,none
grid_5_moderate,vsl_activations,signal_only_vs_vsl_only,signal_only,vsl_only,paired_ttest,-69.04621323167997,1.4166453257959177e-13,3.733277093862183e-12,-21.8343297621764,-630.4025,-596.6,10,none
grid_5_moderate,vsl_activations,signal_only_vs_vsl_only,signal_only,vsl_only,wilcoxon_signed_rank,0.0,0.001953125,0.002840909090909091,-21.8343297621764,-630.4025,-596.6,10,none
grid_5_moderate,vsl_activations,signal_only_vs_routing_only,signal_only,routing_only,paired_ttest,0.0,1.0,1.0,0.0,0.0,0.0,10,none
grid_5_moderate,vsl_activations,signal_only_vs_routing_only,signal_only,routing_only,wilcoxon_signed_rank,0.0,1.0,1.0,0.0,0.0,0.0,10,none
grid_5_moderate,vsl_activations,vsl_only_vs_routing_only,vsl_only,routing_only,paired_ttest,69.04621323167997,1.4166453257959177e-13,3.733277093862183e-12,21.8343297621764,596.6,630.4025,10,none
grid_5_moderate,vsl_activations,vsl_only_vs_routing_only,vsl_only,routing_only,wilcoxon_signed_rank,0.0,0.001953125,0.002840909090909091,21.8343297621764,596.6,630.4025,10,none
grid_5_moderate,vsl_activations,combined_vs_signal_only,combined,signal_only,paired_ttest,97.43616744470394,6.407751063486355e-15,5.741344952883774e-13,30.81202156028128,687.9975,713.005,10,none
grid_5_moderate,vsl_activations,combined_vs_signal_only,combined,signal_only,wilcoxon_signed_rank,0.0,0.001953125,0.002840909090909091,30.81202156028128,687.9975,713.005,10,none
grid_5_moderate,vsl_activations,combined_vs_vsl_only,combined,vsl_only,paired_ttest,9.090027198191091,7.869826050727328e-06,2.6508887749818367e-05,2.874518993916266,67.7975,101.505,10,none
grid_5_moderate,vsl_activations,combined_vs_vsl_only,combined,vsl_only,wilcoxon_signed_rank,0.0,0.001953125,0.002840909090909091,2.874518993916266,67.7975,101.505,10,none
grid_5_moderate,vsl_activations,combined_vs_routing_only,combined,routing_only,paired_ttest,97.43616744470394,6.407751063486355e-15,5.741344952883774e-13,30.81202156028128,687.9975,713.005,10,none
grid_5_moderate,vsl_activations,combined_vs_routing_only,combined,routing_only,wilcoxon_signed_rank,0.0,0.001953125,0.002840909090909091,30.81202156028128,687.9975,713.005,10,none
grid_5_moderate,routing_reroutes,signal_only_vs_baseline,signal_only,baseline,paired_ttest,0.0,1.0,1.0,0.0,0.0,0.0,10,none
grid_5_moderate,routing_reroutes,signal_only_vs_baseline,signal_only,baseline,wilcoxon_signed_rank,0.0,1.0,1.0,0.0,0.0,0.0,10,none
grid_5_moderate,routing_reroutes,vsl_only_vs_baseline,vsl_only,baseline,paired_ttest,0.0,1.0,1.0,0.0,0.0,0.0,10,none
grid_5_moderate,routing_reroutes,vsl_only_vs_baseline,vsl_only,baseline,wilcoxon_signed_rank,0.0,1.0,1.0,0.0,0.0,0.0,10,none
grid_5_moderate,routing_reroutes,routing_only_vs_baseline,routing_only,baseline,paired_ttest,1.6550318531021113,0.1323029609339768,0.16328299310859948,0.5233670255931882,0.0,1.6,10,none
grid_5_moderate,routing_reroutes,routing_only_vs_baseline,routing_only,baseline,wilcoxon_signed_rank,0.0,0.10880943004054569,0.13731443565680132,0.5233670255931882,0.0,1.6,10,none
grid_5_moderate,routing_reroutes,signal_and_routing_vs_baseline,signal_and_routing,baseline,paired_ttest,18.902820609017187,1.4925464365702765e-08,1.1339177140075326e-07,5.977596732606549,1348.3975,1646.8774999999998,10,none
grid_5_moderate,routing_reroutes,signal_and_routing_vs_baseline,signal_and_routing,baseline,wilcoxon_signed_rank,0.0,0.001953125,0.002840909090909091,5.977596732606549,1348.3975,1646.8774999999998,10,none
grid_5_moderate,routing_reroutes,signal_and_vsl_vs_baseline,signal_and_vsl,baseline,paired_ttest,0.0,1.0,1.0,0.0,0.0,0.0,10,none
grid_5_moderate,routing_reroutes,signal_and_vsl_vs_baseline,signal_and_vsl,baseline,wilcoxon_signed_rank,0.0,1.0,1.0,0.0,0.0,0.0,10,none
grid_5_moderate,routing_reroutes,vsl_and_routing_vs_baseline,vsl_and_routing,baseline,paired_ttest,9.95481326988599,3.71565311955097e-06,1.3557250858224609e-05,3.14798836145082,121.5975,176.6,10,none
grid_5_moderate,routing_reroutes,vsl_and_routing_vs_baseline,vsl_and_routing,baseline,wilcoxon_signed_rank,0.0,0.001953125,0.002840909090909091,3.14798836145082,121.5975,176.6,10,none
grid_5_moderate,routing_reroutes,combined_vs_baseline,combined,baseline,paired_ttest,10.036758969438372,3.470578729632192e-06,1.2945219670931624e-05,3.1739018669549566,94.9975,138.81,10,none
grid_5_moderate,routing_reroutes,combined_vs_baseline,combined,baseline,wilcoxon_signed_rank,0.0,0.001953125,0.002840909090909091,3.1739018669549566,94.9975,138.81,10,none
grid_5_moderate,routing_reroutes,signal_and_routing_vs_signal_only,signal_and_routing,signal_only,paired_ttest,18.902820609017187,1.4925464365702765e-08,1.1339177140075326e-07,5.977596732606549,1348.3975,1646.8774999999998,10,none
grid_5_moderate,routing_reroutes,signal_and_routing_vs_signal_only,signal_and_routing,signal_only,wilcoxon_signed_rank,0.0,0.001953125,0.002840909090909091,5.977596732606549,1348.3975,1646.8774999999998,10,none
grid_5_moderate,routing_reroutes,signal_and_routing_vs_routing_only,signal_and_routing,routing_only,paired_ttest,18.929687618570128,1.4740092506058988e-08,1.1339177140075326e-07,5.986092827017028,1348.2,1646.4675,10,none
grid_5_moderate,routing_reroutes,signal_and_routing_vs_routing_only,signal_and_routing,routing_only,wilcoxon_signed_rank,0.0,0.001953125,0.002840909090909091,5.986092827017028,1348.2,1646.4675,10,none
grid_5_moderate,routing_reroutes,signal_and_routing_vs_combined,signal_and_routing,combined,paired_ttest,19.188859287826944,1.3077282744009785e-08,1.0849301239474784e-07,6.0680501050009665,1247.5,1521.2025,10,none
grid_5_moderate,routing_reroutes,signal_and_routing_vs_combined,signal_and_routing,combined,wilcoxon_signed_rank,0.0,0.001953125,0.002840909090909091,6.0680501050009665,1247.5,1521.2025,10,none
grid_5_moderate,routing_reroutes,signal_only_vs_vsl_only,signal_only,vsl_only,paired_ttest,0.0,1.0,1.0,0.0,0.0,0.0,10,none
grid_5_moderate,routing_reroutes,signal_only_vs_vsl_only,signal_only,vsl_only,wilcoxon_signed_rank,0.0,1.0,1.0,0.0,0.0,0.0,10,none
grid_5_moderate,routing_reroutes,signal_only_vs_routing_only,signal_only,routing_only,paired_ttest,-1.6550318531021113,0.1323029609339768,0.16328299310859948,-0.5233670255931882,-1.6,0.0,10,none
grid_5_moderate,routing_reroutes,signal_only_vs_routing_only,signal_only,routing_only,wilcoxon_signed_rank,0.0,0.10880943004054569,0.13731443565680132,-0.5233670255931882,-1.6,0.0,10,none
grid_5_moderate,routing_reroutes,vsl_only_vs_routing_only,vsl_only,routing_only,paired_ttest,-1.6550318531021113,0.1323029609339768,0.16328299310859948,-0.5233670255931882,-1.6,0.0,10,none
grid_5_moderate,routing_reroutes,vsl_only_vs_routing_only,vsl_only,routing_only,wilcoxon_signed_rank,0.0,0.10880943004054569,0.13731443565680132,-0.5233670255931882,-1.6,0.0,10,none
grid_5_moderate,routing_reroutes,combined_vs_signal_only,combined,signal_only,paired_ttest,10.036758969438372,3.470578729632192e-06,1.2945219670931624e-05,3.1739018669549566,94.9975,138.81,10,none
grid_5_moderate,routing_reroutes,combined_vs_signal_only,combined,signal_only,wilcoxon_signed_rank,0.0,0.001953125,0.002840909090909091,3.1739018669549566,94.9975,138.81,10,none
grid_5_moderate,routing_reroutes,combined_vs_vsl_only,combined,vsl_only,paired_ttest,10.036758969438372,3.470578729632192e-06,1.2945219670931624e-05,3.1739018669549566,94.9975,138.81,10,none
grid_5_moderate,routing_reroutes,combined_vs_vsl_only,combined,vsl_only,wilcoxon_signed_rank,0.0,0.001953125,0.002840909090909091,3.1739018669549566,94.9975,138.81,10,none
grid_5_moderate,routing_reroutes,combined_vs_routing_only,combined,routing_only,paired_ttest,10.21488954412445,2.9970301057217306e-06,1.1562691343220492e-05,3.230231700647231,94.7975,137.7025,10,none
grid_5_moderate,routing_reroutes,combined_vs_routing_only,combined,routing_only,wilcoxon_signed_rank,0.0,0.001953125,0.002840909090909091,3.230231700647231,94.7975,137.7025,10,none
grid_5_moderate,max_predicted_congestion_observed,signal_only_vs_baseline,signal_only,baseline,paired_ttest,18.786168845942687,1.5760844778922338e-08,1.1575177804847881e-07,5.9407082061675744,0.13708904446689119,0.16904835469800805,10,none
grid_5_moderate,max_predicted_congestion_observed,signal_only_vs_baseline,signal_only,baseline,wilcoxon_signed_rank,0.0,0.001953125,0.002840909090909091,5.9407082061675744,0.13708904446689119,0.16904835469800805,10,none
grid_5_moderate,max_predicted_congestion_observed,vsl_only_vs_baseline,vsl_only,baseline,paired_ttest,9.815669442261946,4.176670017989822e-06,1.4969185344475521e-05,3.1039872196862364,0.040351619431471565,0.06005570097460058,10,none
grid_5_moderate,max_predicted_congestion_observed,vsl_only_vs_baseline,vsl_only,baseline,wilcoxon_signed_rank,0.0,0.001953125,0.002840909090909091,3.1039872196862364,0.040351619431471565,0.06005570097460058,10,none
grid_5_moderate,max_predicted_congestion_observed,routing_only_vs_baseline,routing_only,baseline,paired_ttest,2.1306480118300084,0.06195618976579852,0.07998954759388396,0.6737700609492209,0.0008111776916273857,0.0132064027972733,10,none
grid_5_moderate,max_predicted_congestion_observed,routing_only_vs_baseline,routing_only,baseline,wilcoxon_signed_rank,6.0,0.09289194088370534,0.11856293309373217,0.6737700609492209,0.0008111776916273857,0.0132064027972733,10,none
grid_5_moderate,max_predicted_congestion_observed,signal_and_routing_vs_baseline,signal_and_routing,baseline,paired_ttest,21.52315556082809,4.748173752569134e-09,4.9469345143045864e-08,6.806219400633549,0.13354953322023744,0.16116643149120785,10,none
grid_5_moderate,max_predicted_congestion_observed,signal_and_routing_vs_baseline,signal_and_routing,baseline,wilcoxon_signed_rank,0.0,0.001953125,0.002840909090909091,6.806219400633549,0.13354953322023744,0.16116643149120785,10,none
grid_5_moderate,max_predicted_congestion_observed,signal_and_vsl_vs_baseline,signal_and_vsl,baseline,paired_ttest,9.101276762755028,7.790452905639788e-06,2.6440325013080496e-05,2.878076418586981,0.07397289943343728,0.11076667438736078,10,none
grid_5_moderate,max_predicted_congestion_observed,signal_and_vsl_vs_baseline,signal_and_vsl,baseline,wilcoxon_signed_rank,0.0,0.001953125,0.002840909090909091,2.878076418586981,0.07397289943343728,0.11076667438736078,10,none
grid_5_moderate,max_predicted_congestion_observed,vsl_and_routing_vs_baseline,vsl_and_routing,baseline,paired_ttest,7.10505620691633,5.6356978854089154e-05,0.0001753328231016107,2.246816051737219,0.029035960698797308,0.049932051866021315,10,none
grid_5_moderate,max_predicted_congestion_observed,vsl_and_routing_vs_baseline,vsl_and_routing,baseline,wilcoxon_signed_rank,0.0,0.001953125,0.002840909090909091,2.246816051737219,0.029035960698797308,0.049932051866021315,10,none
grid_5_moderate,max_predicted_congestion_observed,combined_vs_baseline,combined,baseline,paired_ttest,9.293449959295916,6.562088492413898e-06,2.3331870195249413e-05,2.938846919217421,0.06977306537356404,0.1024683920543361,10,none
grid_5_moderate,max_predicted_congestion_observed,combined_vs_baseline,combined,baseline,wilcoxon_signed_rank,0.0,0.001953125,0.002840909090909091,2.938846919217421,0.06977306537356404,0.1024683920543361,10,none
grid_5_moderate,max_predicted_congestion_observed,signal_and_routing_vs_signal_only,signal_and_routing,signal_only,paired_ttest,-1.2703325465811774,0.23582203118949283,0.28097944141726805,-0.40171442330384655,-0.01585497467687088,0.0017811479365607687,10,none
grid_5_moderate,max_predicted_congestion_observed,signal_and_routing_vs_signal_only,signal_and_routing,signal_only,wilcoxon_signed_rank,15.0,0.3742593192802244,0.4332510982882184,-0.40171442330384655,-0.01585497467687088,0.0017811479365607687,10,none
grid_5_moderate,max_predicted_congestion_observed,signal_and_routing_vs_routing_only,signal_and_routing,routing_only,paired_ttest,21.4432172345302,4.907017724877161e-09,4.9962362289658365e-08,6.780940682289242,0.12741665915924036,0.1529626141584396,10,none
grid_5_moderate,max_predicted_congestion_observed,signal_and_routing_vs_routing_only,signal_and_routing,routing_only,wilcoxon_signed_rank,0.0,0.001953125,0.002840909090909091,6.780940682289242,0.12741665915924036,0.1529626141584396,10,none
grid_5_moderate,max_predicted_congestion_observed,signal_and_routing_vs_combined,signal_and_routing,combined,paired_ttest,6.5688459742224135,0.00010290519272824351,0.0003114967996098182,2.077251487737053,0.04181776033282533,0.07454664065867876,10,none
grid_5_moderate,max_predicted_congestion_observed,signal_and_routing_vs_combined,signal_and_routing,combined,wilcoxon_signed_rank,0.0,0.001953125,0.002840909090909091,2.077251487737053,0.04181776033282533,0.07454664065867876,10,none
grid_5_moderate,max_predicted_congestion_observed,signal_only_vs_vsl_only,signal_only,vsl_only,paired_ttest,13.912120993903171,2.1654740067285974e-07,1.090036353948777e-06,4.399398942457951,0.08798113717014935,0.11667191453235709,10,none
grid_5_moderate,max_predicted_congestion_observed,signal_only_vs_vsl_only,signal_only,vsl_only,wilcoxon_signed_rank,0.0,0.001953125,0.002840909090909091,4.399398942457951,0.08798113717014935,0.11667191453235709,10,none
grid_5_moderate,max_predicted_congestion_observed,signal_only_vs_routing_only,signal_only,routing_only,paired_ttest,17.330912847814364,3.1989924368622643e-08,2.1075714878151388e-07,5.4805158528968505,0.13021574805981467,0.16294518983272333,10,none
grid_5_moderate,max_predicted_congestion_observed,signal_only_vs_routing_only,signal_only,routing_only,wilcoxon_signed_rank,0.0,0.001953125,0.002840909090909091,5.4805158528968505,0.13021574805981467,0.16294518983272333,10,none
grid_5_moderate,max_predicted_congestion_observed,vsl_only_vs_routing_only,vsl_only,routing_only,paired_ttest,5.979479379324912,0.00020766586726300623,0.0006243913324417905,1.8908774060676656,0.03031646671027457,0.05723870720906673,10,none
grid_5_moderate,max_predicted_congestion_observed,vsl_only_vs_routing_only,vsl_only,routing_only,wilcoxon_signed_rank,0.0,0.001953125,0.002840909090909091,1.8908774060676656,0.03031646671027457,0.05723870720906673,10,none
grid_5_moderate,max_predicted_congestion_observed,combined_vs_signal_only,combined,signal_only,paired_ttest,-10.508784182037965,2.363895757543232e-06,9.289695608590946e-06,-3.32316934543895,-0.0763705078443455,-0.053307501547161316,10,none
grid_5_moderate,max_predicted_congestion_observed,combined_vs_signal_only,combined,signal_only,wilcoxon_signed_rank,0.0,0.001953125,0.002840909090909091,-3.32316934543895,-0.0763705078443455,-0.053307501547161316,10,none
grid_5_moderate,max_predicted_congestion_observed,combined_vs_vsl_only,combined,vsl_only,paired_ttest,3.635315513330775,0.005440408229842166,0.007664474487324812,1.1495877035469455,0.01741019183176521,0.05425331483912641,10,none
grid_5_moderate,max_predicted_congestion_observed,combined_vs_vsl_only,combined,vsl_only,wilcoxon_signed_rank,5.0,0.01953125,0.026595744680851064,1.1495877035469455,0.01741019183176521,0.05425331483912641,10,none
grid_5_moderate,max_predicted_congestion_observed,combined_vs_routing_only,combined,routing_only,paired_ttest,9.080726816321942,7.936118579885779e-06,2.6532694953647976e-05,2.871577954934681,0.06432876608441186,0.09587624718569746,10,none
grid_5_moderate,max_predicted_congestion_observed,combined_vs_routing_only,combined,routing_only,wilcoxon_signed_rank,0.0,0.001953125,0.002840909090909091,2.871577954934681,0.06432876608441186,0.09587624718569746,10,none
